#pragma once
#include <Arduino.h>

// 86x50 RGB565 logos. All eight brand logos use the exact ImageConverter 565 Online exports supplied by the user.
static constexpr uint16_t STATION_LOGO_W = 86;
static constexpr uint16_t STATION_LOGO_H = 50;

static const uint16_t logo_aral[STATION_LOGO_W * STATION_LOGO_H] PROGMEM = {
0x0000, 0x0000, 0x0000, 0x0000, 0x0000, 0x0000, 0x0000, 0x0000, 0x0000, 0x0000, 0x0000, 0x0000, 0x0000, 0x0000, 0x0000, 0x0000,   // 0x0010 (16) pixels
0x0000, 0x0000, 0x0000, 0x0000, 0x0000, 0x0000, 0x0000, 0x0000, 0x0000, 0x0000, 0x0000, 0x0000, 0x0000, 0x0000, 0x0000, 0x0000,   // 0x0020 (32) pixels
0x0000, 0x0000, 0x0000, 0x0000, 0x0000, 0x0000, 0x0000, 0x0000, 0x0840, 0x33F7, 0x0840, 0x0000, 0x0000, 0x0000, 0x0000, 0x0000,   // 0x0030 (48) pixels
0x0000, 0x0000, 0x0000, 0x0000, 0x0000, 0x0000, 0x0000, 0x0000, 0x0000, 0x0000, 0x0000, 0x0000, 0x0000, 0x0000, 0x0000, 0x0000,   // 0x0040 (64) pixels
0x0000, 0x0000, 0x0000, 0x0000, 0x0000, 0x0000, 0x0000, 0x0000, 0x0000, 0x0000, 0x0000, 0x0000, 0x0000, 0x0000, 0x0000, 0x0000,   // 0x0050 (80) pixels
0x0000, 0x0000, 0x0000, 0x0000, 0x0000, 0x0000, 0x0000, 0x0000, 0x0000, 0x0000, 0x0000, 0x0000, 0x0000, 0x0000, 0x0000, 0x0000,   // 0x0060 (96) pixels
0x0000, 0x0000, 0x0000, 0x0000, 0x0000, 0x0000, 0x0000, 0x0000, 0x0000, 0x0000, 0x0000, 0x0000, 0x0000, 0x0000, 0x0000, 0x0000,   // 0x0070 (112) pixels
0x0000, 0x0000, 0x0000, 0x0000, 0x0000, 0x0000, 0x0000, 0x0000, 0x0000, 0x0000, 0x0000, 0x0000, 0x0000, 0x0840, 0x2419, 0x1397,   // 0x0080 (128) pixels
0x2419, 0x0840, 0x0000, 0x0000, 0x0000, 0x0000, 0x0000, 0x0000, 0x0000, 0x0000, 0x0000, 0x0000, 0x0000, 0x0000, 0x0000, 0x0000,   // 0x0090 (144) pixels
0x0000, 0x0000, 0x0000, 0x0000, 0x0000, 0x0000, 0x0000, 0x0000, 0x0000, 0x0000, 0x0000, 0x0000, 0x0000, 0x0000, 0x0000, 0x0000,   // 0x00A0 (160) pixels
0x0000, 0x0000, 0x0000, 0x0000, 0x0000, 0x0000, 0x0000, 0x0000, 0x0000, 0x0000, 0x0000, 0x0000, 0x0000, 0x0000, 0x0000, 0x0000,   // 0x00B0 (176) pixels
0x0000, 0x0000, 0x0000, 0x0000, 0x0000, 0x0000, 0x0000, 0x0000, 0x0000, 0x0000, 0x0000, 0x0000, 0x0000, 0x0000, 0x0000, 0x0000,   // 0x00C0 (192) pixels
0x0000, 0x0000, 0x0000, 0x0000, 0x0000, 0x0000, 0x0000, 0x0000, 0x0000, 0x0000, 0x0000, 0x0000, 0x0000, 0x0000, 0x0000, 0x0000,   // 0x00D0 (208) pixels
0x0000, 0x0000, 0x0840, 0x2419, 0x1397, 0x1397, 0x1397, 0x2419, 0x0840, 0x0000, 0x0000, 0x0000, 0x0000, 0x0000, 0x0000, 0x0000,   // 0x00E0 (224) pixels
0x0000, 0x0000, 0x0000, 0x0000, 0x0000, 0x0000, 0x0000, 0x0000, 0x0000, 0x0000, 0x0000, 0x0000, 0x0000, 0x0000, 0x0000, 0x0000,   // 0x00F0 (240) pixels
0x0000, 0x0000, 0x0000, 0x0000, 0x0000, 0x0000, 0x0000, 0x0000, 0x0000, 0x0000, 0x0000, 0x0000, 0x0000, 0x0000, 0x0000, 0x0000,   // 0x0100 (256) pixels
0x0000, 0x0000, 0x0000, 0x0000, 0x0000, 0x0000, 0x0000, 0x0000, 0x0000, 0x0000, 0x0000, 0x0000, 0x0000, 0x0000, 0x0000, 0x0000,   // 0x0110 (272) pixels
0x0000, 0x0000, 0x0000, 0x0000, 0x0000, 0x0000, 0x0000, 0x0000, 0x0000, 0x0000, 0x0000, 0x0000, 0x0000, 0x0000, 0x0000, 0x0000,   // 0x0120 (288) pixels
0x0000, 0x0000, 0x0000, 0x0000, 0x0000, 0x0000, 0x0000, 0x0820, 0x2419, 0x1397, 0x1397, 0x1397, 0x1397, 0x1397, 0x2C19, 0x0820,   // 0x0130 (304) pixels
0x0000, 0x0000, 0x0000, 0x0000, 0x0000, 0x0000, 0x0000, 0x0000, 0x0000, 0x0000, 0x0000, 0x0000, 0x0000, 0x0000, 0x0000, 0x0000,   // 0x0140 (320) pixels
0x0000, 0x0000, 0x0000, 0x0000, 0x0000, 0x0000, 0x0000, 0x0000, 0x0000, 0x0000, 0x0000, 0x0000, 0x0000, 0x0000, 0x0000, 0x0000,   // 0x0150 (336) pixels
0x0000, 0x0000, 0x0000, 0x0000, 0x0000, 0x0000, 0x0000, 0x0000, 0x0000, 0x0000, 0x0000, 0x0000, 0x0000, 0x0000, 0x0000, 0x0000,   // 0x0160 (352) pixels
0x0000, 0x0000, 0x0000, 0x0000, 0x0000, 0x0000, 0x0000, 0x0000, 0x0000, 0x0000, 0x0000, 0x0000, 0x0000, 0x0000, 0x0000, 0x0000,   // 0x0170 (368) pixels
0x0000, 0x0000, 0x0000, 0x0000, 0x0000, 0x0000, 0x0000, 0x0000, 0x0000, 0x0000, 0x0000, 0x0000, 0x0820, 0x2418, 0x1397, 0x1397,   // 0x0180 (384) pixels
0x1397, 0x1397, 0x1397, 0x1397, 0x1397, 0x2C19, 0x0820, 0x0000, 0x0000, 0x0000, 0x0000, 0x0000, 0x0000, 0x0000, 0x0000, 0x0000,   // 0x0190 (400) pixels
0x0000, 0x0000, 0x0000, 0x0000, 0x0000, 0x0000, 0x0000, 0x0000, 0x0000, 0x0000, 0x0000, 0x0000, 0x0000, 0x0000, 0x0000, 0x0000,   // 0x01A0 (416) pixels
0x0000, 0x0000, 0x0000, 0x0000, 0x0000, 0x0000, 0x0000, 0x0000, 0x0000, 0x0000, 0x0000, 0x0000, 0x0000, 0x0000, 0x0000, 0x0000,   // 0x01B0 (432) pixels
0x0000, 0x0000, 0x0000, 0x0000, 0x0000, 0x0000, 0x0000, 0x0000, 0x0000, 0x0000, 0x0000, 0x0000, 0x0000, 0x0000, 0x0000, 0x0000,   // 0x01C0 (448) pixels
0x0000, 0x0000, 0x0000, 0x0000, 0x0000, 0x0000, 0x0000, 0x0000, 0x0000, 0x0000, 0x0000, 0x0000, 0x0000, 0x0000, 0x0000, 0x0000,   // 0x01D0 (464) pixels
0x0000, 0x0800, 0x2BF8, 0x1397, 0x1397, 0x1397, 0x1397, 0x1397, 0x1397, 0x1397, 0x1397, 0x1397, 0x2C18, 0x0800, 0x0000, 0x0000,   // 0x01E0 (480) pixels
0x0000, 0x0000, 0x0000, 0x0000, 0x0000, 0x0000, 0x0000, 0x0000, 0x0000, 0x0000, 0x0000, 0x0000, 0x0000, 0x0000, 0x0000, 0x0000,   // 0x01F0 (496) pixels
0x0000, 0x0000, 0x0000, 0x0000, 0x0000, 0x0000, 0x0000, 0x0000, 0x0000, 0x0000, 0x0000, 0x0000, 0x0000, 0x0000, 0x0000, 0x0000,   // 0x0200 (512) pixels
0x0000, 0x0000, 0x0000, 0x0000, 0x0000, 0x0000, 0x0000, 0x0000, 0x0000, 0x0000, 0x0000, 0x0000, 0x0000, 0x0000, 0x0000, 0x0000,   // 0x0210 (528) pixels
0x0000, 0x0000, 0x0000, 0x0000, 0x0000, 0x0000, 0x0000, 0x0000, 0x0000, 0x0000, 0x0000, 0x0000, 0x0000, 0x0000, 0x0000, 0x0000,   // 0x0220 (544) pixels
0x0000, 0x0000, 0x0000, 0x0000, 0x0000, 0x0000, 0x0800, 0x2BF8, 0x1397, 0x1397, 0x1397, 0x1397, 0x1397, 0x1397, 0x1397, 0x1397,   // 0x0230 (560) pixels
0x1397, 0x1397, 0x1397, 0x2BF8, 0x0800, 0x0000, 0x0000, 0x0000, 0x0000, 0x0000, 0x0000, 0x0000, 0x0000, 0x0000, 0x0000, 0x0000,   // 0x0240 (576) pixels
0x0000, 0x0000, 0x0000, 0x0000, 0x0000, 0x0000, 0x0000, 0x0000, 0x0000, 0x0000, 0x0000, 0x0000, 0x0000, 0x0000, 0x0000, 0x0000,   // 0x0250 (592) pixels
0x0000, 0x0000, 0x0000, 0x0000, 0x0000, 0x0000, 0x0000, 0x0000, 0x0000, 0x0000, 0x0000, 0x0000, 0x0000, 0x0000, 0x0000, 0x0000,   // 0x0260 (608) pixels
0x0000, 0x0000, 0x0000, 0x0000, 0x0000, 0x0000, 0x0000, 0x0000, 0x0000, 0x0000, 0x0000, 0x0000, 0x0000, 0x0000, 0x0000, 0x0000,   // 0x0270 (624) pixels
0x0000, 0x0000, 0x0000, 0x0000, 0x0000, 0x0000, 0x0000, 0x0000, 0x0000, 0x0000, 0x0000, 0x0800, 0x2BF8, 0x1397, 0x1397, 0x1397,   // 0x0280 (640) pixels
0x1397, 0x1397, 0x1397, 0x1397, 0x1397, 0x1397, 0x1397, 0x1397, 0x1397, 0x1397, 0x2BF8, 0x0800, 0x0000, 0x0000, 0x0000, 0x0000,   // 0x0290 (656) pixels
0x0000, 0x0000, 0x0000, 0x0000, 0x0000, 0x0000, 0x0000, 0x0000, 0x0000, 0x0000, 0x0000, 0x0000, 0x0000, 0x0000, 0x0000, 0x0000,   // 0x02A0 (672) pixels
0x0000, 0x0000, 0x0000, 0x0000, 0x0000, 0x0000, 0x0000, 0x0000, 0x0000, 0x0000, 0x0000, 0x0000, 0x0000, 0x0000, 0x0000, 0x0000,   // 0x02B0 (688) pixels
0x0000, 0x0000, 0x0000, 0x0000, 0x0000, 0x0000, 0x0000, 0x0000, 0x0000, 0x0000, 0x0000, 0x0000, 0x0000, 0x0000, 0x0000, 0x0000,   // 0x02C0 (704) pixels
0x0000, 0x0000, 0x0000, 0x0000, 0x0000, 0x0000, 0x0000, 0x0000, 0x0000, 0x0000, 0x0000, 0x0000, 0x0000, 0x0000, 0x0000, 0x0000,   // 0x02D0 (720) pixels
0x0000, 0x2BF7, 0x1397, 0x1397, 0x1397, 0x1397, 0x1397, 0x1397, 0x1397, 0x1397, 0x1397, 0x1397, 0x1397, 0x1397, 0x1397, 0x1397,   // 0x02E0 (736) pixels
0x1397, 0x2BF7, 0x0800, 0x0000, 0x0000, 0x0000, 0x0000, 0x0000, 0x0000, 0x0000, 0x0000, 0x0000, 0x0000, 0x0000, 0x0000, 0x0000,   // 0x02F0 (752) pixels
0x0000, 0x0000, 0x0000, 0x0000, 0x0000, 0x0000, 0x0000, 0x0000, 0x0000, 0x0000, 0x0000, 0x0000, 0x0000, 0x0000, 0x0000, 0x0000,   // 0x0300 (768) pixels
0x0000, 0x0000, 0x0000, 0x0000, 0x0000, 0x0000, 0x0000, 0x0000, 0x0000, 0x0000, 0x0000, 0x0000, 0x0000, 0x0000, 0x0000, 0x0000,   // 0x0310 (784) pixels
0x0000, 0x0000, 0x0000, 0x0000, 0x0000, 0x0000, 0x0000, 0x0000, 0x0000, 0x0000, 0x0000, 0x0000, 0x0000, 0x0000, 0x0000, 0x0000,   // 0x0320 (800) pixels
0x0000, 0x0000, 0x0000, 0x0000, 0x0000, 0x0000, 0x2BD7, 0x1397, 0x1397, 0x1397, 0x1397, 0x1397, 0x1397, 0x1397, 0x1397, 0x1397,   // 0x0330 (816) pixels
0x1397, 0x1397, 0x1397, 0x1397, 0x1397, 0x1397, 0x1397, 0x1397, 0x2BD7, 0x0000, 0x0000, 0x0000, 0x0000, 0x0000, 0x0000, 0x0000,   // 0x0340 (832) pixels
0x0000, 0x0000, 0x0000, 0x0000, 0x0000, 0x0000, 0x0000, 0x0000, 0x0000, 0x0000, 0x0000, 0x0000, 0x0000, 0x0000, 0x0000, 0x0000,   // 0x0350 (848) pixels
0x0000, 0x0000, 0x0000, 0x0000, 0x0000, 0x0000, 0x0000, 0x0000, 0x0000, 0x0000, 0x0000, 0x0000, 0x0000, 0x0000, 0x0000, 0x0000,   // 0x0360 (864) pixels
0x0000, 0x0000, 0x0000, 0x0000, 0x0000, 0x0000, 0x0000, 0x0000, 0x0000, 0x0000, 0x0000, 0x0000, 0x0000, 0x0000, 0x0000, 0x0000,   // 0x0370 (880) pixels
0x0000, 0x0000, 0x0000, 0x0000, 0x0000, 0x0000, 0x0000, 0x0000, 0x0000, 0x0000, 0x0000, 0x2BD7, 0x1397, 0x1397, 0x1397, 0x1397,   // 0x0380 (896) pixels
0x1397, 0x1397, 0x1397, 0x1397, 0x1397, 0x1397, 0x1397, 0x1397, 0x1397, 0x1397, 0x1397, 0x1397, 0x1397, 0x1397, 0x1397, 0x2BD7,   // 0x0390 (912) pixels
0x0000, 0x0000, 0x0000, 0x0000, 0x0000, 0x0000, 0x0000, 0x0000, 0x0000, 0x0000, 0x0000, 0x0000, 0x0000, 0x0000, 0x0000, 0x0000,   // 0x03A0 (928) pixels
0x0000, 0x0000, 0x0000, 0x0000, 0x0000, 0x0000, 0x0000, 0x0000, 0x0000, 0x0000, 0x0000, 0x0000, 0x0000, 0x0000, 0x0000, 0x0000,   // 0x03B0 (944) pixels
0x0000, 0x0000, 0x0000, 0x0000, 0x0000, 0x0000, 0x0000, 0x0000, 0x0000, 0x0000, 0x0000, 0x0000, 0x0000, 0x0000, 0x0000, 0x0000,   // 0x03C0 (960) pixels
0x0000, 0x0000, 0x0000, 0x0000, 0x0000, 0x0000, 0x0000, 0x0000, 0x0000, 0x0000, 0x0000, 0x0000, 0x0000, 0x0000, 0x0000, 0x0000,   // 0x03D0 (976) pixels
0x2BD7, 0x1397, 0x1397, 0x1397, 0x1397, 0x1397, 0x1397, 0x1397, 0x1397, 0x1397, 0x1397, 0x1397, 0x1397, 0x1397, 0x1397, 0x1397,   // 0x03E0 (992) pixels
0x1397, 0x1397, 0x1397, 0x1397, 0x1397, 0x1397, 0x2BD7, 0x0000, 0x0000, 0x0000, 0x0000, 0x0000, 0x0000, 0x0000, 0x0000, 0x0000,   // 0x03F0 (1008) pixels
0x0000, 0x0000, 0x0000, 0x0000, 0x0000, 0x0000, 0x0000, 0x0000, 0x0000, 0x0000, 0x0000, 0x0000, 0x0000, 0x0000, 0x0000, 0x0000,   // 0x0400 (1024) pixels
0x0000, 0x0000, 0x0000, 0x0000, 0x0000, 0x0000, 0x0000, 0x0000, 0x0000, 0x0000, 0x0000, 0x0000, 0x0000, 0x0000, 0x0000, 0x0000,   // 0x0410 (1040) pixels
0x0000, 0x0000, 0x0000, 0x0000, 0x0000, 0x0000, 0x0000, 0x0000, 0x0000, 0x0000, 0x0000, 0x0000, 0x0000, 0x0000, 0x0000, 0x0000,   // 0x0420 (1056) pixels
0x0000, 0x0000, 0x0000, 0x0000, 0x0000, 0x2BD6, 0x1398, 0x1397, 0x1397, 0x1397, 0x1397, 0x1397, 0x1397, 0x1397, 0x1397, 0x1397,   // 0x0430 (1072) pixels
0x1397, 0x1397, 0x1397, 0x1397, 0x1397, 0x1397, 0x1397, 0x1397, 0x1397, 0x1397, 0x1397, 0x1397, 0x1397, 0x2BD6, 0x0000, 0x0000,   // 0x0440 (1088) pixels
0x0000, 0x0000, 0x0000, 0x0000, 0x0000, 0x0000, 0x0000, 0x0000, 0x0000, 0x0000, 0x0000, 0x0000, 0x0000, 0x0000, 0x0000, 0x0000,   // 0x0450 (1104) pixels
0x0000, 0x0000, 0x0000, 0x0000, 0x0000, 0x0000, 0x0000, 0x0000, 0x0000, 0x0000, 0x0000, 0x0000, 0x0000, 0x0000, 0x0000, 0x0000,   // 0x0460 (1120) pixels
0x0000, 0x0000, 0x0000, 0x0000, 0x0000, 0x0000, 0x0000, 0x0000, 0x0000, 0x0000, 0x0000, 0x0000, 0x0000, 0x0000, 0x0000, 0x0000,   // 0x0470 (1136) pixels
0x0000, 0x0000, 0x0000, 0x0000, 0x0000, 0x0000, 0x0000, 0x0000, 0x0000, 0x0000, 0x2BB6, 0x1398, 0x1397, 0x1397, 0x1397, 0x1397,   // 0x0480 (1152) pixels
0x1397, 0x1397, 0x1397, 0x1397, 0x1397, 0x1397, 0x1397, 0x1397, 0x1397, 0x1397, 0x1397, 0x1397, 0x1397, 0x1397, 0x1397, 0x1397,   // 0x0490 (1168) pixels
0x1397, 0x1397, 0x1397, 0x1398, 0x2BD6, 0x0000, 0x0000, 0x0000, 0x0000, 0x0000, 0x0000, 0x0000, 0x0000, 0x0000, 0x0000, 0x0000,   // 0x04A0 (1184) pixels
0x0000, 0x0000, 0x0000, 0x0000, 0x0000, 0x0000, 0x0000, 0x0000, 0x0000, 0x0000, 0x0000, 0x0000, 0x0000, 0x0000, 0x0000, 0x0000,   // 0x04B0 (1200) pixels
0x0000, 0x0000, 0x0000, 0x0000, 0x0000, 0x0000, 0x0000, 0x0000, 0x0000, 0x0000, 0x0000, 0x0000, 0x0000, 0x0000, 0x0000, 0x0000,   // 0x04C0 (1216) pixels
0x0000, 0x0000, 0x0000, 0x0000, 0x0000, 0x0000, 0x0000, 0x0000, 0x0000, 0x0000, 0x0000, 0x0000, 0x0000, 0x0000, 0x0000, 0x2BB6,   // 0x04D0 (1232) pixels
0x1398, 0x1397, 0x1397, 0x1397, 0x1397, 0x1397, 0x1397, 0x1397, 0x1397, 0x1397, 0x1397, 0x1397, 0x1397, 0x1397, 0x1397, 0x1397,   // 0x04E0 (1248) pixels
0x1397, 0x1397, 0x1397, 0x1397, 0x1397, 0x1397, 0x1397, 0x1397, 0x1397, 0x1397, 0x1398, 0x2BB6, 0x0000, 0x0000, 0x0000, 0x0000,   // 0x04F0 (1264) pixels
0x0000, 0x0000, 0x0000, 0x0000, 0x0000, 0x0000, 0x0000, 0x0000, 0x0000, 0x0000, 0x0000, 0x0000, 0x0000, 0x0000, 0x0000, 0x0000,   // 0x0500 (1280) pixels
0x0000, 0x0000, 0x0000, 0x0000, 0x0000, 0x0000, 0x0000, 0x0000, 0x0000, 0x0000, 0x0000, 0x0000, 0x0000, 0x0000, 0x0000, 0x0000,   // 0x0510 (1296) pixels
0x0000, 0x0000, 0x0000, 0x0000, 0x0000, 0x0000, 0x0000, 0x0000, 0x0000, 0x0000, 0x0000, 0x0000, 0x0000, 0x0000, 0x0000, 0x0000,   // 0x0520 (1312) pixels
0x0000, 0x0000, 0x0000, 0x0000, 0x2BB6, 0x1398, 0x1397, 0x1397, 0x1397, 0x1397, 0x1397, 0x1397, 0x1397, 0x1397, 0x1397, 0x1397,   // 0x0530 (1328) pixels
0x1397, 0x1397, 0x1397, 0x1397, 0x1397, 0x1397, 0x1397, 0x1397, 0x1397, 0x1397, 0x1397, 0x1397, 0x1397, 0x1397, 0x1397, 0x1397,   // 0x0540 (1344) pixels
0x1397, 0x1398, 0x2BB6, 0x0000, 0x0000, 0x0000, 0x0000, 0x0000, 0x0000, 0x0000, 0x0000, 0x0000, 0x0000, 0x0000, 0x0000, 0x0000,   // 0x0550 (1360) pixels
0x0000, 0x0000, 0x0000, 0x0000, 0x0000, 0x0000, 0x0000, 0x0000, 0x0000, 0x0000, 0x0000, 0x0000, 0x0000, 0x0000, 0x0000, 0x0000,   // 0x0560 (1376) pixels
0x0000, 0x0000, 0x0000, 0x0000, 0x0000, 0x0000, 0x0000, 0x0000, 0x0000, 0x0000, 0x0000, 0x0000, 0x0000, 0x0000, 0x0000, 0x0000,   // 0x0570 (1392) pixels
0x0000, 0x0000, 0x0000, 0x0000, 0x0000, 0x0000, 0x0000, 0x0000, 0x0000, 0x2BB5, 0x1398, 0x1397, 0x1397, 0x1397, 0x1397, 0x1397,   // 0x0580 (1408) pixels
0x1397, 0x1397, 0x1397, 0x1397, 0x1397, 0x1397, 0x1397, 0x1397, 0x1397, 0x1397, 0x1397, 0x1397, 0x1397, 0x1397, 0x1397, 0x1397,   // 0x0590 (1424) pixels
0x1397, 0x1397, 0x1397, 0x1397, 0x1397, 0x1397, 0x1397, 0x1397, 0x1398, 0x2BB5, 0x0000, 0x0000, 0x0000, 0x0000, 0x0000, 0x0000,   // 0x05A0 (1440) pixels
0x0000, 0x0000, 0x0000, 0x0000, 0x0000, 0x0000, 0x0000, 0x0000, 0x0000, 0x0000, 0x0000, 0x0000, 0x0000, 0x0000, 0x0000, 0x0000,   // 0x05B0 (1456) pixels
0x0000, 0x0000, 0x0000, 0x0000, 0x0000, 0x0000, 0x0000, 0x0000, 0x0000, 0x0000, 0x0000, 0x0000, 0x0000, 0x0000, 0x0000, 0x0000,   // 0x05C0 (1472) pixels
0x0000, 0x0000, 0x0000, 0x0000, 0x0000, 0x0000, 0x0000, 0x0000, 0x0000, 0x0000, 0x0000, 0x0000, 0x0000, 0x0000, 0x2B95, 0x1398,   // 0x05D0 (1488) pixels
0x1377, 0x0B36, 0x0B36, 0x1377, 0x1397, 0x1397, 0x1397, 0x1377, 0x0B76, 0x0B56, 0x0B56, 0x0B56, 0x0B56, 0x1376, 0x1377, 0x1397,   // 0x05E0 (1504) pixels
0x1397, 0x1397, 0x1397, 0x1376, 0x0336, 0x0B56, 0x1377, 0x1397, 0x1397, 0x1397, 0x1376, 0x0336, 0x0B56, 0x1397, 0x1397, 0x1398,   // 0x05F0 (1520) pixels
0x2B95, 0x0000, 0x0000, 0x0000, 0x0000, 0x0000, 0x0000, 0x0000, 0x0000, 0x0000, 0x0000, 0x0000, 0x0000, 0x0000, 0x0000, 0x0000,   // 0x0600 (1536) pixels
0x0000, 0x0000, 0x0000, 0x0000, 0x0000, 0x0000, 0x0000, 0x0000, 0x0000, 0x0000, 0x0000, 0x0000, 0x0000, 0x0000, 0x0000, 0x0000,   // 0x0610 (1552) pixels
0x0000, 0x0000, 0x0000, 0x0000, 0x0000, 0x0000, 0x0000, 0x0000, 0x0000, 0x0000, 0x0000, 0x0000, 0x0000, 0x0000, 0x0000, 0x0000,   // 0x0620 (1568) pixels
0x0000, 0x0000, 0x0000, 0x2B95, 0x13B8, 0x1376, 0x1377, 0x8DDB, 0x8DDB, 0x1377, 0x1376, 0x1397, 0x1377, 0x0336, 0x3C38, 0x54B9,   // 0x0630 (1584) pixels
0x54B9, 0x54B9, 0x54B9, 0x3418, 0x0316, 0x1377, 0x1397, 0x1397, 0x0B56, 0x2BF7, 0x95FB, 0x7D7A, 0x0336, 0x1377, 0x1397, 0x1376,   // 0x0640 (1600) pixels
0x23B7, 0x9E1C, 0x4458, 0x0B56, 0x1397, 0x1397, 0x1398, 0x2B95, 0x0000, 0x0000, 0x0000, 0x0000, 0x0000, 0x0000, 0x0000, 0x0000,   // 0x0650 (1616) pixels
0x0000, 0x0000, 0x0000, 0x0000, 0x0000, 0x0000, 0x0000, 0x0000, 0x0000, 0x0000, 0x0000, 0x0000, 0x0000, 0x0000, 0x0000, 0x0000,   // 0x0660 (1632) pixels
0x0000, 0x0000, 0x0000, 0x0000, 0x0000, 0x0000, 0x0000, 0x0000, 0x0000, 0x0000, 0x0000, 0x0000, 0x0000, 0x0000, 0x0000, 0x0000,   // 0x0670 (1648) pixels
0x0000, 0x0000, 0x0000, 0x0000, 0x0000, 0x0000, 0x0000, 0x0000, 0x2B74, 0x13B8, 0x1377, 0x0316, 0xFFFF, 0xFFFF, 0xFFFF, 0xFFFF,   // 0x0680 (1664) pixels
0x0316, 0x1377, 0x0336, 0xA63C, 0xFFFF, 0xFFFF, 0xFFFF, 0xFFFF, 0xFFFF, 0xFFFF, 0xD71E, 0x0316, 0x1377, 0x1376, 0x1BB7, 0xFFFF,   // 0x0690 (1680) pixels
0xFFFF, 0xFFFF, 0xBEBD, 0x0316, 0x1397, 0x0316, 0xD71E, 0xFFFF, 0xFFFF, 0x0316, 0x1377, 0x1397, 0x1397, 0x13B8, 0x2B94, 0x0000,   // 0x06A0 (1696) pixels
0x0000, 0x0000, 0x0000, 0x0000, 0x0000, 0x0000, 0x0000, 0x0000, 0x0000, 0x0000, 0x0000, 0x0000, 0x0000, 0x0000, 0x0000, 0x0000,   // 0x06B0 (1712) pixels
0x0000, 0x0000, 0x0000, 0x0000, 0x0000, 0x0000, 0x0000, 0x0000, 0x0000, 0x0000, 0x0000, 0x0000, 0x0000, 0x0000, 0x0000, 0x0000,   // 0x06C0 (1728) pixels
0x0000, 0x0000, 0x0000, 0x0000, 0x0000, 0x0000, 0x0000, 0x0000, 0x0000, 0x0000, 0x0000, 0x0000, 0x0000, 0x2B74, 0x13B8, 0x1397,   // 0x06D0 (1744) pixels
0x0B56, 0x54D9, 0xFFFF, 0xFFFF, 0xFFFF, 0xFFFF, 0x54B9, 0x0B56, 0x0336, 0xBEBD, 0xFFFF, 0xFFFF, 0xFFFF, 0xFFFF, 0xFFFF, 0xFFFF,   // 0x06E0 (1760) pixels
0xFFFF, 0xA63C, 0x0336, 0x0336, 0x9E1C, 0xFFFF, 0xFFFF, 0xFFFF, 0xFFFF, 0x1376, 0x1377, 0x0316, 0xEF9F, 0xFFFF, 0xFFFF, 0x0316,   // 0x06F0 (1776) pixels
0x1377, 0x1397, 0x1397, 0x1397, 0x13B8, 0x2B74, 0x0000, 0x0000, 0x0000, 0x0000, 0x0000, 0x0000, 0x0000, 0x0000, 0x0000, 0x0000,   // 0x0700 (1792) pixels
0x0000, 0x0000, 0x0000, 0x0000, 0x0000, 0x0000, 0x0000, 0x0000, 0x0000, 0x0000, 0x0000, 0x0000, 0x0000, 0x0000, 0x0000, 0x0000,   // 0x0710 (1808) pixels
0x0000, 0x0000, 0x0000, 0x0000, 0x0000, 0x0000, 0x0000, 0x0000, 0x0000, 0x0000, 0x0000, 0x0000, 0x0000, 0x0000, 0x0000, 0x0000,   // 0x0720 (1824) pixels
0x0000, 0x0000, 0x2B73, 0x13B8, 0x1397, 0x1397, 0x0316, 0xB69D, 0xFFFF, 0xDF3E, 0xCF1E, 0xFFFF, 0xB69D, 0x0316, 0x0336, 0xBEBD,   // 0x0730 (1840) pixels
0xFFFF, 0xFFFF, 0x02B5, 0x0316, 0x0336, 0xEF9F, 0xFFFF, 0xFFFF, 0x0316, 0x02F6, 0xFFFF, 0xFFFF, 0xA65C, 0xFFFF, 0xFFFF, 0x6D3A,   // 0x0740 (1856) pixels
0x0B56, 0x0316, 0xE77E, 0xFFFF, 0xFFFF, 0x0316, 0x1377, 0x1397, 0x1397, 0x1397, 0x1397, 0x13B8, 0x2B74, 0x0000, 0x0000, 0x0000,   // 0x0750 (1872) pixels
0x0000, 0x0000, 0x0000, 0x0000, 0x0000, 0x0000, 0x0000, 0x0000, 0x0000, 0x0000, 0x0000, 0x0000, 0x0000, 0x0000, 0x0000, 0x0000,   // 0x0760 (1888) pixels
0x0000, 0x0000, 0x0000, 0x0000, 0x0000, 0x0000, 0x0000, 0x0000, 0x0000, 0x0000, 0x0000, 0x0000, 0x0000, 0x0000, 0x0000, 0x0000,   // 0x0770 (1904) pixels
0x0000, 0x0000, 0x0000, 0x0000, 0x0000, 0x0000, 0x0000, 0x2B53, 0x13B8, 0x1397, 0x1397, 0x1377, 0x0316, 0xFFFF, 0xFFFF, 0x95FB,   // 0x0780 (1920) pixels
0x8DBB, 0xFFFF, 0xFFFF, 0x0316, 0x0316, 0xBEBD, 0xFFFF, 0xFFFF, 0x02B5, 0x0336, 0x02B5, 0xCF1E, 0xFFFF, 0xFFFF, 0x02F6, 0x3418,   // 0x0790 (1936) pixels
0xFFFF, 0xFFFF, 0x5CD9, 0xC6DD, 0xFFFF, 0xD73E, 0x0316, 0x0316, 0xE77E, 0xFFFF, 0xFFFF, 0x0316, 0x1377, 0x1397, 0x1397, 0x1397,   // 0x07A0 (1952) pixels
0x1397, 0x1397, 0x13B8, 0x2B73, 0x0000, 0x0000, 0x0000, 0x0000, 0x0000, 0x0000, 0x0000, 0x0000, 0x0000, 0x0000, 0x0000, 0x0000,   // 0x07B0 (1968) pixels
0x0000, 0x0000, 0x0000, 0x0000, 0x0000, 0x0000, 0x0000, 0x0000, 0x0000, 0x0000, 0x0000, 0x0000, 0x0000, 0x0000, 0x0000, 0x0000,   // 0x07C0 (1984) pixels
0x0000, 0x0000, 0x0000, 0x0000, 0x0000, 0x0000, 0x0000, 0x0000, 0x0000, 0x0000, 0x0000, 0x0000, 0x2B53, 0x13B8, 0x1397, 0x1397,   // 0x07D0 (2000) pixels
0x1397, 0x0B56, 0x4C79, 0xFFFF, 0xFFFF, 0x54B9, 0x4458, 0xFFFF, 0xFFFF, 0x4C99, 0x02F6, 0xBEBD, 0xFFFF, 0xFFFF, 0x95FB, 0x9E1C,   // 0x07E0 (2016) pixels
0xBEBD, 0xFFFF, 0xFFFF, 0xC6DD, 0x02D5, 0x8DDB, 0xFFFF, 0xFFFF, 0x1B97, 0x7D7A, 0xFFFF, 0xFFFF, 0x1376, 0x02F6, 0xE77E, 0xFFFF,   // 0x07F0 (2032) pixels
0xFFFF, 0x0316, 0x1377, 0x1397, 0x1397, 0x1397, 0x1397, 0x1397, 0x1397, 0x13B8, 0x3353, 0x0000, 0x0000, 0x0000, 0x0000, 0x0000,   // 0x0800 (2048) pixels
0x0000, 0x0000, 0x0000, 0x0000, 0x0000, 0x0000, 0x0000, 0x0000, 0x0000, 0x0000, 0x0000, 0x0000, 0x0000, 0x0000, 0x0000, 0x0000,   // 0x0810 (2064) pixels
0x0000, 0x0000, 0x0000, 0x0000, 0x0000, 0x0000, 0x0000, 0x0000, 0x0000, 0x0000, 0x0000, 0x0000, 0x0000, 0x0000, 0x0000, 0x0000,   // 0x0820 (2080) pixels
0x0000, 0x2B32, 0x13B8, 0x1397, 0x1397, 0x1397, 0x1397, 0x0336, 0xAE5C, 0xFFFF, 0xFFFF, 0x23D7, 0x1377, 0xFFFF, 0xFFFF, 0xB67C,   // 0x0830 (2096) pixels
0x02D5, 0xBEBD, 0xFFFF, 0xFFFF, 0xFFFF, 0xFFFF, 0xFFFF, 0xFFFF, 0xEFBF, 0x1377, 0x02F5, 0xEFBF, 0xFFFF, 0xFFFF, 0x0336, 0x4458,   // 0x0840 (2112) pixels
0xFFFF, 0xFFFF, 0x6D3A, 0x02D5, 0xE77E, 0xFFFF, 0xFFFF, 0x0316, 0x1377, 0x1397, 0x1397, 0x1397, 0x1397, 0x1397, 0x1397, 0x1397,   // 0x0850 (2128) pixels
0x13B8, 0x2B32, 0x0000, 0x0000, 0x0000, 0x0000, 0x0000, 0x0000, 0x0000, 0x0000, 0x0000, 0x0000, 0x0000, 0x0000, 0x0000, 0x0000,   // 0x0860 (2144) pixels
0x0000, 0x0000, 0x0000, 0x0000, 0x0000, 0x0000, 0x0000, 0x0000, 0x0000, 0x0000, 0x0000, 0x0000, 0x0000, 0x0000, 0x0000, 0x0000,   // 0x0870 (2160) pixels
0x0000, 0x0000, 0x0000, 0x0000, 0x0000, 0x0000, 0x0000, 0x222C, 0x13F9, 0x1377, 0x1397, 0x1397, 0x1377, 0x0316, 0xFFFF, 0xFFFF,   // 0x0880 (2176) pixels
0xFFFF, 0xFFFF, 0xFFFF, 0xFFFF, 0xFFFF, 0xFFFF, 0x02B5, 0xBEBD, 0xFFFF, 0xFFFF, 0xB67C, 0xF7DF, 0xFFFF, 0xFFFF, 0x0336, 0x0B56,   // 0x0890 (2192) pixels
0x23D7, 0xFFFF, 0xFFFF, 0xFFFF, 0xFFFF, 0xFFFF, 0xFFFF, 0xFFFF, 0xCF1E, 0x0295, 0xE77E, 0xFFFF, 0xFFFF, 0x0316, 0x1377, 0x1397,   // 0x08A0 (2208) pixels
0x1397, 0x1397, 0x1397, 0x1397, 0x1397, 0x1377, 0x13F9, 0x220C, 0x0000, 0x0000, 0x0000, 0x0000, 0x0000, 0x0000, 0x0000, 0x0000,   // 0x08B0 (2224) pixels
0x0000, 0x0000, 0x0000, 0x0000, 0x0000, 0x0000, 0x0000, 0x0000, 0x0000, 0x0000, 0x0000, 0x0000, 0x0000, 0x0000, 0x0000, 0x0000,   // 0x08C0 (2240) pixels
0x0000, 0x0000, 0x0000, 0x0000, 0x0000, 0x0000, 0x0000, 0x0000, 0x0000, 0x0000, 0x0000, 0x0000, 0x0000, 0x0000, 0x2A6D, 0x13D9,   // 0x08D0 (2256) pixels
0x1377, 0x1397, 0x0B56, 0x3C38, 0xFFFF, 0xFFFF, 0xFFFF, 0xFFFF, 0xFFFF, 0xFFFF, 0xFFFF, 0xFFFF, 0x3418, 0xB67D, 0xFFFF, 0xFFFF,   // 0x08E0 (2272) pixels
0x0275, 0x4478, 0xFFFF, 0xFFFF, 0xC6FD, 0x02B5, 0x859B, 0xFFFF, 0xFFFF, 0xFFFF, 0xFFFF, 0xFFFF, 0xFFFF, 0xFFFF, 0xFFFF, 0x02F5,   // 0x08F0 (2288) pixels
0xE77E, 0xFFFF, 0xFFFF, 0x0295, 0x02F6, 0x0316, 0x0316, 0x1376, 0x1397, 0x1397, 0x1377, 0x13D9, 0x226D, 0x0000, 0x0000, 0x0000,   // 0x0900 (2304) pixels
0x0000, 0x0000, 0x0000, 0x0000, 0x0000, 0x0000, 0x0000, 0x0000, 0x0000, 0x0000, 0x0000, 0x0000, 0x0000, 0x0000, 0x0000, 0x0000,   // 0x0910 (2320) pixels
0x0000, 0x0000, 0x0000, 0x0000, 0x0000, 0x0000, 0x0000, 0x0000, 0x0000, 0x0000, 0x0000, 0x0000, 0x0000, 0x0000, 0x0000, 0x0000,   // 0x0920 (2336) pixels
0x0000, 0x0000, 0x0000, 0x0000, 0x0000, 0x2A8E, 0x13D9, 0x1377, 0x0336, 0x9E1C, 0xFFFF, 0xFFFF, 0x64F9, 0x0B36, 0x0B56, 0x4C99,   // 0x0930 (2352) pixels
0xFFFF, 0xFFFF, 0xA63C, 0xAE5C, 0xFFFF, 0xFFFF, 0x0316, 0x02F6, 0xDF5E, 0xFFFF, 0xFFFF, 0x4458, 0xD73E, 0xFFFF, 0xFFFF, 0x1BB7,   // 0x0940 (2368) pixels
0x0B56, 0x0336, 0x95FB, 0xFFFF, 0xFFFF, 0x54B9, 0xDF5E, 0xFFFF, 0xFFFF, 0xF7DF, 0xFFDF, 0xFFFF, 0xEF9F, 0x3418, 0x1376, 0x1377,   // 0x0950 (2384) pixels
0x13D9, 0x226D, 0x0000, 0x0000, 0x0000, 0x0000, 0x0000, 0x0000, 0x0000, 0x0000, 0x0000, 0x0000, 0x0000, 0x0000, 0x0000, 0x0000,   // 0x0960 (2400) pixels
0x0000, 0x0000, 0x0000, 0x0000, 0x0000, 0x0000, 0x0000, 0x0000, 0x0000, 0x0000, 0x0000, 0x0000, 0x0000, 0x0000, 0x0000, 0x0000,   // 0x0970 (2416) pixels
0x0000, 0x0000, 0x0000, 0x0000, 0x0000, 0x0000, 0x0000, 0x0000, 0x0000, 0x0000, 0x0000, 0x0000, 0x2AAE, 0x13D9, 0x0336, 0xC6DD,   // 0x0980 (2432) pixels
0xFFFF, 0xFFFF, 0x0B56, 0x1376, 0x1376, 0x0316, 0xFFFF, 0xFFFF, 0xD73E, 0xAE5C, 0xFFFF, 0xFFFF, 0x0316, 0x0B76, 0x2BF7, 0xFFFF,   // 0x0990 (2448) pixels
0xFFFF, 0xA63C, 0xF7DF, 0xFFFF, 0xF7DF, 0x02F6, 0x1377, 0x0B56, 0x3418, 0xFFFF, 0xFFFF, 0x8DBB, 0xD73E, 0xFFFF, 0xFFFF, 0xFFFF,   // 0x09A0 (2464) pixels
0xFFFF, 0xFFFF, 0xFFFF, 0x859B, 0x0B56, 0x13D9, 0x228E, 0x0000, 0x0000, 0x0000, 0x0000, 0x0000, 0x0000, 0x0000, 0x0000, 0x0000,   // 0x09B0 (2480) pixels
0x0000, 0x0000, 0x0000, 0x0000, 0x0000, 0x0000, 0x0000, 0x0000, 0x0000, 0x0000, 0x0000, 0x0000, 0x0000, 0x0000, 0x0000, 0x0000,   // 0x09C0 (2496) pixels
0x0000, 0x0000, 0x0000, 0x0000, 0x0000, 0x0000, 0x0000, 0x0000, 0x0000, 0x0000, 0x0000, 0x0000, 0x0000, 0x0000, 0x0000, 0x0000,   // 0x09D0 (2512) pixels
0x0000, 0x0000, 0x0000, 0x2AAF, 0x13B9, 0x2BF7, 0xC6DD, 0x651A, 0x0B56, 0x1377, 0x1397, 0x0B56, 0x4458, 0xC6DD, 0x3C58, 0x2BD7,   // 0x09E0 (2528) pixels
0xCEFD, 0x755A, 0x0B56, 0x1377, 0x0336, 0x6D3A, 0xAE7C, 0x1B97, 0x4C99, 0xC6DD, 0x3C38, 0x0B56, 0x1397, 0x1377, 0x0336, 0x753A,   // 0x09F0 (2544) pixels
0xBEDD, 0x1B97, 0x4478, 0xC6FD, 0xBEDD, 0xBEBD, 0xBEBD, 0xC6DD, 0xB67D, 0x1397, 0x13D9, 0x2A8E, 0x0000, 0x0000, 0x0000, 0x0000,   // 0x0A00 (2560) pixels
0x0000, 0x0000, 0x0000, 0x0000, 0x0000, 0x0000, 0x0000, 0x0000, 0x0000, 0x0000, 0x0000, 0x0000, 0x0000, 0x0000, 0x0000, 0x0000,   // 0x0A10 (2576) pixels
0x0000, 0x0000, 0x0000, 0x0000, 0x0000, 0x0000, 0x0000, 0x0000, 0x0000, 0x0000, 0x0000, 0x0000, 0x0000, 0x0000, 0x0000, 0x0000,   // 0x0A20 (2592) pixels
0x0000, 0x0000, 0x0000, 0x0000, 0x0000, 0x0000, 0x0000, 0x0000, 0x0000, 0x0000, 0x2ACF, 0x0BB9, 0x0336, 0x0B56, 0x1377, 0x1397,   // 0x0A30 (2608) pixels
0x1397, 0x1397, 0x0B56, 0x0336, 0x0B56, 0x1376, 0x0336, 0x0B56, 0x1397, 0x1397, 0x1377, 0x0B56, 0x0336, 0x1376, 0x0B56, 0x0336,   // 0x0A40 (2624) pixels
0x0B56, 0x1397, 0x1397, 0x1397, 0x1377, 0x0B56, 0x0336, 0x1376, 0x0B56, 0x0336, 0x0316, 0x0316, 0x0316, 0x0316, 0x0336, 0x13D9,   // 0x0A50 (2640) pixels
0x2AAF, 0x0000, 0x0000, 0x0000, 0x0000, 0x0000, 0x0000, 0x0000, 0x0000, 0x0000, 0x0000, 0x0000, 0x0000, 0x0000, 0x0000, 0x0000,   // 0x0A60 (2656) pixels
0x0000, 0x0000, 0x0000, 0x0000, 0x0000, 0x0000, 0x0000, 0x0000, 0x0000, 0x0000, 0x0000, 0x0000, 0x0000, 0x0000, 0x0000, 0x0000,   // 0x0A70 (2672) pixels
0x0000, 0x0000, 0x0000, 0x0000, 0x0000, 0x0000, 0x0000, 0x0000, 0x0000, 0x0000, 0x0000, 0x0000, 0x0000, 0x0000, 0x0000, 0x0000,   // 0x0A80 (2688) pixels
0x0000, 0x2AF0, 0x13D9, 0x1377, 0x1397, 0x1397, 0x1397, 0x1397, 0x1397, 0x1397, 0x1397, 0x1397, 0x1397, 0x1397, 0x1397, 0x1397,   // 0x0A90 (2704) pixels
0x1397, 0x1397, 0x1397, 0x1397, 0x1397, 0x1397, 0x1397, 0x1397, 0x1397, 0x1397, 0x1397, 0x1397, 0x1397, 0x1397, 0x1397, 0x1397,   // 0x0AA0 (2720) pixels
0x1397, 0x1397, 0x1397, 0x1377, 0x13D9, 0x2ACF, 0x0000, 0x0000, 0x0000, 0x0000, 0x0000, 0x0000, 0x0000, 0x0000, 0x0000, 0x0000,   // 0x0AB0 (2736) pixels
0x0000, 0x0000, 0x0000, 0x0000, 0x0000, 0x0000, 0x0000, 0x0000, 0x0000, 0x0000, 0x0000, 0x0000, 0x0000, 0x0000, 0x0000, 0x0000,   // 0x0AC0 (2752) pixels
0x0000, 0x0000, 0x0000, 0x0000, 0x0000, 0x0000, 0x0000, 0x0000, 0x0000, 0x0000, 0x0000, 0x0000, 0x0000, 0x0000, 0x0000, 0x0000,   // 0x0AD0 (2768) pixels
0x0000, 0x0000, 0x0000, 0x0000, 0x0000, 0x0000, 0x0000, 0x0000, 0x32F0, 0x13B9, 0x1377, 0x1397, 0x1397, 0x1397, 0x1397, 0x1397,   // 0x0AE0 (2784) pixels
0x1397, 0x1397, 0x1397, 0x1397, 0x1397, 0x1397, 0x1397, 0x1397, 0x1397, 0x1397, 0x1397, 0x1397, 0x1397, 0x1397, 0x1397, 0x1397,   // 0x0AF0 (2800) pixels
0x1397, 0x1397, 0x1397, 0x1397, 0x1397, 0x1397, 0x1397, 0x1397, 0x1377, 0x13D9, 0x2AD0, 0x0000, 0x0000, 0x0000, 0x0000, 0x0000,   // 0x0B00 (2816) pixels
0x0000, 0x0000, 0x0000, 0x0000, 0x0000, 0x0000, 0x0000, 0x0000, 0x0000, 0x0000, 0x0000, 0x0000, 0x0000, 0x0000, 0x0000, 0x0000,   // 0x0B10 (2832) pixels
0x0000, 0x0000, 0x0000, 0x0000, 0x0000, 0x0000, 0x0000, 0x0000, 0x0000, 0x0000, 0x0000, 0x0000, 0x0000, 0x0000, 0x0000, 0x0000,   // 0x0B20 (2848) pixels
0x0000, 0x0000, 0x0000, 0x0000, 0x0000, 0x0000, 0x0000, 0x0000, 0x0000, 0x0000, 0x0000, 0x0000, 0x0000, 0x0000, 0x0000, 0x3311,   // 0x0B30 (2864) pixels
0x13B9, 0x1377, 0x1397, 0x1397, 0x1397, 0x1397, 0x1397, 0x1397, 0x1397, 0x1397, 0x1397, 0x1397, 0x1397, 0x1397, 0x1397, 0x1397,   // 0x0B40 (2880) pixels
0x1397, 0x1397, 0x1397, 0x1397, 0x1397, 0x1397, 0x1397, 0x1397, 0x1397, 0x1397, 0x1397, 0x1397, 0x1397, 0x1377, 0x13B9, 0x2AF0,   // 0x0B50 (2896) pixels
0x0000, 0x0000, 0x0000, 0x0000, 0x0000, 0x0000, 0x0000, 0x0000, 0x0000, 0x0000, 0x0000, 0x0000, 0x0000, 0x0000, 0x0000, 0x0000,   // 0x0B60 (2912) pixels
0x0000, 0x0000, 0x0000, 0x0000, 0x0000, 0x0000, 0x0000, 0x0000, 0x0000, 0x0000, 0x0000, 0x0000, 0x0000, 0x0000, 0x0000, 0x0000,   // 0x0B70 (2928) pixels
0x0000, 0x0000, 0x0000, 0x0000, 0x0000, 0x0000, 0x0000, 0x0000, 0x0000, 0x0000, 0x0000, 0x0000, 0x0000, 0x0000, 0x0000, 0x0000,   // 0x0B80 (2944) pixels
0x0000, 0x0000, 0x0000, 0x0000, 0x0000, 0x0000, 0x3331, 0x13B8, 0x1397, 0x1397, 0x1397, 0x1397, 0x1397, 0x1397, 0x1397, 0x1397,   // 0x0B90 (2960) pixels
0x1397, 0x1397, 0x1397, 0x1397, 0x1397, 0x1397, 0x1397, 0x1397, 0x1397, 0x1397, 0x1397, 0x1397, 0x1397, 0x1397, 0x1397, 0x1397,   // 0x0BA0 (2976) pixels
0x1397, 0x1397, 0x1397, 0x13B8, 0x2B11, 0x0000, 0x0000, 0x0000, 0x0000, 0x0000, 0x0000, 0x0000, 0x0000, 0x0000, 0x0000, 0x0000,   // 0x0BB0 (2992) pixels
0x0000, 0x0000, 0x0000, 0x0000, 0x0000, 0x0000, 0x0000, 0x0000, 0x0000, 0x0000, 0x0000, 0x0000, 0x0000, 0x0000, 0x0000, 0x0000,   // 0x0BC0 (3008) pixels
0x0000, 0x0000, 0x0000, 0x0000, 0x0000, 0x0000, 0x0000, 0x0000, 0x0000, 0x0000, 0x0000, 0x0000, 0x0000, 0x0000, 0x0000, 0x0000,   // 0x0BD0 (3024) pixels
0x0000, 0x0000, 0x0000, 0x0000, 0x0000, 0x0000, 0x0000, 0x0000, 0x0000, 0x0000, 0x0000, 0x0000, 0x0000, 0x3332, 0x13B8, 0x1397,   // 0x0BE0 (3040) pixels
0x1397, 0x1397, 0x1397, 0x1397, 0x1397, 0x1397, 0x1397, 0x1397, 0x1397, 0x1397, 0x1397, 0x1397, 0x1397, 0x1397, 0x1397, 0x1397,   // 0x0BF0 (3056) pixels
0x1397, 0x1397, 0x1397, 0x1397, 0x1397, 0x1397, 0x1397, 0x1397, 0x13B8, 0x2B11, 0x0000, 0x0000, 0x0000, 0x0000, 0x0000, 0x0000,   // 0x0C00 (3072) pixels
0x0000, 0x0000, 0x0000, 0x0000, 0x0000, 0x0000, 0x0000, 0x0000, 0x0000, 0x0000, 0x0000, 0x0000, 0x0000, 0x0000, 0x0000, 0x0000,   // 0x0C10 (3088) pixels
0x0000, 0x0000, 0x0000, 0x0000, 0x0000, 0x0000, 0x0000, 0x0000, 0x0000, 0x0000, 0x0000, 0x0000, 0x0000, 0x0000, 0x0000, 0x0000,   // 0x0C20 (3104) pixels
0x0000, 0x0000, 0x0000, 0x0000, 0x0000, 0x0000, 0x0000, 0x0000, 0x0000, 0x0000, 0x0000, 0x0000, 0x0000, 0x0000, 0x0000, 0x0000,   // 0x0C30 (3120) pixels
0x0000, 0x0000, 0x0000, 0x0000, 0x3352, 0x13B8, 0x1397, 0x1397, 0x1397, 0x1397, 0x1397, 0x1397, 0x1397, 0x1397, 0x1397, 0x1397,   // 0x0C40 (3136) pixels
0x1397, 0x1397, 0x1397, 0x1397, 0x1397, 0x1397, 0x1397, 0x1397, 0x1397, 0x1397, 0x1397, 0x1397, 0x1397, 0x13B8, 0x2B32, 0x0000,   // 0x0C50 (3152) pixels
0x0000, 0x0000, 0x0000, 0x0000, 0x0000, 0x0000, 0x0000, 0x0000, 0x0000, 0x0000, 0x0000, 0x0000, 0x0000, 0x0000, 0x0000, 0x0000,   // 0x0C60 (3168) pixels
0x0000, 0x0000, 0x0000, 0x0000, 0x0000, 0x0000, 0x0000, 0x0000, 0x0000, 0x0000, 0x0000, 0x0000, 0x0000, 0x0000, 0x0000, 0x0000,   // 0x0C70 (3184) pixels
0x0000, 0x0000, 0x0000, 0x0000, 0x0000, 0x0000, 0x0000, 0x0000, 0x0000, 0x0000, 0x0000, 0x0000, 0x0000, 0x0000, 0x0000, 0x0000,   // 0x0C80 (3200) pixels
0x0000, 0x0000, 0x0000, 0x0000, 0x0000, 0x0000, 0x0000, 0x0000, 0x0000, 0x0000, 0x0000, 0x3352, 0x13B8, 0x1397, 0x1397, 0x1397,   // 0x0C90 (3216) pixels
0x1397, 0x1397, 0x1397, 0x1397, 0x1397, 0x1397, 0x1397, 0x1397, 0x1397, 0x1397, 0x1397, 0x1397, 0x1397, 0x1397, 0x1397, 0x1397,   // 0x0CA0 (3232) pixels
0x1397, 0x1397, 0x13B8, 0x2B32, 0x0000, 0x0000, 0x0000, 0x0000, 0x0000, 0x0000, 0x0000, 0x0000, 0x0000, 0x0000, 0x0000, 0x0000,   // 0x0CB0 (3248) pixels
0x0000, 0x0000, 0x0000, 0x0000, 0x0000, 0x0000, 0x0000, 0x0000, 0x0000, 0x0000, 0x0000, 0x0000, 0x0000, 0x0000, 0x0000, 0x0000,   // 0x0CC0 (3264) pixels
0x0000, 0x0000, 0x0000, 0x0000, 0x0000, 0x0000, 0x0000, 0x0000, 0x0000, 0x0000, 0x0000, 0x0000, 0x0000, 0x0000, 0x0000, 0x0000,   // 0x0CD0 (3280) pixels
0x0000, 0x0000, 0x0000, 0x0000, 0x0000, 0x0000, 0x0000, 0x0000, 0x0000, 0x0000, 0x0000, 0x0000, 0x0000, 0x0000, 0x0000, 0x0000,   // 0x0CE0 (3296) pixels
0x0000, 0x0000, 0x3353, 0x13B8, 0x1397, 0x1397, 0x1397, 0x1397, 0x1397, 0x1397, 0x1397, 0x1397, 0x1397, 0x1397, 0x1397, 0x1397,   // 0x0CF0 (3312) pixels
0x1397, 0x1397, 0x1397, 0x1397, 0x1397, 0x1397, 0x1397, 0x13B8, 0x2B33, 0x0000, 0x0000, 0x0000, 0x0000, 0x0000, 0x0000, 0x0000,   // 0x0D00 (3328) pixels
0x0000, 0x0000, 0x0000, 0x0000, 0x0000, 0x0000, 0x0000, 0x0000, 0x0000, 0x0000, 0x0000, 0x0000, 0x0000, 0x0000, 0x0000, 0x0000,   // 0x0D10 (3344) pixels
0x0000, 0x0000, 0x0000, 0x0000, 0x0000, 0x0000, 0x0000, 0x0000, 0x0000, 0x0000, 0x0000, 0x0000, 0x0000, 0x0000, 0x0000, 0x0000,   // 0x0D20 (3360) pixels
0x0000, 0x0000, 0x0000, 0x0000, 0x0000, 0x0000, 0x0000, 0x0000, 0x0000, 0x0000, 0x0000, 0x0000, 0x0000, 0x0000, 0x0000, 0x0000,   // 0x0D30 (3376) pixels
0x0000, 0x0000, 0x0000, 0x0000, 0x0000, 0x0000, 0x0000, 0x0000, 0x0000, 0x3373, 0x13B8, 0x1397, 0x1397, 0x1397, 0x1397, 0x1397,   // 0x0D40 (3392) pixels
0x1397, 0x1397, 0x1397, 0x1397, 0x1397, 0x1397, 0x1397, 0x1397, 0x1397, 0x1397, 0x1397, 0x1397, 0x13B8, 0x2B53, 0x0000, 0x0000,   // 0x0D50 (3408) pixels
0x0000, 0x0000, 0x0000, 0x0000, 0x0000, 0x0000, 0x0000, 0x0000, 0x0000, 0x0000, 0x0000, 0x0000, 0x0000, 0x0000, 0x0000, 0x0000,   // 0x0D60 (3424) pixels
0x0000, 0x0000, 0x0000, 0x0000, 0x0000, 0x0000, 0x0000, 0x0000, 0x0000, 0x0000, 0x0000, 0x0000, 0x0000, 0x0000, 0x0000, 0x0000,   // 0x0D70 (3440) pixels
0x0000, 0x0000, 0x0000, 0x0000, 0x0000, 0x0000, 0x0000, 0x0000, 0x0000, 0x0000, 0x0000, 0x0000, 0x0000, 0x0000, 0x0000, 0x0000,   // 0x0D80 (3456) pixels
0x0000, 0x0000, 0x0000, 0x0000, 0x0000, 0x0000, 0x0000, 0x0000, 0x0000, 0x0000, 0x0000, 0x0000, 0x0000, 0x0000, 0x0000, 0x0000,   // 0x0D90 (3472) pixels
0x3374, 0x13B8, 0x1397, 0x1397, 0x1397, 0x1397, 0x1397, 0x1397, 0x1397, 0x1397, 0x1397, 0x1397, 0x1397, 0x1397, 0x1397, 0x1397,   // 0x0DA0 (3488) pixels
0x1397, 0x13B8, 0x2B53, 0x0000, 0x0000, 0x0000, 0x0000, 0x0000, 0x0000, 0x0000, 0x0000, 0x0000, 0x0000, 0x0000, 0x0000, 0x0000,   // 0x0DB0 (3504) pixels
0x0000, 0x0000, 0x0000, 0x0000, 0x0000, 0x0000, 0x0000, 0x0000, 0x0000, 0x0000, 0x0000, 0x0000, 0x0000, 0x0000, 0x0000, 0x0000,   // 0x0DC0 (3520) pixels
0x0000, 0x0000, 0x0000, 0x0000, 0x0000, 0x0000, 0x0000, 0x0000, 0x0000, 0x0000, 0x0000, 0x0000, 0x0000, 0x0000, 0x0000, 0x0000,   // 0x0DD0 (3536) pixels
0x0000, 0x0000, 0x0000, 0x0000, 0x0000, 0x0000, 0x0000, 0x0000, 0x0000, 0x0000, 0x0000, 0x0000, 0x0000, 0x0000, 0x0000, 0x0000,   // 0x0DE0 (3552) pixels
0x0000, 0x0000, 0x0000, 0x0000, 0x0000, 0x0000, 0x0000, 0x3374, 0x13B8, 0x1397, 0x1397, 0x1397, 0x1397, 0x1397, 0x1397, 0x1397,   // 0x0DF0 (3568) pixels
0x1397, 0x1397, 0x1397, 0x1397, 0x1397, 0x1397, 0x13B8, 0x2B74, 0x0000, 0x0000, 0x0000, 0x0000, 0x0000, 0x0000, 0x0000, 0x0000,   // 0x0E00 (3584) pixels
0x0000, 0x0000, 0x0000, 0x0000, 0x0000, 0x0000, 0x0000, 0x0000, 0x0000, 0x0000, 0x0000, 0x0000, 0x0000, 0x0000, 0x0000, 0x0000,   // 0x0E10 (3600) pixels
0x0000, 0x0000, 0x0000, 0x0000, 0x0000, 0x0000, 0x0000, 0x0000, 0x0000, 0x0000, 0x0000, 0x0000, 0x0000, 0x0000, 0x0000, 0x0000,   // 0x0E20 (3616) pixels
0x0000, 0x0000, 0x0000, 0x0000, 0x0000, 0x0000, 0x0000, 0x0000, 0x0000, 0x0000, 0x0000, 0x0000, 0x0000, 0x0000, 0x0000, 0x0000,   // 0x0E30 (3632) pixels
0x0000, 0x0000, 0x0000, 0x0000, 0x0000, 0x0000, 0x0000, 0x0000, 0x0000, 0x0000, 0x0000, 0x0000, 0x0000, 0x0000, 0x3394, 0x1398,   // 0x0E40 (3648) pixels
0x1397, 0x1397, 0x1397, 0x1397, 0x1397, 0x1397, 0x1397, 0x1397, 0x1397, 0x1397, 0x1397, 0x13B8, 0x2B74, 0x0000, 0x0000, 0x0000,   // 0x0E50 (3664) pixels
0x0000, 0x0000, 0x0000, 0x0000, 0x0000, 0x0000, 0x0000, 0x0000, 0x0000, 0x0000, 0x0000, 0x0000, 0x0000, 0x0000, 0x0000, 0x0000,   // 0x0E60 (3680) pixels
0x0000, 0x0000, 0x0000, 0x0000, 0x0000, 0x0000, 0x0000, 0x0000, 0x0000, 0x0000, 0x0000, 0x0000, 0x0000, 0x0000, 0x0000, 0x0000,   // 0x0E70 (3696) pixels
0x0000, 0x0000, 0x0000, 0x0000, 0x0000, 0x0000, 0x0000, 0x0000, 0x0000, 0x0000, 0x0000, 0x0000, 0x0000, 0x0000, 0x0000, 0x0000,   // 0x0E80 (3712) pixels
0x0000, 0x0000, 0x0000, 0x0000, 0x0000, 0x0000, 0x0000, 0x0000, 0x0000, 0x0000, 0x0000, 0x0000, 0x0000, 0x0000, 0x0000, 0x0000,   // 0x0E90 (3728) pixels
0x0000, 0x0000, 0x0000, 0x0000, 0x0000, 0x2B95, 0x1398, 0x1397, 0x1397, 0x1397, 0x1397, 0x1397, 0x1397, 0x1397, 0x1397, 0x1397,   // 0x0EA0 (3744) pixels
0x13B8, 0x2B95, 0x0000, 0x0000, 0x0000, 0x0000, 0x0000, 0x0000, 0x0000, 0x0000, 0x0000, 0x0000, 0x0000, 0x0000, 0x0000, 0x0000,   // 0x0EB0 (3760) pixels
0x0000, 0x0000, 0x0000, 0x0000, 0x0000, 0x0000, 0x0000, 0x0000, 0x0000, 0x0000, 0x0000, 0x0000, 0x0000, 0x0000, 0x0000, 0x0000,   // 0x0EC0 (3776) pixels
0x0000, 0x0000, 0x0000, 0x0000, 0x0000, 0x0000, 0x0000, 0x0000, 0x0000, 0x0000, 0x0000, 0x0000, 0x0000, 0x0000, 0x0000, 0x0000,   // 0x0ED0 (3792) pixels
0x0000, 0x0000, 0x0000, 0x0000, 0x0000, 0x0000, 0x0000, 0x0000, 0x0000, 0x0000, 0x0000, 0x0000, 0x0000, 0x0000, 0x0000, 0x0000,   // 0x0EE0 (3808) pixels
0x0000, 0x0000, 0x0000, 0x0000, 0x0000, 0x0000, 0x0000, 0x0000, 0x0000, 0x0000, 0x0000, 0x0000, 0x2BB5, 0x1398, 0x1397, 0x1397,   // 0x0EF0 (3824) pixels
0x1397, 0x1397, 0x1397, 0x1397, 0x1397, 0x1398, 0x2B95, 0x0000, 0x0000, 0x0000, 0x0000, 0x0000, 0x0000, 0x0000, 0x0000, 0x0000,   // 0x0F00 (3840) pixels
0x0000, 0x0000, 0x0000, 0x0000, 0x0000, 0x0000, 0x0000, 0x0000, 0x0000, 0x0000, 0x0000, 0x0000, 0x0000, 0x0000, 0x0000, 0x0000,   // 0x0F10 (3856) pixels
0x0000, 0x0000, 0x0000, 0x0000, 0x0000, 0x0000, 0x0000, 0x0000, 0x0000, 0x0000, 0x0000, 0x0000, 0x0000, 0x0000, 0x0000, 0x0000,   // 0x0F20 (3872) pixels
0x0000, 0x0000, 0x0000, 0x0000, 0x0000, 0x0000, 0x0000, 0x0000, 0x0000, 0x0000, 0x0000, 0x0000, 0x0000, 0x0000, 0x0000, 0x0000,   // 0x0F30 (3888) pixels
0x0000, 0x0000, 0x0000, 0x0000, 0x0000, 0x0000, 0x0000, 0x0000, 0x0000, 0x0000, 0x0000, 0x0000, 0x0000, 0x0000, 0x0000, 0x0000,   // 0x0F40 (3904) pixels
0x0000, 0x0000, 0x0000, 0x2BB5, 0x1398, 0x1397, 0x1397, 0x1397, 0x1397, 0x1397, 0x1398, 0x2B95, 0x0000, 0x0000, 0x0000, 0x0000,   // 0x0F50 (3920) pixels
0x0000, 0x0000, 0x0000, 0x0000, 0x0000, 0x0000, 0x0000, 0x0000, 0x0000, 0x0000, 0x0000, 0x0000, 0x0000, 0x0000, 0x0000, 0x0000,   // 0x0F60 (3936) pixels
0x0000, 0x0000, 0x0000, 0x0000, 0x0000, 0x0000, 0x0000, 0x0000, 0x0000, 0x0000, 0x0000, 0x0000, 0x0000, 0x0000, 0x0000, 0x0000,   // 0x0F70 (3952) pixels
0x0000, 0x0000, 0x0000, 0x0000, 0x0000, 0x0000, 0x0000, 0x0000, 0x0000, 0x0000, 0x0000, 0x0000, 0x0000, 0x0000, 0x0000, 0x0000,   // 0x0F80 (3968) pixels
0x0000, 0x0000, 0x0000, 0x0000, 0x0000, 0x0000, 0x0000, 0x0000, 0x0000, 0x0000, 0x0000, 0x0000, 0x0000, 0x0000, 0x0000, 0x0000,   // 0x0F90 (3984) pixels
0x0000, 0x0000, 0x0000, 0x0000, 0x0000, 0x0000, 0x0000, 0x0000, 0x0000, 0x0000, 0x2BB6, 0x1398, 0x1397, 0x1397, 0x1397, 0x1398,   // 0x0FA0 (4000) pixels
0x2BB6, 0x0000, 0x0000, 0x0000, 0x0000, 0x0000, 0x0000, 0x0000, 0x0000, 0x0000, 0x0000, 0x0000, 0x0000, 0x0000, 0x0000, 0x0000,   // 0x0FB0 (4016) pixels
0x0000, 0x0000, 0x0000, 0x0000, 0x0000, 0x0000, 0x0000, 0x0000, 0x0000, 0x0000, 0x0000, 0x0000, 0x0000, 0x0000, 0x0000, 0x0000,   // 0x0FC0 (4032) pixels
0x0000, 0x0000, 0x0000, 0x0000, 0x0000, 0x0000, 0x0000, 0x0000, 0x0000, 0x0000, 0x0000, 0x0000, 0x0000, 0x0000, 0x0000, 0x0000,   // 0x0FD0 (4048) pixels
0x0000, 0x0000, 0x0000, 0x0000, 0x0000, 0x0000, 0x0000, 0x0000, 0x0000, 0x0000, 0x0000, 0x0000, 0x0000, 0x0000, 0x0000, 0x0000,   // 0x0FE0 (4064) pixels
0x0000, 0x0000, 0x0000, 0x0000, 0x0000, 0x0000, 0x0000, 0x0000, 0x0000, 0x0000, 0x0000, 0x0000, 0x0000, 0x0000, 0x0000, 0x0000,   // 0x0FF0 (4080) pixels
0x0000, 0x2BD6, 0x1398, 0x1397, 0x1398, 0x2BB6, 0x0000, 0x0000, 0x0000, 0x0000, 0x0000, 0x0000, 0x0000, 0x0000, 0x0000, 0x0000,   // 0x1000 (4096) pixels
0x0000, 0x0000, 0x0000, 0x0000, 0x0000, 0x0000, 0x0000, 0x0000, 0x0000, 0x0000, 0x0000, 0x0000, 0x0000, 0x0000, 0x0000, 0x0000,   // 0x1010 (4112) pixels
0x0000, 0x0000, 0x0000, 0x0000, 0x0000, 0x0000, 0x0000, 0x0000, 0x0000, 0x0000, 0x0000, 0x0000, 0x0000, 0x0000, 0x0000, 0x0000,   // 0x1020 (4128) pixels
0x0000, 0x0000, 0x0000, 0x0000, 0x0000, 0x0000, 0x0000, 0x0000, 0x0000, 0x0000, 0x0000, 0x0000, 0x0000, 0x0000, 0x0000, 0x0000,   // 0x1030 (4144) pixels
0x0000, 0x0000, 0x0000, 0x0000, 0x0000, 0x0000, 0x0000, 0x0000, 0x0000, 0x0000, 0x0000, 0x0000, 0x0000, 0x0000, 0x0000, 0x0000,   // 0x1040 (4160) pixels
0x0000, 0x0000, 0x0000, 0x0000, 0x0000, 0x0000, 0x0000, 0x0000, 0x2BD6, 0x13B9, 0x2BB6, 0x0000, 0x0000, 0x0000, 0x0000, 0x0000,   // 0x1050 (4176) pixels
0x0000, 0x0000, 0x0000, 0x0000, 0x0000, 0x0000, 0x0000, 0x0000, 0x0000, 0x0000, 0x0000, 0x0000, 0x0000, 0x0000, 0x0000, 0x0000,   // 0x1060 (4192) pixels
0x0000, 0x0000, 0x0000, 0x0000, 0x0000, 0x0000, 0x0000, 0x0000, 0x0000, 0x0000, 0x0000, 0x0000, 0x0000, 0x0000, 0x0000, 0x0000,   // 0x1070 (4208) pixels
0x0000, 0x0000, 0x0000, 0x0000, 0x0000, 0x0000, 0x0000, 0x0000, 0x0000, 0x0000, 0x0000, 0x0000, 0x0000, 0x0000, 0x0000, 0x0000,   // 0x1080 (4224) pixels
0x0000, 0x0000, 0x0000, 0x0000, 0x0000, 0x0000, 0x0000, 0x0000, 0x0000, 0x0000, 0x0000, 0x0000, 0x0000, 0x0000, 0x0000, 0x0000,   // 0x1090 (4240) pixels
0x0000, 0x0000, 0x0000, 0x0000, 0x0000, 0x0000, 0x0000, 0x0000, 0x0000, 0x0000, 0x0000, 0x0000, 0x0000, 0x0000, 0x0000, 0x2B12,   // 0x10A0 (4256) pixels
0x0000, 0x0000, 0x0000, 0x0000, 0x0000, 0x0000, 0x0000, 0x0000, 0x0000, 0x0000, 0x0000, 0x0000, 0x0000, 0x0000, 0x0000, 0x0000,   // 0x10B0 (4272) pixels
0x0000, 0x0000, 0x0000, 0x0000, 0x0000, 0x0000, 0x0000, 0x0000, 0x0000, 0x0000, 0x0000, 0x0000, 0x0000, 0x0000, 0x0000, 0x0000,   // 0x10C0 (4288) pixels
0x0000, 0x0000, 0x0000, 0x0000, 0x0000, 0x0000, 0x0000, 0x0000, 0x0000, 0x0000, 0x0000, 0x0000
};

static const uint16_t logo_shell[STATION_LOGO_W * STATION_LOGO_H] PROGMEM = {
0x0000, 0x0000, 0x0000, 0x0000, 0x0000, 0x0000, 0x0000, 0x0000, 0x0000, 0x0000, 0x0000, 0x0000, 0x0000, 0x0000, 0x0000, 0x0000,   // 0x0010 (16) pixels
0x0000, 0x0000, 0x0000, 0x0000, 0x0000, 0x0000, 0x0000, 0x0000, 0x0000, 0x0000, 0x0000, 0x0000, 0x0000, 0x0000, 0x0000, 0x0000,   // 0x0020 (32) pixels
0x0000, 0x0000, 0x00E3, 0x4986, 0x91E9, 0xB1A8, 0xC948, 0xD0E6, 0xE0E7, 0xE0A6, 0xE0E7, 0xC8A6, 0xD1CA, 0xA147, 0x8A09, 0x3986,   // 0x0030 (48) pixels
0x0061, 0x0000, 0x0000, 0x0000, 0x0000, 0x0000, 0x0000, 0x0000, 0x0000, 0x0000, 0x0000, 0x0000, 0x0000, 0x0000, 0x0000, 0x0000,   // 0x0040 (64) pixels
0x0000, 0x0000, 0x0000, 0x0000, 0x0000, 0x0000, 0x0000, 0x0000, 0x0000, 0x0000, 0x0000, 0x0000, 0x0000, 0x0000, 0x0000, 0x0000,   // 0x0050 (80) pixels
0x0000, 0x0000, 0x0000, 0x0000, 0x0000, 0x0000, 0x0000, 0x0000, 0x0000, 0x0000, 0x0000, 0x0000, 0x0000, 0x0000, 0x0000, 0x0000,   // 0x0060 (96) pixels
0x0000, 0x0000, 0x0000, 0x0000, 0x0000, 0x0000, 0x0000, 0x0000, 0x0000, 0x0000, 0x0000, 0x0000, 0x0000, 0x0000, 0x0000, 0x0000,   // 0x0070 (112) pixels
0x0000, 0x0000, 0x0000, 0x0000, 0x0000, 0x00A2, 0x69A7, 0xD9CA, 0xF866, 0xE803, 0xE804, 0xE004, 0xE004, 0xE004, 0xD804, 0xD804,   // 0x0080 (128) pixels
0xD804, 0xE004, 0xE003, 0xE004, 0xE803, 0xE803, 0xF8C7, 0xB988, 0x5186, 0x0081, 0x0000, 0x0000, 0x0000, 0x0000, 0x0000, 0x0000,   // 0x0090 (144) pixels
0x0000, 0x0000, 0x0000, 0x0000, 0x0000, 0x0000, 0x0000, 0x0000, 0x0000, 0x0000, 0x0000, 0x0000, 0x0000, 0x0000, 0x0000, 0x0000,   // 0x00A0 (160) pixels
0x0000, 0x0000, 0x0000, 0x0000, 0x0000, 0x0000, 0x0000, 0x0000, 0x0000, 0x0000, 0x0000, 0x0000, 0x0000, 0x0000, 0x0000, 0x0000,   // 0x00B0 (176) pixels
0x0000, 0x0000, 0x0000, 0x0000, 0x0000, 0x0000, 0x0000, 0x0000, 0x0000, 0x0000, 0x0000, 0x0000, 0x0000, 0x0000, 0x0000, 0x0000,   // 0x00C0 (192) pixels
0x0000, 0x0000, 0x0000, 0x0000, 0x0000, 0x0000, 0x0000, 0x0000, 0x0000, 0x1104, 0xA9E9, 0xF886, 0xE803, 0xE004, 0xD804, 0xD804,   // 0x00D0 (208) pixels
0xD804, 0xD804, 0xD804, 0xD804, 0xD804, 0xD804, 0xD804, 0xD804, 0xD804, 0xD804, 0xD804, 0xD804, 0xD804, 0xE004, 0xF003, 0xE8A6,   // 0x00E0 (224) pixels
0x8A09, 0x0082, 0x0000, 0x0000, 0x0000, 0x0000, 0x0000, 0x0000, 0x0000, 0x0000, 0x0000, 0x0000, 0x0000, 0x0000, 0x0000, 0x0000,   // 0x00F0 (240) pixels
0x0000, 0x0000, 0x0000, 0x0000, 0x0000, 0x0000, 0x0000, 0x0000, 0x0000, 0x0000, 0x0000, 0x0000, 0x0000, 0x0000, 0x0000, 0x0000,   // 0x0100 (256) pixels
0x0000, 0x0000, 0x0000, 0x0000, 0x0000, 0x0000, 0x0000, 0x0000, 0x0000, 0x0000, 0x0000, 0x0000, 0x0000, 0x0000, 0x0000, 0x0000,   // 0x0110 (272) pixels
0x0000, 0x0000, 0x0000, 0x0000, 0x0000, 0x0000, 0x0000, 0x0000, 0x0000, 0x0000, 0x0000, 0x0000, 0x0000, 0x00A2, 0x9A09, 0xF886,   // 0x0120 (288) pixels
0xE003, 0xD804, 0xD804, 0xD804, 0xD804, 0xD804, 0xD804, 0xD804, 0xD804, 0xD804, 0xD804, 0xD804, 0xD804, 0xD804, 0xD804, 0xD804,   // 0x0130 (304) pixels
0xD804, 0xD804, 0xD804, 0xD804, 0xD804, 0xE004, 0xE803, 0xF0E7, 0x69C7, 0x0000, 0x0000, 0x0000, 0x0000, 0x0000, 0x0000, 0x0000,   // 0x0140 (320) pixels
0x0000, 0x0000, 0x0000, 0x0000, 0x0000, 0x0000, 0x0000, 0x0000, 0x0000, 0x0000, 0x0000, 0x0000, 0x0000, 0x0000, 0x0000, 0x0000,   // 0x0150 (336) pixels
0x0000, 0x0000, 0x0000, 0x0000, 0x0000, 0x0000, 0x0000, 0x0000, 0x0000, 0x0000, 0x0000, 0x0000, 0x0000, 0x0000, 0x0000, 0x0000,   // 0x0160 (352) pixels
0x0000, 0x0000, 0x0000, 0x0000, 0x0000, 0x0000, 0x0000, 0x0000, 0x0000, 0x0000, 0x0000, 0x0000, 0x0000, 0x0000, 0x0000, 0x0000,   // 0x0170 (368) pixels
0x0000, 0x0000, 0x3986, 0xE8C7, 0xE803, 0xD804, 0xD804, 0xD804, 0xD804, 0xD804, 0xD804, 0xD804, 0xD804, 0xD804, 0xD804, 0xD804,   // 0x0180 (384) pixels
0xD804, 0xD804, 0xD804, 0xD804, 0xD804, 0xD804, 0xD804, 0xD804, 0xD804, 0xD804, 0xD804, 0xD804, 0xD804, 0xE004, 0xF003, 0xD968,   // 0x0190 (400) pixels
0x2165, 0x0000, 0x0000, 0x0000, 0x0000, 0x0000, 0x0000, 0x0000, 0x0000, 0x0000, 0x0000, 0x0000, 0x0000, 0x0000, 0x0000, 0x0000,   // 0x01A0 (416) pixels
0x0000, 0x0000, 0x0000, 0x0000, 0x0000, 0x0000, 0x0000, 0x0000, 0x0000, 0x0000, 0x0000, 0x0000, 0x0000, 0x0000, 0x0000, 0x0000,   // 0x01B0 (432) pixels
0x0000, 0x0000, 0x0000, 0x0000, 0x0000, 0x0000, 0x0000, 0x0000, 0x0000, 0x0000, 0x0000, 0x0000, 0x0000, 0x0000, 0x0000, 0x0000,   // 0x01C0 (448) pixels
0x0000, 0x0000, 0x0000, 0x0000, 0x0000, 0x0000, 0x0000, 0x8A29, 0xF805, 0xE004, 0xD804, 0xD804, 0xD804, 0xD804, 0xD804, 0xD804,   // 0x01D0 (464) pixels
0xD804, 0xE1C3, 0xECA1, 0xF620, 0xF6E0, 0xF780, 0xD804, 0xD804, 0xECC1, 0xF740, 0xF6C0, 0xF5C0, 0xEBE2, 0xE0C4, 0xD804, 0xD804,   // 0x01E0 (480) pixels
0xD804, 0xD804, 0xD804, 0xD804, 0xD804, 0xE004, 0xF866, 0x5186, 0x0000, 0x0000, 0x0000, 0x0000, 0x0000, 0x0000, 0x0000, 0x0000,   // 0x01F0 (496) pixels
0x0000, 0x0000, 0x0000, 0x0000, 0x0000, 0x0000, 0x0000, 0x0000, 0x0000, 0x0000, 0x0000, 0x0000, 0x0000, 0x0000, 0x0000, 0x0000,   // 0x0200 (512) pixels
0x0000, 0x0000, 0x0000, 0x0000, 0x0000, 0x0000, 0x0000, 0x0000, 0x0000, 0x0000, 0x0000, 0x0000, 0x0000, 0x0000, 0x0000, 0x0000,   // 0x0210 (528) pixels
0x0000, 0x0000, 0x0000, 0x0000, 0x0000, 0x0000, 0x0000, 0x0000, 0x0000, 0x0000, 0x0000, 0x0061, 0xB188, 0xF003, 0xD804, 0xD804,   // 0x0220 (544) pixels
0xD804, 0xD804, 0xD804, 0xD804, 0xD804, 0xE1C3, 0xF720, 0xFFC0, 0xF740, 0xF720, 0xF700, 0xFFE0, 0xD844, 0xD804, 0xF561, 0xF740,   // 0x0230 (560) pixels
0xF700, 0xF720, 0xF760, 0xFFE0, 0xF620, 0xD804, 0xD804, 0xD804, 0xD804, 0xD804, 0xD804, 0xD804, 0xD804, 0xF805, 0x8A09, 0x0000,   // 0x0240 (576) pixels
0x0000, 0x0000, 0x0000, 0x0000, 0x0000, 0x0000, 0x0000, 0x0000, 0x0000, 0x0000, 0x0000, 0x0000, 0x0000, 0x0000, 0x0000, 0x0000,   // 0x0250 (592) pixels
0x0000, 0x0000, 0x0000, 0x0000, 0x0000, 0x0000, 0x0000, 0x0000, 0x0000, 0x0000, 0x0000, 0x0000, 0x0000, 0x0000, 0x0000, 0x0000,   // 0x0260 (608) pixels
0x0000, 0x0000, 0x0000, 0x0000, 0x0000, 0x0000, 0x0000, 0x0000, 0x0000, 0x0000, 0x0000, 0x0000, 0x0000, 0x0000, 0x0000, 0x0000,   // 0x0270 (624) pixels
0x0061, 0xB906, 0xE803, 0xD804, 0xD804, 0xD804, 0xD804, 0xD804, 0xD804, 0xE103, 0xD804, 0xE282, 0xFFA0, 0xF6E0, 0xF700, 0xF700,   // 0x0280 (640) pixels
0xF6E0, 0xFFC0, 0xE0C4, 0xD805, 0xF5C0, 0xF720, 0xF700, 0xF700, 0xF700, 0xF720, 0xF6C0, 0xD804, 0xD804, 0xE163, 0xD805, 0xD804,   // 0x0290 (656) pixels
0xD804, 0xD804, 0xD804, 0xD804, 0xF003, 0xB2AC, 0x0000, 0x0000, 0x0000, 0x0000, 0x0000, 0x0000, 0x0000, 0x0000, 0x0000, 0x0000,   // 0x02A0 (672) pixels
0x0000, 0x0000, 0x0000, 0x0000, 0x0000, 0x0000, 0x0000, 0x0000, 0x0000, 0x0000, 0x0000, 0x0000, 0x0000, 0x0000, 0x0000, 0x0000,   // 0x02B0 (688) pixels
0x0000, 0x0000, 0x0000, 0x0000, 0x0000, 0x0000, 0x0000, 0x0000, 0x0000, 0x0000, 0x0000, 0x0000, 0x0000, 0x0000, 0x0000, 0x0000,   // 0x02C0 (704) pixels
0x0000, 0x0000, 0x0000, 0x0000, 0x0000, 0x0040, 0xB948, 0xE804, 0xD804, 0xD804, 0xD804, 0xD804, 0xD805, 0xE243, 0xF700, 0xF7A0,   // 0x02D0 (720) pixels
0xD805, 0xD864, 0xFFE0, 0xF6E0, 0xF700, 0xF700, 0xF6E0, 0xFFA0, 0xE143, 0xD805, 0xF5E0, 0xF720, 0xF700, 0xF700, 0xF700, 0xF740,   // 0x02E0 (736) pixels
0xECE1, 0xD804, 0xD844, 0xFFE0, 0xF660, 0xE123, 0xD804, 0xD804, 0xD804, 0xD804, 0xD804, 0xF003, 0x9A4A, 0x0000, 0x0000, 0x0000,   // 0x02F0 (752) pixels
0x0000, 0x0000, 0x0000, 0x0000, 0x0000, 0x0000, 0x0000, 0x0000, 0x0000, 0x0000, 0x0000, 0x0000, 0x0000, 0x0000, 0x0000, 0x0000,   // 0x0300 (768) pixels
0x0000, 0x0000, 0x0000, 0x0000, 0x0000, 0x0000, 0x0000, 0x0000, 0x0000, 0x0000, 0x0000, 0x0000, 0x0000, 0x0000, 0x0000, 0x0000,   // 0x0310 (784) pixels
0x0000, 0x0000, 0x0000, 0x0000, 0x0000, 0x0000, 0x0000, 0x0000, 0x0000, 0x0000, 0x0000, 0xA1C8, 0xF003, 0xD804, 0xD804, 0xD804,   // 0x0320 (800) pixels
0xD804, 0xD804, 0xF5A0, 0xFFC0, 0xF700, 0xFFE0, 0xE084, 0xD805, 0xF760, 0xF700, 0xF700, 0xF700, 0xF6E0, 0xFFA0, 0xE1A3, 0xD805,   // 0x0330 (816) pixels
0xF620, 0xF720, 0xF700, 0xF700, 0xF700, 0xF760, 0xEB42, 0xD804, 0xE2E2, 0xF760, 0xF720, 0xFFE0, 0xEBE2, 0xD805, 0xD804, 0xD804,   // 0x0340 (832) pixels
0xD804, 0xD804, 0xF804, 0x61C7, 0x0000, 0x0000, 0x0000, 0x0000, 0x0000, 0x0000, 0x0000, 0x0000, 0x0000, 0x0000, 0x0000, 0x0000,   // 0x0350 (848) pixels
0x0000, 0x0000, 0x0000, 0x0000, 0x0000, 0x0000, 0x0000, 0x0000, 0x0000, 0x0000, 0x0000, 0x0000, 0x0000, 0x0000, 0x0000, 0x0000,   // 0x0360 (864) pixels
0x0000, 0x0000, 0x0000, 0x0000, 0x0000, 0x0000, 0x0000, 0x0000, 0x0000, 0x0000, 0x0000, 0x0000, 0x0000, 0x0000, 0x0000, 0x0000,   // 0x0370 (880) pixels
0x5986, 0xF804, 0xD804, 0xD804, 0xD804, 0xD804, 0xD804, 0xF6C0, 0xF760, 0xF6E0, 0xF700, 0xF760, 0xEB22, 0xD805, 0xF5C0, 0xF720,   // 0x0380 (896) pixels
0xF700, 0xF700, 0xF700, 0xFF80, 0xE1C3, 0xD805, 0xF640, 0xF720, 0xF700, 0xF700, 0xF6E0, 0xFFA0, 0xE183, 0xD805, 0xF561, 0xF720,   // 0x0390 (912) pixels
0xF700, 0xF700, 0xFFC0, 0xEC81, 0xD804, 0xD804, 0xD804, 0xD804, 0xD804, 0xF845, 0x2145, 0x0000, 0x0000, 0x0000, 0x0000, 0x0000,   // 0x03A0 (928) pixels
0x0000, 0x0000, 0x0000, 0x0000, 0x0000, 0x0000, 0x0000, 0x0000, 0x0000, 0x0000, 0x0000, 0x0000, 0x0000, 0x0000, 0x0000, 0x0000,   // 0x03B0 (944) pixels
0x0000, 0x0000, 0x0000, 0x0000, 0x0000, 0x0000, 0x0000, 0x0000, 0x0000, 0x0000, 0x0000, 0x0000, 0x0000, 0x0000, 0x0000, 0x0000,   // 0x03C0 (960) pixels
0x0000, 0x0000, 0x0000, 0x0000, 0x0000, 0x1104, 0xF8A6, 0xD804, 0xD804, 0xD804, 0xD804, 0xD804, 0xF5C0, 0xF760, 0xF6E0, 0xF700,   // 0x03D0 (976) pixels
0xF700, 0xF720, 0xF5A0, 0xD805, 0xEC01, 0xF760, 0xF700, 0xF700, 0xF700, 0xF780, 0xE243, 0xD805, 0xF6A0, 0xF700, 0xF700, 0xF700,   // 0x03E0 (992) pixels
0xF6E0, 0xFFE0, 0xD804, 0xD805, 0xFFC0, 0xF700, 0xF700, 0xF700, 0xF6E0, 0xFFE0, 0xEB22, 0xD804, 0xD804, 0xD804, 0xD804, 0xE004,   // 0x03F0 (1008) pixels
0xE148, 0x0040, 0x0000, 0x0000, 0x0000, 0x0000, 0x0000, 0x0000, 0x0000, 0x0000, 0x0000, 0x0000, 0x0000, 0x0000, 0x0000, 0x0000,   // 0x0400 (1024) pixels
0x0000, 0x0000, 0x0000, 0x0000, 0x0000, 0x0000, 0x0000, 0x0000, 0x0000, 0x0000, 0x0000, 0x0000, 0x0000, 0x0000, 0x0000, 0x0000,   // 0x0410 (1040) pixels
0x0000, 0x0000, 0x0000, 0x0000, 0x0000, 0x0000, 0x0000, 0x0000, 0x0000, 0x0000, 0x0000, 0xC9A9, 0xE003, 0xD804, 0xD804, 0xD804,   // 0x0420 (1056) pixels
0xD804, 0xD804, 0xEC02, 0xF760, 0xF6E0, 0xF700, 0xF700, 0xF700, 0xFFE0, 0xD805, 0xE223, 0xF780, 0xF6E0, 0xF700, 0xF700, 0xF780,   // 0x0430 (1072) pixels
0xE2A2, 0xD805, 0xF6E0, 0xF700, 0xF700, 0xF700, 0xF700, 0xF6E0, 0xD805, 0xE163, 0xFFA0, 0xF6E0, 0xF700, 0xF700, 0xF6E0, 0xFFC0,   // 0x0440 (1088) pixels
0xE183, 0xD804, 0xD804, 0xD804, 0xD804, 0xD804, 0xE803, 0x91E9, 0x0000, 0x0000, 0x0000, 0x0000, 0x0000, 0x0000, 0x0000, 0x0000,   // 0x0450 (1104) pixels
0x0000, 0x0000, 0x0000, 0x0000, 0x0000, 0x0000, 0x0000, 0x0000, 0x0000, 0x0000, 0x0000, 0x0000, 0x0000, 0x0000, 0x0000, 0x0000,   // 0x0460 (1120) pixels
0x0000, 0x0000, 0x0000, 0x0000, 0x0000, 0x0000, 0x0000, 0x0000, 0x0000, 0x0000, 0x0000, 0x0000, 0x0000, 0x0000, 0x0000, 0x0000,   // 0x0470 (1136) pixels
0x4986, 0xF004, 0xD804, 0xD804, 0xD804, 0xD804, 0xE163, 0xD804, 0xD804, 0xFFA0, 0xF700, 0xF700, 0xF700, 0xF6E0, 0xFFA0, 0xE1A3,   // 0x0480 (1152) pixels
0xD804, 0xFFE0, 0xF6E0, 0xF700, 0xF700, 0xF760, 0xEB42, 0xD805, 0xF740, 0xF700, 0xF700, 0xF700, 0xF740, 0xED21, 0xD805, 0xEBE2,   // 0x0490 (1168) pixels
0xF760, 0xF700, 0xF700, 0xF700, 0xF720, 0xF660, 0xD805, 0xD804, 0xD804, 0xD804, 0xD804, 0xD804, 0xD804, 0xF866, 0x1924, 0x0000,   // 0x04A0 (1184) pixels
0x0000, 0x0000, 0x0000, 0x0000, 0x0000, 0x0000, 0x0000, 0x0000, 0x0000, 0x0000, 0x0000, 0x0000, 0x0000, 0x0000, 0x0000, 0x0000,   // 0x04B0 (1200) pixels
0x0000, 0x0000, 0x0000, 0x0000, 0x0000, 0x0000, 0x0000, 0x0000, 0x0000, 0x0000, 0x0000, 0x0000, 0x0000, 0x0000, 0x0000, 0x0000,   // 0x04C0 (1216) pixels
0x0000, 0x0000, 0x0000, 0x0000, 0x0000, 0x0020, 0xE128, 0xE004, 0xD804, 0xD804, 0xD804, 0xE0A4, 0xFFE0, 0xE2A2, 0xD805, 0xEC81,   // 0x04D0 (1232) pixels
0xF740, 0xF700, 0xF700, 0xF700, 0xF740, 0xEC21, 0xD805, 0xF720, 0xF700, 0xF700, 0xF700, 0xF760, 0xEBA2, 0xD805, 0xFFA0, 0xF700,   // 0x04E0 (1248) pixels
0xF700, 0xF700, 0xF760, 0xEB82, 0xD805, 0xF660, 0xF720, 0xF700, 0xF700, 0xF6E0, 0xFFA0, 0xE223, 0xD804, 0xE283, 0xF700, 0xD805,   // 0x04F0 (1264) pixels
0xD804, 0xD804, 0xD804, 0xE003, 0xB9E9, 0x0000, 0x0000, 0x0000, 0x0000, 0x0000, 0x0000, 0x0000, 0x0000, 0x0000, 0x0000, 0x0000,   // 0x0500 (1280) pixels
0x0000, 0x0000, 0x0000, 0x0000, 0x0000, 0x0000, 0x0000, 0x0000, 0x0000, 0x0000, 0x0000, 0x0000, 0x0000, 0x0000, 0x0000, 0x0000,   // 0x0510 (1296) pixels
0x0000, 0x0000, 0x0000, 0x0000, 0x0000, 0x0000, 0x0000, 0x0000, 0x0000, 0x0000, 0x0000, 0x5186, 0xF004, 0xD804, 0xD804, 0xD804,   // 0x0520 (1312) pixels
0xD804, 0xF740, 0xF720, 0xF740, 0xD805, 0xD844, 0xFFC0, 0xF700, 0xF700, 0xF700, 0xF720, 0xF6A0, 0xD805, 0xF5A0, 0xF720, 0xF700,   // 0x0530 (1328) pixels
0xF700, 0xF760, 0xEBE2, 0xD805, 0xFFE0, 0xF6E0, 0xF700, 0xF6E0, 0xFF80, 0xE1C3, 0xD804, 0xFFC0, 0xF700, 0xF700, 0xF700, 0xF700,   // 0x0540 (1344) pixels
0xF700, 0xD805, 0xD804, 0xF740, 0xFF80, 0xECA1, 0xD804, 0xD804, 0xD804, 0xD804, 0xF845, 0x10E3, 0x0000, 0x0000, 0x0000, 0x0000,   // 0x0550 (1360) pixels
0x0000, 0x0000, 0x0000, 0x0000, 0x0000, 0x0000, 0x0000, 0x0000, 0x0000, 0x0000, 0x0000, 0x0000, 0x0000, 0x0000, 0x0000, 0x0000,   // 0x0560 (1376) pixels
0x0000, 0x0000, 0x0000, 0x0000, 0x0000, 0x0000, 0x0000, 0x0000, 0x0000, 0x0000, 0x0000, 0x0000, 0x0000, 0x0000, 0x0000, 0x0000,   // 0x0570 (1392) pixels
0x0000, 0xD1C9, 0xE004, 0xD804, 0xD804, 0xD804, 0xEC21, 0xF760, 0xF6E0, 0xF780, 0xEBA2, 0xD805, 0xED41, 0xF740, 0xF700, 0xF700,   // 0x0580 (1408) pixels
0xF700, 0xFFC0, 0xD804, 0xEBC2, 0xF760, 0xF700, 0xF700, 0xF740, 0xEC21, 0xD805, 0xFFE0, 0xF6E0, 0xF700, 0xF6E0, 0xFFE0, 0xD804,   // 0x0590 (1424) pixels
0xE243, 0xF780, 0xF6E0, 0xF700, 0xF6E0, 0xF780, 0xEB22, 0xD805, 0xEB82, 0xF780, 0xF6E0, 0xFFE0, 0xE0E3, 0xD804, 0xD804, 0xD804,   // 0x05A0 (1440) pixels
0xE803, 0x99E9, 0x0000, 0x0000, 0x0000, 0x0000, 0x0000, 0x0000, 0x0000, 0x0000, 0x0000, 0x0000, 0x0000, 0x0000, 0x0000, 0x0000,   // 0x05B0 (1456) pixels
0x0000, 0x0000, 0x0000, 0x0000, 0x0000, 0x0000, 0x0000, 0x0000, 0x0000, 0x0000, 0x0000, 0x0000, 0x0000, 0x0000, 0x0000, 0x0000,   // 0x05C0 (1472) pixels
0x0000, 0x0000, 0x0000, 0x0000, 0x0000, 0x0000, 0x1124, 0xF845, 0xD804, 0xD804, 0xD804, 0xD804, 0xFFC0, 0xF700, 0xF700, 0xF700,   // 0x05D0 (1488) pixels
0xFFA0, 0xD804, 0xE0E3, 0xFFC0, 0xF700, 0xF700, 0xF6E0, 0xF780, 0xE263, 0xE1C3, 0xFF80, 0xF6E0, 0xF700, 0xF740, 0xEC81, 0xD805,   // 0x05E0 (1504) pixels
0xFFE0, 0xF6E0, 0xF700, 0xF700, 0xF700, 0xD805, 0xECC1, 0xF740, 0xF700, 0xF700, 0xF700, 0xF780, 0xD804, 0xD804, 0xF7A0, 0xF700,   // 0x05F0 (1520) pixels
0xF700, 0xF740, 0xF581, 0xD804, 0xD804, 0xD804, 0xE004, 0xF108, 0x0061, 0x0000, 0x0000, 0x0000, 0x0000, 0x0000, 0x0000, 0x0000,   // 0x0600 (1536) pixels
0x0000, 0x0000, 0x0000, 0x0000, 0x0000, 0x0000, 0x0000, 0x0000, 0x0000, 0x0000, 0x0000, 0x0000, 0x0000, 0x0000, 0x0000, 0x0000,   // 0x0610 (1552) pixels
0x0000, 0x0000, 0x0000, 0x0000, 0x0000, 0x0000, 0x0000, 0x0000, 0x0000, 0x0000, 0x0000, 0x0000, 0x81A7, 0xE804, 0xD804, 0xD804,   // 0x0620 (1568) pixels
0xD804, 0xEB22, 0xF780, 0xF6E0, 0xF700, 0xF6E0, 0xF740, 0xECC1, 0xD805, 0xF600, 0xF720, 0xF700, 0xF700, 0xF740, 0xED01, 0xD804,   // 0x0630 (1584) pixels
0xFFE0, 0xF6E0, 0xF700, 0xF740, 0xECE1, 0xD804, 0xFFE0, 0xF6E0, 0xF700, 0xF720, 0xF580, 0xD805, 0xF740, 0xF700, 0xF700, 0xF700,   // 0x0640 (1600) pixels
0xF760, 0xEC01, 0xD805, 0xECC1, 0xF740, 0xF6E0, 0xF700, 0xF700, 0xFFE0, 0xD804, 0xD804, 0xD804, 0xD804, 0xF004, 0x3125, 0x0000,   // 0x0650 (1616) pixels
0x0000, 0x0000, 0x0000, 0x0000, 0x0000, 0x0000, 0x0000, 0x0000, 0x0000, 0x0000, 0x0000, 0x0000, 0x0000, 0x0000, 0x0000, 0x0000,   // 0x0660 (1632) pixels
0x0000, 0x0000, 0x0000, 0x0000, 0x0000, 0x0000, 0x0000, 0x0000, 0x0000, 0x0000, 0x0000, 0x0000, 0x0000, 0x0000, 0x0000, 0x0000,   // 0x0670 (1648) pixels
0x0000, 0x0000, 0xE20A, 0xE003, 0xD804, 0xD804, 0xD804, 0xED01, 0xF760, 0xF700, 0xF700, 0xF700, 0xF700, 0xFFC0, 0xD844, 0xE183,   // 0x0680 (1664) pixels
0xFFC0, 0xF6E0, 0xF700, 0xF700, 0xF760, 0xD805, 0xF700, 0xF700, 0xF700, 0xF720, 0xF561, 0xD804, 0xFFE0, 0xF6E0, 0xF700, 0xF760,   // 0x0690 (1680) pixels
0xEBC2, 0xD864, 0xFFC0, 0xF700, 0xF700, 0xF700, 0xFFC0, 0xD804, 0xE084, 0xFFC0, 0xF700, 0xF700, 0xF700, 0xF6E0, 0xFFE0, 0xE223,   // 0x06A0 (1696) pixels
0xD804, 0xD804, 0xD804, 0xE804, 0x99A8, 0x0000, 0x0000, 0x0000, 0x0000, 0x0000, 0x0000, 0x0000, 0x0000, 0x0000, 0x0000, 0x0000,   // 0x06B0 (1712) pixels
0x0000, 0x0000, 0x0000, 0x0000, 0x0000, 0x0000, 0x0000, 0x0000, 0x0000, 0x0000, 0x0000, 0x0000, 0x0000, 0x0000, 0x0000, 0x0000,   // 0x06C0 (1728) pixels
0x0000, 0x0000, 0x0000, 0x0000, 0x0000, 0x0000, 0x0000, 0x0103, 0xF845, 0xD804, 0xD804, 0xD804, 0xD804, 0xD804, 0xF740, 0xF700,   // 0x06D0 (1744) pixels
0xF700, 0xF700, 0xF700, 0xF720, 0xF5C0, 0xD805, 0xF6C0, 0xF720, 0xF700, 0xF6E0, 0xFFA0, 0xD884, 0xF561, 0xF720, 0xF700, 0xF720,   // 0x06E0 (1760) pixels
0xF5C0, 0xD804, 0xFFC0, 0xF6E0, 0xF6E0, 0xF780, 0xE1C3, 0xEB22, 0xF760, 0xF6E0, 0xF700, 0xF740, 0xECE1, 0xD805, 0xF5E0, 0xF720,   // 0x06F0 (1776) pixels
0xF700, 0xF700, 0xF700, 0xF740, 0xF5E0, 0xD804, 0xD804, 0xD804, 0xD804, 0xE004, 0xD969, 0x0000, 0x0000, 0x0000, 0x0000, 0x0000,   // 0x0700 (1792) pixels
0x0000, 0x0000, 0x0000, 0x0000, 0x0000, 0x0000, 0x0000, 0x0000, 0x0000, 0x0000, 0x0000, 0x0000, 0x0000, 0x0000, 0x0000, 0x0000,   // 0x0710 (1808) pixels
0x0000, 0x0000, 0x0000, 0x0000, 0x0000, 0x0000, 0x0000, 0x0000, 0x0000, 0x0000, 0x0000, 0x0000, 0x0000, 0x3965, 0xF003, 0xD804,   // 0x0720 (1824) pixels
0xD804, 0xD804, 0xD804, 0xD804, 0xE084, 0xFFE0, 0xF700, 0xF700, 0xF700, 0xF6E0, 0xFFC0, 0xE103, 0xE243, 0xFF80, 0xF6E0, 0xF700,   // 0x0730 (1840) pixels
0xF760, 0xEB42, 0xEB42, 0xF760, 0xF700, 0xF720, 0xF600, 0xD864, 0xFFA0, 0xF6E0, 0xF6E0, 0xFFC0, 0xD804, 0xF5C0, 0xF720, 0xF700,   // 0x0740 (1856) pixels
0xF700, 0xFFE0, 0xD864, 0xE183, 0xFFC0, 0xF6E0, 0xF700, 0xF700, 0xF720, 0xF740, 0xD804, 0xD804, 0xD804, 0xD804, 0xD804, 0xD804,   // 0x0750 (1872) pixels
0xF886, 0x0103, 0x0000, 0x0000, 0x0000, 0x0000, 0x0000, 0x0000, 0x0000, 0x0000, 0x0000, 0x0000, 0x0000, 0x0000, 0x0000, 0x0000,   // 0x0760 (1888) pixels
0x0000, 0x0000, 0x0000, 0x0000, 0x0000, 0x0000, 0x0000, 0x0000, 0x0000, 0x0000, 0x0000, 0x0000, 0x0000, 0x0000, 0x0000, 0x0000,   // 0x0770 (1904) pixels
0x0000, 0x0000, 0x0000, 0x50E4, 0xE804, 0xD804, 0xD804, 0xD804, 0xE243, 0xE0E3, 0xD805, 0xE262, 0xFFE0, 0xF6E0, 0xF700, 0xF700,   // 0x0780 (1920) pixels
0xF720, 0xF680, 0xD805, 0xF740, 0xF700, 0xF700, 0xF720, 0xF5E0, 0xE123, 0xFF80, 0xF6E0, 0xF720, 0xF640, 0xE0C4, 0xFFA0, 0xF6E0,   // 0x0790 (1936) pixels
0xF700, 0xF740, 0xD805, 0xF780, 0xF700, 0xF700, 0xF720, 0xF5C0, 0xD805, 0xF6C0, 0xF720, 0xF700, 0xF700, 0xF700, 0xFFE0, 0xD864,   // 0x07A0 (1952) pixels
0xD804, 0xE282, 0xD824, 0xD804, 0xD804, 0xD804, 0xF004, 0x18E3, 0x0000, 0x0000, 0x0000, 0x0000, 0x0000, 0x0000, 0x0000, 0x0000,   // 0x07B0 (1968) pixels
0x0000, 0x0000, 0x0000, 0x0000, 0x0000, 0x0000, 0x0000, 0x0000, 0x0000, 0x0000, 0x0000, 0x0000, 0x0000, 0x0000, 0x0000, 0x0000,   // 0x07C0 (1984) pixels
0x0000, 0x0000, 0x0000, 0x0000, 0x0000, 0x0000, 0x0000, 0x0000, 0x0000, 0x99C8, 0xE004, 0xD804, 0xD804, 0xD804, 0xF581, 0xFFC0,   // 0x07D0 (2000) pixels
0xD824, 0xD805, 0xECA1, 0xF780, 0xF700, 0xF700, 0xF6E0, 0xFFA0, 0xE203, 0xE302, 0xF760, 0xF700, 0xF700, 0xF780, 0xD804, 0xFFA0,   // 0x07E0 (2016) pixels
0xF700, 0xF700, 0xF680, 0xE0E4, 0xFF80, 0xF700, 0xF720, 0xF5A0, 0xE123, 0xFFA0, 0xF6E0, 0xF6E0, 0xFFC0, 0xE123, 0xE282, 0xFFA0,   // 0x07F0 (2032) pixels
0xF6E0, 0xF700, 0xF6E0, 0xFFE0, 0xE223, 0xD805, 0xE1C3, 0xFFE0, 0xE243, 0xD804, 0xD804, 0xD804, 0xE804, 0x5986, 0x0000, 0x0000,   // 0x0800 (2048) pixels
0x0000, 0x0000, 0x0000, 0x0000, 0x0000, 0x0000, 0x0000, 0x0000, 0x0000, 0x0000, 0x0000, 0x0000, 0x0000, 0x0000, 0x0000, 0x0000,   // 0x0810 (2064) pixels
0x0000, 0x0000, 0x0000, 0x0000, 0x0000, 0x0000, 0x0000, 0x0000, 0x0000, 0x0000, 0x0000, 0x0000, 0x0000, 0x0000, 0x0000, 0x88A4,   // 0x0820 (2080) pixels
0xE004, 0xD804, 0xD804, 0xD804, 0xF740, 0xF720, 0xF780, 0xD804, 0xD805, 0xF680, 0xF720, 0xF700, 0xF700, 0xF700, 0xF740, 0xD805,   // 0x0830 (2096) pixels
0xFFC0, 0xF700, 0xF6E0, 0xFF80, 0xE163, 0xF6C0, 0xF700, 0xF700, 0xF6E0, 0xE123, 0xFF80, 0xF700, 0xF740, 0xEBA2, 0xEBC2, 0xF740,   // 0x0840 (2112) pixels
0xF700, 0xF720, 0xF6A0, 0xD805, 0xF780, 0xF700, 0xF700, 0xF6E0, 0xFF80, 0xEC41, 0xD805, 0xE163, 0xFFE0, 0xF740, 0xEC81, 0xD804,   // 0x0850 (2128) pixels
0xD804, 0xD804, 0xE804, 0x71A7, 0x0000, 0x0000, 0x0000, 0x0000, 0x0000, 0x0000, 0x0000, 0x0000, 0x0000, 0x0000, 0x0000, 0x0000,   // 0x0860 (2144) pixels
0x0000, 0x0000, 0x0000, 0x0000, 0x0000, 0x0000, 0x0000, 0x0000, 0x0000, 0x0000, 0x0000, 0x0000, 0x0000, 0x0000, 0x0000, 0x0000,   // 0x0870 (2160) pixels
0x0000, 0x0000, 0x0000, 0x0000, 0x0000, 0xA927, 0xE004, 0xD804, 0xD804, 0xD824, 0xFFA0, 0xF700, 0xF720, 0xF760, 0xD804, 0xD804,   // 0x0880 (2176) pixels
0xF780, 0xF700, 0xF700, 0xF700, 0xF780, 0xE302, 0xEBA2, 0xF760, 0xF700, 0xF740, 0xEC02, 0xECE1, 0xF720, 0xF700, 0xF780, 0xE163,   // 0x0890 (2192) pixels
0xFF80, 0xF6E0, 0xF780, 0xE1C3, 0xF660, 0xF700, 0xF6E0, 0xFF80, 0xE1E3, 0xEBC2, 0xF760, 0xF700, 0xF6E0, 0xF740, 0xF620, 0xD805,   // 0x08A0 (2208) pixels
0xE123, 0xFFE0, 0xF700, 0xF720, 0xF5C0, 0xD804, 0xD804, 0xD804, 0xE804, 0x6883, 0x0000, 0x0000, 0x0000, 0x0000, 0x0000, 0x0000,   // 0x08B0 (2224) pixels
0x0000, 0x0000, 0x0000, 0x0000, 0x0000, 0x0000, 0x0000, 0x0000, 0x0000, 0x0000, 0x0000, 0x0000, 0x0000, 0x0000, 0x0000, 0x0000,   // 0x08C0 (2240) pixels
0x0000, 0x0000, 0x0000, 0x0000, 0x0000, 0x0000, 0x0000, 0x0000, 0x0000, 0x0000, 0x0000, 0xA885, 0xE004, 0xD804, 0xD804, 0xE084,   // 0x08D0 (2256) pixels
0xFFC0, 0xF6E0, 0xF700, 0xF720, 0xF720, 0xD805, 0xE0E3, 0xFFE0, 0xF700, 0xF700, 0xF700, 0xFFA0, 0xD804, 0xFFE0, 0xF700, 0xF700,   // 0x08E0 (2272) pixels
0xF680, 0xE2E2, 0xF760, 0xF6E0, 0xF7C0, 0xE1A3, 0xF780, 0xF6E0, 0xFFA0, 0xE123, 0xFFA0, 0xF700, 0xF700, 0xF740, 0xD805, 0xFFE0,   // 0x08F0 (2288) pixels
0xF700, 0xF700, 0xF700, 0xF760, 0xD804, 0xE0E4, 0xFFE0, 0xF700, 0xF700, 0xF700, 0xF6C0, 0xD804, 0xD804, 0xD804, 0xE804, 0x8106,   // 0x0900 (2304) pixels
0x0000, 0x0000, 0x0000, 0x0000, 0x0000, 0x0000, 0x0000, 0x0000, 0x0000, 0x0000, 0x0000, 0x0000, 0x0000, 0x0000, 0x0000, 0x0000,   // 0x0910 (2320) pixels
0x0000, 0x0000, 0x0000, 0x0000, 0x0000, 0x0000, 0x0000, 0x0000, 0x0000, 0x0000, 0x0000, 0x0000, 0x0000, 0x0000, 0x0000, 0x0000,   // 0x0920 (2336) pixels
0x0000, 0xA885, 0xE004, 0xD804, 0xD804, 0xD864, 0xFFC0, 0xF6E0, 0xF700, 0xF700, 0xF740, 0xF6E0, 0xD805, 0xE2E2, 0xFFC0, 0xF6E0,   // 0x0930 (2352) pixels
0xF700, 0xF740, 0xEC02, 0xEC41, 0xF740, 0xF6E0, 0xF780, 0xE283, 0xF760, 0xF6E0, 0xF7A0, 0xE243, 0xF760, 0xF700, 0xF700, 0xE263,   // 0x0940 (2368) pixels
0xF760, 0xF6E0, 0xF760, 0xE282, 0xECE1, 0xF740, 0xF700, 0xF700, 0xFFE0, 0xD864, 0xD884, 0xFFC0, 0xF700, 0xF700, 0xF700, 0xF720,   // 0x0950 (2384) pixels
0xF6A0, 0xD804, 0xD804, 0xD804, 0xE804, 0x9167, 0x0000, 0x0000, 0x0000, 0x0000, 0x0000, 0x0000, 0x0000, 0x0000, 0x0000, 0x0000,   // 0x0960 (2400) pixels
0x0000, 0x0000, 0x0000, 0x0000, 0x0000, 0x0000, 0x0000, 0x0000, 0x0000, 0x0000, 0x0000, 0x0000, 0x0000, 0x0000, 0x0000, 0x0000,   // 0x0970 (2416) pixels
0x0000, 0x0000, 0x0000, 0x0000, 0x0000, 0x0000, 0x0000, 0xA8E6, 0xE004, 0xD804, 0xD804, 0xD804, 0xF7A0, 0xF700, 0xF700, 0xF700,   // 0x0980 (2432) pixels
0xF700, 0xF740, 0xF6A0, 0xD805, 0xED01, 0xF760, 0xF6E0, 0xF700, 0xFFC0, 0xE104, 0xFFC0, 0xF6E0, 0xF740, 0xEB62, 0xF740, 0xF6E0,   // 0x0990 (2448) pixels
0xF780, 0xE322, 0xF760, 0xF720, 0xF5A0, 0xECA1, 0xF720, 0xF700, 0xF780, 0xD884, 0xFFE0, 0xF6E0, 0xF6E0, 0xFFC0, 0xE243, 0xD804,   // 0x09A0 (2464) pixels
0xFFA0, 0xF700, 0xF700, 0xF700, 0xF700, 0xF740, 0xF581, 0xD804, 0xD804, 0xD804, 0xE804, 0x6842, 0x0000, 0x0000, 0x0000, 0x0000,   // 0x09B0 (2480) pixels
0x0000, 0x0000, 0x0000, 0x0000, 0x0000, 0x0000, 0x0000, 0x0000, 0x0000, 0x0000, 0x0000, 0x0000, 0x0000, 0x0000, 0x0000, 0x0000,   // 0x09C0 (2496) pixels
0x0000, 0x0000, 0x0000, 0x0000, 0x0000, 0x0000, 0x0000, 0x0000, 0x0000, 0x0000, 0x0000, 0x0000, 0x0000, 0x98E6, 0xE004, 0xD804,   // 0x09D0 (2512) pixels
0xD804, 0xD804, 0xF640, 0xFF80, 0xF700, 0xF700, 0xF700, 0xF700, 0xF740, 0xF660, 0xD805, 0xF6A0, 0xF720, 0xF700, 0xF720, 0xED01,   // 0x09E0 (2528) pixels
0xECC1, 0xF720, 0xF720, 0xECE1, 0xF660, 0xF700, 0xF760, 0xEBE2, 0xF740, 0xF740, 0xEC02, 0xF6E0, 0xF700, 0xF740, 0xEB62, 0xF5C0,   // 0x09F0 (2544) pixels
0xF720, 0xF6E0, 0xF780, 0xEC61, 0xD804, 0xF7A0, 0xF700, 0xF700, 0xF700, 0xF6E0, 0xF700, 0xFFE0, 0xE2A2, 0xD804, 0xD804, 0xD804,   // 0x0A00 (2560) pixels
0xE804, 0x7187, 0x0000, 0x0000, 0x0000, 0x0000, 0x0000, 0x0000, 0x0000, 0x0000, 0x0000, 0x0000, 0x0000, 0x0000, 0x0000, 0x0000,   // 0x0A10 (2576) pixels
0x0000, 0x0000, 0x0000, 0x0000, 0x0000, 0x0000, 0x0000, 0x0000, 0x0000, 0x0000, 0x0000, 0x0000, 0x0000, 0x0000, 0x0000, 0x0000,   // 0x0A20 (2592) pixels
0x0000, 0x0000, 0x0000, 0x9187, 0xE804, 0xD804, 0xD804, 0xD804, 0xD805, 0xEC81, 0xFFC0, 0xF700, 0xF700, 0xF700, 0xF6E0, 0xF760,   // 0x0A30 (2608) pixels
0xF600, 0xD805, 0xFFA0, 0xF700, 0xF6E0, 0xFF80, 0xE2C2, 0xF780, 0xF700, 0xF6E0, 0xECC1, 0xF720, 0xF740, 0xECA1, 0xF720, 0xF740,   // 0x0A40 (2624) pixels
0xEC02, 0xF760, 0xF700, 0xF780, 0xE263, 0xFF80, 0xF6E0, 0xF740, 0xF620, 0xD804, 0xF780, 0xF720, 0xF700, 0xF700, 0xF6E0, 0xF740,   // 0x0A50 (2640) pixels
0xF760, 0xE143, 0xD804, 0xD804, 0xD804, 0xD804, 0xE804, 0x5986, 0x0000, 0x0000, 0x0000, 0x0000, 0x0000, 0x0000, 0x0000, 0x0000,   // 0x0A60 (2656) pixels
0x0000, 0x0000, 0x0000, 0x0000, 0x0000, 0x0000, 0x0000, 0x0000, 0x0000, 0x0000, 0x0000, 0x0000, 0x0000, 0x0000, 0x0000, 0x0000,   // 0x0A70 (2672) pixels
0x0000, 0x0000, 0x0000, 0x0000, 0x0000, 0x0000, 0x0000, 0x0000, 0x0000, 0x6166, 0xF003, 0xD804, 0xD804, 0xD804, 0xD804, 0xD805,   // 0x0A80 (2688) pixels
0xE203, 0xFFC0, 0xF720, 0xF6E0, 0xF700, 0xF6E0, 0xF760, 0xF580, 0xE0C4, 0xFFC0, 0xF700, 0xF720, 0xF5C0, 0xF581, 0xF720, 0xF740,   // 0x0A90 (2704) pixels
0xECE1, 0xF720, 0xF720, 0xED21, 0xF720, 0xF740, 0xECC1, 0xF720, 0xF720, 0xEC61, 0xF660, 0xF700, 0xF700, 0xF740, 0xD804, 0xF740,   // 0x0AA0 (2720) pixels
0xF720, 0xF700, 0xF700, 0xF700, 0xFFA0, 0xF5E0, 0xD804, 0xD804, 0xD804, 0xD804, 0xD804, 0xD804, 0xF803, 0x1924, 0x0000, 0x0000,   // 0x0AB0 (2736) pixels
0x0000, 0x0000, 0x0000, 0x0000, 0x0000, 0x0000, 0x0000, 0x0000, 0x0000, 0x0000, 0x0000, 0x0000, 0x0000, 0x0000, 0x0000, 0x0000,   // 0x0AC0 (2752) pixels
0x0000, 0x0000, 0x0000, 0x0000, 0x0000, 0x0000, 0x0000, 0x0000, 0x0000, 0x0000, 0x0000, 0x0000, 0x0000, 0x0000, 0x0000, 0x0081,   // 0x0AD0 (2768) pixels
0xD9A9, 0xE803, 0xD804, 0xD804, 0xD804, 0xD804, 0xD804, 0xD804, 0xF6A0, 0xF780, 0xF700, 0xF700, 0xF6E0, 0xF760, 0xECE1, 0xE2E2,   // 0x0AE0 (2784) pixels
0xFFA0, 0xF6E0, 0xF740, 0xEC81, 0xF740, 0xF700, 0xF5A0, 0xF720, 0xF700, 0xF5E0, 0xF720, 0xF6E0, 0xF5C0, 0xF700, 0xF740, 0xEC41,   // 0x0AF0 (2800) pixels
0xF740, 0xF700, 0xFFA0, 0xE104, 0xF6E0, 0xF720, 0xF700, 0xF6E0, 0xF700, 0xFFE0, 0xEBA2, 0xD805, 0xD804, 0xD804, 0xD804, 0xD804,   // 0x0B00 (2816) pixels
0xD804, 0xF004, 0xB20A, 0x0000, 0x0000, 0x0000, 0x0000, 0x0000, 0x0000, 0x0000, 0x0000, 0x0000, 0x0000, 0x0000, 0x0000, 0x0000,   // 0x0B10 (2832) pixels
0x0000, 0x0000, 0x0000, 0x0000, 0x0000, 0x0000, 0x0000, 0x0000, 0x0000, 0x0000, 0x0000, 0x0000, 0x0000, 0x0000, 0x0000, 0x0000,   // 0x0B20 (2848) pixels
0x0000, 0x0000, 0x0000, 0x0000, 0x0000, 0x0000, 0x0020, 0x91E9, 0xF804, 0xE004, 0xD804, 0xD804, 0xD804, 0xD804, 0xD805, 0xEC81,   // 0x0B30 (2864) pixels
0xFFC0, 0xF700, 0xF700, 0xF6E0, 0xF780, 0xEC81, 0xECC1, 0xF740, 0xF700, 0xF660, 0xF640, 0xF720, 0xF660, 0xF6E0, 0xF700, 0xF680,   // 0x0B40 (2880) pixels
0xF700, 0xF660, 0xF6E0, 0xF720, 0xF580, 0xF6C0, 0xF700, 0xFF80, 0xE2C2, 0xF680, 0xF720, 0xF700, 0xF6E0, 0xF740, 0xF760, 0xE143,   // 0x0B50 (2896) pixels
0xD804, 0xD804, 0xD804, 0xD804, 0xD804, 0xE003, 0xF886, 0x6208, 0x0000, 0x0000, 0x0000, 0x0000, 0x0000, 0x0000, 0x0000, 0x0000,   // 0x0B60 (2912) pixels
0x0000, 0x0000, 0x0000, 0x0000, 0x0000, 0x0000, 0x0000, 0x0000, 0x0000, 0x0000, 0x0000, 0x0000, 0x0000, 0x0000, 0x0000, 0x0000,   // 0x0B70 (2928) pixels
0x0000, 0x0000, 0x0000, 0x0000, 0x0000, 0x0000, 0x0000, 0x0000, 0x0000, 0x0000, 0x0000, 0x0000, 0x0000, 0x0000, 0x5208, 0xF8C7,   // 0x0B80 (2944) pixels
0xE003, 0xD804, 0xD804, 0xD804, 0xD804, 0xD805, 0xE203, 0xF7A0, 0xF700, 0xF700, 0xF6E0, 0xF780, 0xEC81, 0xF640, 0xF700, 0xF720,   // 0x0B90 (2960) pixels
0xF640, 0xF700, 0xF6E0, 0xF6E0, 0xF700, 0xF700, 0xF700, 0xF6E0, 0xF700, 0xF700, 0xF620, 0xF720, 0xF740, 0xECA1, 0xF600, 0xF720,   // 0x0BA0 (2976) pixels
0xF700, 0xF6E0, 0xF760, 0xF5E0, 0xD804, 0xD804, 0xD804, 0xD804, 0xD804, 0xD804, 0xE803, 0xE148, 0x2165, 0x0000, 0x0000, 0x0000,   // 0x0BB0 (2992) pixels
0x0000, 0x0000, 0x0000, 0x0000, 0x0000, 0x0000, 0x0000, 0x0000, 0x0000, 0x0000, 0x0000, 0x0000, 0x0000, 0x0000, 0x0000, 0x0000,   // 0x0BC0 (3008) pixels
0x0000, 0x0000, 0x0000, 0x0000, 0x0000, 0x0000, 0x0000, 0x0000, 0x0000, 0x0000, 0x0000, 0x0000, 0x0000, 0x0000, 0x0000, 0x0000,   // 0x0BD0 (3024) pixels
0x0000, 0x0000, 0x0000, 0x0000, 0x0000, 0x08E3, 0xD989, 0xE803, 0xD804, 0xD804, 0xD804, 0xD804, 0xD804, 0xD804, 0xF740, 0xF700,   // 0x0BE0 (3040) pixels
0xF700, 0xF6E0, 0xF760, 0xED21, 0xF6E0, 0xF700, 0xF700, 0xF700, 0xF700, 0xF700, 0xF700, 0xF700, 0xF700, 0xF700, 0xF700, 0xF6E0,   // 0x0BF0 (3056) pixels
0xF700, 0xF700, 0xF620, 0xF600, 0xF720, 0xF700, 0xF700, 0xF720, 0xF5E0, 0xD805, 0xD804, 0xD804, 0xD804, 0xD804, 0xD804, 0xF004,   // 0x0C00 (3072) pixels
0xAA0A, 0x0061, 0x0000, 0x0000, 0x0000, 0x0000, 0x0000, 0x0000, 0x0000, 0x0000, 0x0000, 0x0000, 0x0000, 0x0000, 0x0000, 0x0000,   // 0x0C10 (3088) pixels
0x0000, 0x0000, 0x0000, 0x0000, 0x0000, 0x0000, 0x0000, 0x0000, 0x0000, 0x0000, 0x0000, 0x0000, 0x0000, 0x0000, 0x0000, 0x0000,   // 0x0C20 (3104) pixels
0x0000, 0x0000, 0x0000, 0x0000, 0x0000, 0x0000, 0x0000, 0x0000, 0x0000, 0x0000, 0x0000, 0x0000, 0x0061, 0x99E9, 0xF804, 0xD804,   // 0x0C30 (3120) pixels
0xD804, 0xD804, 0xD804, 0xD805, 0xF640, 0xF720, 0xF700, 0xF700, 0xF6E0, 0xF720, 0xF660, 0xF700, 0xF700, 0xF700, 0xF700, 0xF700,   // 0x0C40 (3136) pixels
0xF700, 0xF700, 0xF700, 0xF700, 0xF700, 0xF700, 0xF700, 0xF700, 0xF680, 0xF720, 0xF700, 0xF700, 0xF700, 0xF740, 0xEC81, 0xD804,   // 0x0C50 (3152) pixels
0xD804, 0xD804, 0xD804, 0xE003, 0xF886, 0x61C8, 0x0000, 0x0000, 0x0000, 0x0000, 0x0000, 0x0000, 0x0000, 0x0000, 0x0000, 0x0000,   // 0x0C60 (3168) pixels
0x0000, 0x0000, 0x0000, 0x0000, 0x0000, 0x0000, 0x0000, 0x0000, 0x0000, 0x0000, 0x0000, 0x0000, 0x0000, 0x0000, 0x0000, 0x0000,   // 0x0C70 (3184) pixels
0x0000, 0x0000, 0x0000, 0x0000, 0x0000, 0x0000, 0x0000, 0x0000, 0x0000, 0x0000, 0x0000, 0x0000, 0x0000, 0x0000, 0x0000, 0x0000,   // 0x0C80 (3200) pixels
0x0000, 0x0000, 0x0000, 0x0000, 0x51C7, 0xF8A7, 0xD804, 0xD804, 0xD804, 0xD804, 0xED41, 0xF740, 0xF700, 0xF700, 0xF700, 0xF700,   // 0x0C90 (3216) pixels
0xF700, 0xF700, 0xF700, 0xF700, 0xF700, 0xF700, 0xF700, 0xF700, 0xF700, 0xF700, 0xF700, 0xF700, 0xF700, 0xF700, 0xF700, 0xF700,   // 0x0CA0 (3232) pixels
0xF700, 0xF700, 0xF700, 0xF760, 0xEB62, 0xD804, 0xD804, 0xD804, 0xE003, 0xE169, 0x1904, 0x0000, 0x0000, 0x0000, 0x0000, 0x0000,   // 0x0CB0 (3248) pixels
0x0000, 0x0000, 0x0000, 0x0000, 0x0000, 0x0000, 0x0000, 0x0000, 0x0000, 0x0000, 0x0000, 0x0000, 0x0000, 0x0000, 0x0000, 0x0000,   // 0x0CC0 (3264) pixels
0x0000, 0x0000, 0x0000, 0x0000, 0x0000, 0x0000, 0x0000, 0x0000, 0x0000, 0x0000, 0x0000, 0x0000, 0x0000, 0x0000, 0x0000, 0x0000,   // 0x0CD0 (3280) pixels
0x0000, 0x0000, 0x0000, 0x0000, 0x0000, 0x0000, 0x0000, 0x0000, 0x0000, 0x0000, 0x0000, 0x4208, 0xE803, 0xD804, 0xD804, 0xD804,   // 0x0CE0 (3296) pixels
0xEC21, 0xF740, 0xF700, 0xF700, 0xF700, 0xF700, 0xF700, 0xF700, 0xF700, 0xF700, 0xF700, 0xF700, 0xF700, 0xF700, 0xF700, 0xF700,   // 0x0CF0 (3312) pixels
0xF700, 0xF700, 0xF700, 0xF700, 0xF700, 0xF700, 0xF700, 0xF700, 0xF6E0, 0xF780, 0xE263, 0xD804, 0xD804, 0xD804, 0xF948, 0x00C2,   // 0x0D00 (3328) pixels
0x0000, 0x0000, 0x0000, 0x0000, 0x0000, 0x0000, 0x0000, 0x0000, 0x0000, 0x0000, 0x0000, 0x0000, 0x0000, 0x0000, 0x0000, 0x0000,   // 0x0D10 (3344) pixels
0x0000, 0x0000, 0x0000, 0x0000, 0x0000, 0x0000, 0x0000, 0x0000, 0x0000, 0x0000, 0x0000, 0x0000, 0x0000, 0x0000, 0x0000, 0x0000,   // 0x0D20 (3360) pixels
0x0000, 0x0000, 0x0000, 0x0000, 0x0000, 0x0000, 0x0000, 0x0000, 0x0000, 0x0000, 0x0000, 0x0000, 0x0000, 0x0000, 0x0000, 0x0000,   // 0x0D30 (3376) pixels
0x0000, 0x21C6, 0xF003, 0xD804, 0xD804, 0xD804, 0xEB02, 0xF760, 0xF700, 0xF700, 0xF700, 0xF700, 0xF700, 0xF700, 0xF700, 0xF700,   // 0x0D40 (3392) pixels
0xF700, 0xF700, 0xF700, 0xF700, 0xF700, 0xF700, 0xF700, 0xF700, 0xF700, 0xF700, 0xF700, 0xF700, 0xF700, 0xF700, 0xF6E0, 0xFFA0,   // 0x0D50 (3408) pixels
0xE123, 0xD804, 0xD804, 0xE004, 0xE169, 0x0000, 0x0000, 0x0000, 0x0000, 0x0000, 0x0000, 0x0000, 0x0000, 0x0000, 0x0000, 0x0000,   // 0x0D60 (3424) pixels
0x0000, 0x0000, 0x0000, 0x0000, 0x0000, 0x0000, 0x0000, 0x0000, 0x0000, 0x0000, 0x0000, 0x0000, 0x0000, 0x0000, 0x0000, 0x0000,   // 0x0D70 (3440) pixels
0x0000, 0x0000, 0x0000, 0x0000, 0x0000, 0x0000, 0x0000, 0x0000, 0x0000, 0x0000, 0x0000, 0x0000, 0x0000, 0x0000, 0x0000, 0x0000,   // 0x0D80 (3456) pixels
0x0000, 0x0000, 0x0000, 0x0000, 0x0000, 0x0000, 0x0000, 0x0020, 0xF908, 0xD804, 0xD804, 0xD804, 0xE203, 0xFF80, 0xF6E0, 0xF700,   // 0x0D90 (3472) pixels
0xF700, 0xF700, 0xF700, 0xF700, 0xF700, 0xF700, 0xF700, 0xF700, 0xF700, 0xF700, 0xF700, 0xF700, 0xF700, 0xF700, 0xF700, 0xF700,   // 0x0DA0 (3488) pixels
0xF700, 0xF700, 0xF700, 0xF700, 0xF700, 0xFFC0, 0xD844, 0xD804, 0xD804, 0xE004, 0xC9C9, 0x0000, 0x0000, 0x0000, 0x0000, 0x0000,   // 0x0DB0 (3504) pixels
0x0000, 0x0000, 0x0000, 0x0000, 0x0000, 0x0000, 0x0000, 0x0000, 0x0000, 0x0000, 0x0000, 0x0000, 0x0000, 0x0000, 0x0000, 0x0000,   // 0x0DC0 (3520) pixels
0x0000, 0x0000, 0x0000, 0x0000, 0x0000, 0x0000, 0x0000, 0x0000, 0x0000, 0x0000, 0x0000, 0x0000, 0x0000, 0x0000, 0x0000, 0x0000,   // 0x0DD0 (3536) pixels
0x0000, 0x0000, 0x0000, 0x0000, 0x0000, 0x0000, 0x0000, 0x0000, 0x0000, 0x0000, 0x0000, 0x0000, 0x0000, 0x0000, 0xF1AA, 0xD804,   // 0x0DE0 (3552) pixels
0xD804, 0xD804, 0xE0C4, 0xFFC0, 0xF6E0, 0xF700, 0xF700, 0xF700, 0xF700, 0xF700, 0xF700, 0xF700, 0xF700, 0xF700, 0xF700, 0xF700,   // 0x0DF0 (3568) pixels
0xF700, 0xF700, 0xF700, 0xF700, 0xF700, 0xF700, 0xF700, 0xF700, 0xF700, 0xF700, 0xF700, 0xF760, 0xD804, 0xD804, 0xD804, 0xE004,   // 0x0E00 (3584) pixels
0xA988, 0x0000, 0x0000, 0x0000, 0x0000, 0x0000, 0x0000, 0x0000, 0x0000, 0x0000, 0x0000, 0x0000, 0x0000, 0x0000, 0x0000, 0x0000,   // 0x0E10 (3600) pixels
0x0000, 0x0000, 0x0000, 0x0000, 0x0000, 0x0000, 0x0000, 0x0000, 0x0000, 0x0000, 0x0000, 0x0000, 0x0000, 0x0000, 0x0000, 0x0000,   // 0x0E20 (3616) pixels
0x0000, 0x0000, 0x0000, 0x0000, 0x0000, 0x0000, 0x0000, 0x0000, 0x0000, 0x0000, 0x0000, 0x0000, 0x0000, 0x0000, 0x0000, 0x0000,   // 0x0E30 (3632) pixels
0x0000, 0x0000, 0x0000, 0x0000, 0xC127, 0xE004, 0xD804, 0xD804, 0xD824, 0xFFE0, 0xF760, 0xF740, 0xF740, 0xF740, 0xF740, 0xF740,   // 0x0E40 (3648) pixels
0xF740, 0xF740, 0xF740, 0xF700, 0xF700, 0xF700, 0xF700, 0xF700, 0xF740, 0xF740, 0xF740, 0xF740, 0xF740, 0xF740, 0xF740, 0xF740,   // 0x0E50 (3664) pixels
0xF760, 0xF720, 0xD805, 0xD804, 0xD804, 0xE804, 0x6905, 0x0000, 0x0000, 0x0000, 0x0000, 0x0000, 0x0000, 0x0000, 0x0000, 0x0000,   // 0x0E60 (3680) pixels
0x0000, 0x0000, 0x0000, 0x0000, 0x0000, 0x0000, 0x0000, 0x0000, 0x0000, 0x0000, 0x0000, 0x0000, 0x0000, 0x0000, 0x0000, 0x0000,   // 0x0E70 (3696) pixels
0x0000, 0x0000, 0x0000, 0x0000, 0x0000, 0x0000, 0x0000, 0x0000, 0x0000, 0x0000, 0x0000, 0x0000, 0x0000, 0x0000, 0x0000, 0x0000,   // 0x0E80 (3712) pixels
0x0000, 0x0000, 0x0000, 0x0000, 0x0000, 0x0000, 0x0000, 0x0000, 0x0000, 0x0000, 0xB1A8, 0xE004, 0xD804, 0xD804, 0xD804, 0xEC41,   // 0x0E90 (3728) pixels
0xEC21, 0xEC21, 0xEC21, 0xEC21, 0xEC21, 0xEC21, 0xEC21, 0xEC01, 0xEBE2, 0xF780, 0xF720, 0xF700, 0xF760, 0xF6E0, 0xEBC2, 0xEC21,   // 0x0EA0 (3744) pixels
0xEC21, 0xEC21, 0xEC21, 0xEC21, 0xEC21, 0xEC21, 0xEC21, 0xEB62, 0xD804, 0xD804, 0xD804, 0xE804, 0x69A7, 0x0000, 0x0000, 0x0000,   // 0x0EB0 (3760) pixels
0x0000, 0x0000, 0x0000, 0x0000, 0x0000, 0x0000, 0x0000, 0x0000, 0x0000, 0x0000, 0x0000, 0x0000, 0x0000, 0x0000, 0x0000, 0x0000,   // 0x0EC0 (3776) pixels
0x0000, 0x0000, 0x0000, 0x0000, 0x0000, 0x0000, 0x0000, 0x0000, 0x0000, 0x0000, 0x0000, 0x0000, 0x0000, 0x0000, 0x0000, 0x0000,   // 0x0ED0 (3792) pixels
0x0000, 0x0000, 0x0000, 0x0000, 0x0000, 0x0000, 0x0000, 0x0000, 0x0000, 0x0000, 0x0000, 0x0000, 0x0000, 0x0000, 0x0000, 0x0000,   // 0x0EE0 (3808) pixels
0x70C5, 0xE804, 0xD804, 0xD804, 0xD804, 0xD804, 0xD804, 0xD804, 0xD804, 0xD804, 0xD804, 0xD804, 0xD804, 0xD804, 0xD804, 0xD844,   // 0x0EF0 (3824) pixels
0xF620, 0xFFE0, 0xED21, 0xD804, 0xD804, 0xD804, 0xD804, 0xD804, 0xD804, 0xD804, 0xD804, 0xD804, 0xD804, 0xD804, 0xD804, 0xD804,   // 0x0F00 (3840) pixels
0xD804, 0xF004, 0x20A3, 0x0000, 0x0000, 0x0000, 0x0000, 0x0000, 0x0000, 0x0000, 0x0000, 0x0000, 0x0000, 0x0000, 0x0000, 0x0000,   // 0x0F10 (3856) pixels
0x0000, 0x0000, 0x0000, 0x0000, 0x0000, 0x0000, 0x0000, 0x0000, 0x0000, 0x0000, 0x0000, 0x0000, 0x0000, 0x0000, 0x0000, 0x0000,   // 0x0F20 (3872) pixels
0x0000, 0x0000, 0x0000, 0x0000, 0x0000, 0x0000, 0x0000, 0x0000, 0x0000, 0x0000, 0x0000, 0x0000, 0x0000, 0x0000, 0x0000, 0x0000,   // 0x0F30 (3888) pixels
0x0000, 0x0000, 0x0000, 0x0000, 0x0000, 0x0000, 0x6987, 0xE804, 0xD804, 0xD804, 0xD804, 0xD804, 0xD804, 0xD804, 0xD804, 0xD804,   // 0x0F40 (3904) pixels
0xD804, 0xD804, 0xD804, 0xD804, 0xD804, 0xD804, 0xD804, 0xD804, 0xD804, 0xD804, 0xD804, 0xD804, 0xD804, 0xD804, 0xD804, 0xD804,   // 0x0F50 (3920) pixels
0xD804, 0xD804, 0xD804, 0xD804, 0xD804, 0xD804, 0xD804, 0xF804, 0x21A6, 0x0000, 0x0000, 0x0000, 0x0000, 0x0000, 0x0000, 0x0000,   // 0x0F60 (3936) pixels
0x0000, 0x0000, 0x0000, 0x0000, 0x0000, 0x0000, 0x0000, 0x0000, 0x0000, 0x0000, 0x0000, 0x0000, 0x0000, 0x0000, 0x0000, 0x0000,   // 0x0F70 (3952) pixels
0x0000, 0x0000, 0x0000, 0x0000, 0x0000, 0x0000, 0x0000, 0x0000, 0x0000, 0x0000, 0x0000, 0x0000, 0x0000, 0x0000, 0x0000, 0x0000,   // 0x0F80 (3968) pixels
0x0000, 0x0000, 0x0000, 0x0000, 0x0000, 0x0000, 0x0000, 0x0000, 0x0000, 0x0000, 0x0000, 0x0000, 0x3925, 0xF004, 0xD804, 0xD804,   // 0x0F90 (3984) pixels
0xD804, 0xD804, 0xD804, 0xD804, 0xD804, 0xD804, 0xD804, 0xD804, 0xD804, 0xD804, 0xD804, 0xD804, 0xD804, 0xD804, 0xD804, 0xD804,   // 0x0FA0 (4000) pixels
0xD804, 0xD804, 0xD804, 0xD804, 0xD804, 0xD804, 0xD804, 0xD804, 0xD804, 0xD804, 0xD804, 0xD804, 0xD804, 0xF0C7, 0x0000, 0x0000,   // 0x0FB0 (4016) pixels
0x0000, 0x0000, 0x0000, 0x0000, 0x0000, 0x0000, 0x0000, 0x0000, 0x0000, 0x0000, 0x0000, 0x0000, 0x0000, 0x0000, 0x0000, 0x0000,   // 0x0FC0 (4032) pixels
0x0000, 0x0000, 0x0000, 0x0000, 0x0000, 0x0000, 0x0000, 0x0000, 0x0000, 0x0000, 0x0000, 0x0000, 0x0000, 0x0000, 0x0000, 0x0000,   // 0x0FD0 (4048) pixels
0x0000, 0x0000, 0x0000, 0x0000, 0x0000, 0x0000, 0x0000, 0x0000, 0x0000, 0x0000, 0x0000, 0x0000, 0x0000, 0x0000, 0x0000, 0x0000,   // 0x0FE0 (4064) pixels
0x0000, 0x0000, 0x21A6, 0xF804, 0xF004, 0xF004, 0xF004, 0xF004, 0xF004, 0xF004, 0xF004, 0xF004, 0xF004, 0xF004, 0xF004, 0xF004,   // 0x0FF0 (4080) pixels
0xE804, 0xD804, 0xD804, 0xD804, 0xD804, 0xD804, 0xE804, 0xF004, 0xF004, 0xF004, 0xF004, 0xF004, 0xF004, 0xF004, 0xF004, 0xF004,   // 0x1000 (4096) pixels
0xF004, 0xF004, 0xF004, 0xF989, 0x0000, 0x0000, 0x0000, 0x0000, 0x0000, 0x0000, 0x0000, 0x0000, 0x0000, 0x0000, 0x0000, 0x0000,   // 0x1010 (4112) pixels
0x0000, 0x0000, 0x0000, 0x0000, 0x0000, 0x0000, 0x0000, 0x0000, 0x0000, 0x0000, 0x0000, 0x0000, 0x0000, 0x0000, 0x0000, 0x0000,   // 0x1020 (4128) pixels
0x0000, 0x0000, 0x0000, 0x0000, 0x0000, 0x0000, 0x0000, 0x0000, 0x0000, 0x0000, 0x0000, 0x0000, 0x0000, 0x0000, 0x0000, 0x0000,   // 0x1030 (4144) pixels
0x0000, 0x0000, 0x0000, 0x0000, 0x0000, 0x0000, 0x0000, 0x0000, 0x0000, 0x38A3, 0x3082, 0x3082, 0x3082, 0x3082, 0x3082, 0x3082,   // 0x1040 (4160) pixels
0x3082, 0x3082, 0x3082, 0x3082, 0x3082, 0x3062, 0x7187, 0xF845, 0xE804, 0xE804, 0xE803, 0xF8E7, 0x5145, 0x3062, 0x3082, 0x3082,   // 0x1050 (4176) pixels
0x3082, 0x3082, 0x3082, 0x3082, 0x3082, 0x3082, 0x3082, 0x3082, 0x3882, 0x2882, 0x0000, 0x0000, 0x0000, 0x0000, 0x0000, 0x0000,   // 0x1060 (4192) pixels
0x0000, 0x0000, 0x0000, 0x0000, 0x0000, 0x0000, 0x0000, 0x0000, 0x0000, 0x0000, 0x0000, 0x0000, 0x0000, 0x0000, 0x0000, 0x0000,   // 0x1070 (4208) pixels
0x0000, 0x0000, 0x0000, 0x0000, 0x0000, 0x0000, 0x0000, 0x0000, 0x0000, 0x0000, 0x0000, 0x0000, 0x0000, 0x0000, 0x0000, 0x0000,   // 0x1080 (4224) pixels
0x0000, 0x0000, 0x0000, 0x0000, 0x0000, 0x0000, 0x0000, 0x0000, 0x0000, 0x0000, 0x0000, 0x0000, 0x0000, 0x0000, 0x0000, 0x0000,   // 0x1090 (4240) pixels
0x0000, 0x0000, 0x0000, 0x0000, 0x0000, 0x0000, 0x0000, 0x0000, 0x0000, 0x0000, 0x0000, 0x0000, 0x0000, 0x1104, 0x8987, 0x88C5,   // 0x10A0 (4256) pixels
0x7987, 0x0082, 0x0000, 0x0000, 0x0000, 0x0000, 0x0000, 0x0000, 0x0000, 0x0000, 0x0000, 0x0000, 0x0000, 0x0000, 0x0000, 0x0000,   // 0x10B0 (4272) pixels
0x0000, 0x0000, 0x0000, 0x0000, 0x0000, 0x0000, 0x0000, 0x0000, 0x0000, 0x0000, 0x0000, 0x0000, 0x0000, 0x0000, 0x0000, 0x0000,   // 0x10C0 (4288) pixels
0x0000, 0x0000, 0x0000, 0x0000, 0x0000, 0x0000, 0x0000, 0x0000, 0x0000, 0x0000, 0x0000, 0x0000
};

static const uint16_t logo_hem[STATION_LOGO_W * STATION_LOGO_H] PROGMEM = {
0x0000, 0x0000, 0x0000, 0x0000, 0x0000, 0x0000, 0x0000, 0x0000, 0x0000, 0x0000, 0x0000, 0x0000, 0x0000, 0x0000, 0x0000, 0x0000,   // 0x0010 (16) pixels
0x0000, 0x0000, 0x0000, 0x0000, 0x0000, 0x0000, 0x0000, 0x0000, 0x0000, 0x0000, 0x0000, 0x0000, 0x0000, 0x0000, 0x0000, 0x0000,   // 0x0020 (32) pixels
0x0000, 0x0000, 0x0000, 0x0000, 0x0000, 0x0000, 0x0000, 0x0000, 0x0000, 0x0000, 0x0000, 0x0000, 0x0000, 0x0000, 0x0000, 0x0000,   // 0x0030 (48) pixels
0x0000, 0x0000, 0x0000, 0x0000, 0x0000, 0x0000, 0x0000, 0x0000, 0x0000, 0x0000, 0x0000, 0x0000, 0x0000, 0x0000, 0x0000, 0x0000,   // 0x0040 (64) pixels
0x0000, 0x0000, 0x0000, 0x0000, 0x0000, 0x0000, 0x0000, 0x0000, 0x0000, 0x0000, 0x0000, 0x0000, 0x0000, 0x0000, 0x0000, 0x0000,   // 0x0050 (80) pixels
0x0000, 0x0000, 0x0000, 0x0000, 0x0000, 0x0000, 0x0000, 0x0000, 0x0000, 0x0000, 0x0000, 0x0000, 0x0000, 0x0000, 0x0000, 0x0000,   // 0x0060 (96) pixels
0x0000, 0x0000, 0x0000, 0x0000, 0x0000, 0x0000, 0x0000, 0x0000, 0x0000, 0x0000, 0x0000, 0x0000, 0x0000, 0x0000, 0x0000, 0x0000,   // 0x0070 (112) pixels
0x0000, 0x0000, 0x0000, 0x0000, 0x0000, 0x0000, 0x0000, 0x0000, 0x0000, 0x0000, 0x0000, 0x0000, 0x0000, 0x0000, 0x0000, 0x0000,   // 0x0080 (128) pixels
0x0000, 0x0000, 0x0000, 0x0000, 0x0000, 0x0000, 0x0000, 0x0000, 0x0000, 0x0000, 0x0000, 0x0000, 0x0000, 0x0000, 0x0000, 0x0000,   // 0x0090 (144) pixels
0x0000, 0x0000, 0x0000, 0x0000, 0x0000, 0x0000, 0x0000, 0x0000, 0x0000, 0x0000, 0x0000, 0x0000, 0x0000, 0x0000, 0x0000, 0x0000,   // 0x00A0 (160) pixels
0x0000, 0x0000, 0x0000, 0x0000, 0x0000, 0x0000, 0x0000, 0x0000, 0x0000, 0x0000, 0x0000, 0x0000, 0x0000, 0x0000, 0x0000, 0x0000,   // 0x00B0 (176) pixels
0x0000, 0x0000, 0x0000, 0x0000, 0x0000, 0x0000, 0x0000, 0x0000, 0x0000, 0x0000, 0x0000, 0x0000, 0x0000, 0x0000, 0x0000, 0x0000,   // 0x00C0 (192) pixels
0x0000, 0x0000, 0x0000, 0x0000, 0x0000, 0x0000, 0x0000, 0x0000, 0x0000, 0x0000, 0x0000, 0x0000, 0x0000, 0x0000, 0x0000, 0x0000,   // 0x00D0 (208) pixels
0x0000, 0x0000, 0x0000, 0x0000, 0x0000, 0x0000, 0x0000, 0x0000, 0x0000, 0x0000, 0x0000, 0x0000, 0x0000, 0x0000, 0x0000, 0x0000,   // 0x00E0 (224) pixels
0x0000, 0x0000, 0x0000, 0x0000, 0x0000, 0x0000, 0x0000, 0x0000, 0x0000, 0x0000, 0x0000, 0x0000, 0x0000, 0x0000, 0x0000, 0x0000,   // 0x00F0 (240) pixels
0x0000, 0x0000, 0x0000, 0x0000, 0x0000, 0x0000, 0x0000, 0x0000, 0x0000, 0x0000, 0x0000, 0x0000, 0x0000, 0x0000, 0x0000, 0x0000,   // 0x0100 (256) pixels
0x0000, 0x0000, 0x0000, 0x0000, 0x0000, 0x0000, 0x0000, 0x0000, 0x0000, 0x0000, 0x0000, 0x0000, 0x0000, 0x0000, 0x0000, 0x0000,   // 0x0110 (272) pixels
0x0000, 0x0000, 0x0000, 0x0000, 0x0000, 0x0000, 0x0000, 0x0000, 0x0000, 0x0000, 0x0000, 0x0000, 0x0000, 0x0000, 0x0000, 0x0000,   // 0x0120 (288) pixels
0x0000, 0x0000, 0x0000, 0x0000, 0x0000, 0x0000, 0x0000, 0x0000, 0x0000, 0x0000, 0x0000, 0x0000, 0x0000, 0x0000, 0x0000, 0x0000,   // 0x0130 (304) pixels
0x0000, 0x0000, 0x0000, 0x0000, 0x0000, 0x0000, 0x0000, 0x0000, 0x0000, 0x0000, 0x0000, 0x0000, 0x0000, 0x0000, 0x0000, 0x0000,   // 0x0140 (320) pixels
0x0000, 0x0000, 0x0000, 0x0000, 0x0000, 0x0000, 0x0000, 0x0000, 0x0000, 0x0000, 0x0000, 0x0000, 0x0000, 0x0000, 0x0000, 0x0000,   // 0x0150 (336) pixels
0x0000, 0x0000, 0x0000, 0x0000, 0x0000, 0x0000, 0x0000, 0x0000, 0x0000, 0x0000, 0x0000, 0x0000, 0x0000, 0x0000, 0x0000, 0x0000,   // 0x0160 (352) pixels
0x0000, 0x0000, 0x0000, 0x0000, 0x0000, 0x0000, 0x0000, 0x0000, 0x0000, 0x0000, 0x0000, 0x0000, 0x0000, 0x0000, 0x0000, 0x0000,   // 0x0170 (368) pixels
0x0000, 0x0000, 0x0000, 0x0000, 0x0000, 0x0000, 0x0000, 0x0000, 0x0000, 0x0000, 0x0000, 0x0000, 0x0000, 0x0000, 0x0000, 0x0000,   // 0x0180 (384) pixels
0x0000, 0x0000, 0x0000, 0x0000, 0x0000, 0x0000, 0x0000, 0x0000, 0x0000, 0x0000, 0x0000, 0x0000, 0x0000, 0x0000, 0x0000, 0x0000,   // 0x0190 (400) pixels
0x0000, 0x0000, 0x0000, 0x0000, 0x0000, 0x0000, 0x0000, 0x0000, 0x0000, 0x0000, 0x0000, 0x0000, 0x0000, 0x0000, 0x0000, 0x0000,   // 0x01A0 (416) pixels
0x0000, 0x0000, 0x0000, 0x0000, 0x0000, 0x0000, 0x0000, 0x0000, 0x0000, 0x0000, 0x0000, 0x0000, 0x0000, 0x0000, 0x0000, 0x0000,   // 0x01B0 (432) pixels
0x0000, 0x0000, 0x0000, 0x0000, 0x0000, 0x0000, 0x0000, 0x0000, 0x0000, 0x0000, 0x0000, 0x0000, 0x0000, 0x0000, 0x0000, 0x0000,   // 0x01C0 (448) pixels
0x0000, 0x0000, 0x0000, 0x0000, 0x0000, 0x0000, 0x0000, 0x0000, 0x0000, 0x0000, 0x0000, 0x0000, 0x0000, 0x0000, 0x0000, 0x0000,   // 0x01D0 (464) pixels
0x0000, 0x0000, 0x0000, 0x0000, 0x0000, 0x0000, 0x0000, 0x0000, 0x0000, 0x0000, 0x0000, 0x0000, 0x0000, 0x0000, 0x0000, 0x0000,   // 0x01E0 (480) pixels
0x0000, 0x0000, 0x0000, 0x0000, 0x0000, 0x0000, 0x0000, 0x0000, 0x0000, 0x0000, 0x0000, 0x0000, 0x0000, 0x0000, 0x0000, 0x0000,   // 0x01F0 (496) pixels
0x0000, 0x0000, 0x0000, 0x0000, 0x0000, 0x0000, 0x0000, 0x0000, 0x0000, 0x0000, 0x0000, 0x0000, 0x0000, 0x0000, 0x0000, 0x0000,   // 0x0200 (512) pixels
0x0000, 0x0000, 0x0000, 0x0000, 0x0000, 0x0000, 0x0000, 0x0000, 0x0000, 0x0000, 0x0000, 0x0000, 0x0000, 0x0000, 0x0000, 0x0000,   // 0x0210 (528) pixels
0x0000, 0x0000, 0x0000, 0x0000, 0x0000, 0x0000, 0x0000, 0x0000, 0x0000, 0x0000, 0x0000, 0x0000, 0x0000, 0x0000, 0x0000, 0x0000,   // 0x0220 (544) pixels
0x0000, 0x0000, 0x0000, 0x0000, 0x0000, 0x0000, 0x0000, 0x0000, 0x0000, 0x0000, 0x0000, 0x0000, 0x0000, 0x0000, 0x0000, 0x0000,   // 0x0230 (560) pixels
0x0000, 0x0000, 0x0000, 0x0000, 0x0000, 0x0000, 0x0000, 0x0000, 0x0000, 0x0000, 0x0000, 0x0000, 0x0000, 0x0000, 0x0000, 0x0000,   // 0x0240 (576) pixels
0x0000, 0x0000, 0x0000, 0x0000, 0x0000, 0x0000, 0x0000, 0x0000, 0x0000, 0x0000, 0x0000, 0x0000, 0x0000, 0x0000, 0x0000, 0x0000,   // 0x0250 (592) pixels
0x0000, 0x0000, 0x0000, 0x0000, 0x0000, 0x0000, 0x0000, 0x0000, 0x0000, 0x0000, 0x0000, 0x0000, 0x0000, 0x0000, 0x0000, 0x0000,   // 0x0260 (608) pixels
0x0000, 0x0000, 0x0000, 0x0000, 0x0000, 0x0000, 0x0000, 0x0000, 0x0000, 0x0000, 0x0000, 0x0000, 0x0000, 0x0000, 0x0000, 0x0000,   // 0x0270 (624) pixels
0x0000, 0x0000, 0x0000, 0x0000, 0x0000, 0x0000, 0x0000, 0x0000, 0x0000, 0x0000, 0x0000, 0x0000, 0x0000, 0x0000, 0x0000, 0x0000,   // 0x0280 (640) pixels
0x0000, 0x0000, 0x0000, 0x0000, 0x0000, 0x0000, 0x0000, 0x0000, 0x0000, 0x0000, 0x0000, 0x0000, 0x0000, 0x0000, 0x0000, 0x0000,   // 0x0290 (656) pixels
0x0000, 0x0000, 0x0000, 0x0000, 0x0000, 0x0000, 0x0000, 0x0000, 0x0000, 0x0000, 0x0000, 0x0000, 0x0000, 0x0000, 0x0000, 0x0000,   // 0x02A0 (672) pixels
0x0000, 0x0000, 0x0000, 0x0000, 0x0000, 0x0000, 0x0000, 0x0000, 0x0000, 0x0000, 0x0000, 0x0000, 0x0000, 0x0000, 0x0000, 0x0000,   // 0x02B0 (688) pixels
0x0000, 0x0000, 0x0000, 0x0000, 0x0000, 0x0000, 0x0000, 0x0000, 0x0000, 0x0000, 0x0000, 0x0000, 0x0000, 0x0000, 0x0000, 0x0000,   // 0x02C0 (704) pixels
0x0000, 0x0000, 0x0000, 0x0000, 0x0000, 0x0000, 0x0000, 0x0000, 0x0000, 0x0000, 0x0000, 0x0000, 0x0000, 0x0000, 0x0000, 0x0000,   // 0x02D0 (720) pixels
0x0000, 0x0000, 0x0000, 0x0000, 0x0000, 0x0000, 0x0000, 0x0000, 0x0000, 0x0000, 0x0000, 0x0000, 0x0000, 0x0000, 0x0000, 0x0000,   // 0x02E0 (736) pixels
0x0000, 0x0000, 0x0000, 0x0000, 0x0000, 0x0000, 0x0000, 0x0000, 0x0000, 0x0000, 0x0000, 0x0000, 0x0000, 0x0000, 0x0000, 0x0000,   // 0x02F0 (752) pixels
0x0000, 0x0000, 0x0000, 0x0000, 0x0000, 0x0000, 0x0000, 0x0000, 0x0000, 0x0000, 0x0000, 0x0000, 0x0000, 0x0000, 0x0000, 0x0000,   // 0x0300 (768) pixels
0x0000, 0x0000, 0x0000, 0x0000, 0x0000, 0x0000, 0x0000, 0x0000, 0x0000, 0x0000, 0x0000, 0x0000, 0x0000, 0x0000, 0x0000, 0x0000,   // 0x0310 (784) pixels
0x0000, 0x0000, 0x0000, 0x0000, 0x0000, 0x0000, 0x0000, 0x0000, 0x0000, 0x0000, 0x0000, 0x0000, 0x0000, 0x0000, 0x0000, 0x0000,   // 0x0320 (800) pixels
0x0000, 0x0000, 0x0000, 0x0000, 0x0000, 0x0000, 0x0000, 0x0000, 0x0000, 0x0000, 0x0000, 0x0000, 0x0000, 0x0000, 0x0000, 0x0000,   // 0x0330 (816) pixels
0x0000, 0x0000, 0x0000, 0x0000, 0x0000, 0x0000, 0x0000, 0x0000, 0x0000, 0x0000, 0x0000, 0x0000, 0x0000, 0x0000, 0x0000, 0x0000,   // 0x0340 (832) pixels
0x0000, 0x0000, 0x0000, 0x0000, 0x0000, 0x0000, 0x0000, 0x0000, 0x0000, 0x0000, 0x0000, 0x0000, 0x0000, 0x0000, 0x0000, 0x0000,   // 0x0350 (848) pixels
0x0000, 0x0000, 0x0000, 0x0000, 0x0000, 0x0000, 0x0000, 0x0000, 0x0000, 0x0000, 0x0000, 0x0000, 0x0000, 0x0000, 0x0000, 0x0000,   // 0x0360 (864) pixels
0x0000, 0x0000, 0x0000, 0x0000, 0x0000, 0x0000, 0x0000, 0x08A4, 0x08E5, 0x0021, 0x00C5, 0x00A5, 0x00A4, 0x00A4, 0x00C4, 0x08A4,   // 0x0370 (880) pixels
0x08A4, 0x0042, 0x0000, 0x0000, 0x0000, 0x0000, 0x0000, 0x0000, 0x0000, 0x0000, 0x0000, 0x0000, 0x0000, 0x0000, 0x0000, 0x0000,   // 0x0380 (896) pixels
0x0000, 0x0000, 0x0000, 0x0000, 0x0000, 0x0000, 0x0000, 0x0000, 0x0000, 0x0000, 0x0000, 0x0000, 0x0000, 0x0000, 0x0000, 0x0000,   // 0x0390 (912) pixels
0x0000, 0x0000, 0x0000, 0x0000, 0x0000, 0x0000, 0x0000, 0x0000, 0x0000, 0x0000, 0x0000, 0x0000, 0x0000, 0x0000, 0x0000, 0x0000,   // 0x03A0 (928) pixels
0x0000, 0x0000, 0x0000, 0x0000, 0x0000, 0x0000, 0x0000, 0x0000, 0x0000, 0x0000, 0x0000, 0x0000, 0x0000, 0x0000, 0x0000, 0x0000,   // 0x03B0 (944) pixels
0x0000, 0x0000, 0x0000, 0x0000, 0x0000, 0x0000, 0x0000, 0x0000, 0x0000, 0x0000, 0x0000, 0x0000, 0x0000, 0x08C4, 0x08C5, 0x00A5,   // 0x03C0 (960) pixels
0x0883, 0xA2C2, 0x51A3, 0x2226, 0x1184, 0x08A5, 0x0021, 0x0000, 0x0000, 0x0000, 0x0000, 0x0000, 0x0000, 0x0000, 0x0000, 0x0000,   // 0x03D0 (976) pixels
0x0000, 0x0000, 0x0000, 0x0000, 0x0000, 0x0000, 0x0000, 0x0000, 0x0000, 0x0000, 0x0000, 0x0000, 0x0000, 0x0000, 0x0000, 0x0000,   // 0x03E0 (992) pixels
0x0000, 0x0000, 0x0000, 0x0000, 0x0000, 0x0000, 0x0000, 0x0000, 0x0000, 0x0000, 0x0000, 0x0000, 0x0000, 0x0000, 0x0000, 0x0000,   // 0x03F0 (1008) pixels
0x0000, 0x0000, 0x0000, 0x0000, 0x0000, 0x0000, 0x0000, 0x0000, 0x0000, 0x0000, 0x0000, 0x0000, 0x0000, 0x0000, 0x0000, 0x0000,   // 0x0400 (1024) pixels
0x0000, 0x0000, 0x0000, 0x0000, 0x0000, 0x0000, 0x0000, 0x0000, 0x0000, 0x0000, 0x0000, 0x0000, 0x0000, 0x0000, 0x0000, 0x0000,   // 0x0410 (1040) pixels
0x0000, 0x0000, 0x0000, 0x00A4, 0x0064, 0x7A22, 0xFC21, 0xE3A1, 0x0003, 0x7566, 0x3B45, 0x0043, 0x0063, 0x0000, 0x0000, 0x0000,   // 0x0420 (1056) pixels
0x0000, 0x0000, 0x0000, 0x0000, 0x0000, 0x0000, 0x0000, 0x0000, 0x0000, 0x0000, 0x0000, 0x0000, 0x0000, 0x0000, 0x0000, 0x0000,   // 0x0430 (1072) pixels
0x0000, 0x0000, 0x0000, 0x0000, 0x0000, 0x0000, 0x0000, 0x0000, 0x0000, 0x0000, 0x0000, 0x0000, 0x0000, 0x0000, 0x0000, 0x0000,   // 0x0440 (1088) pixels
0x0000, 0x0000, 0x0000, 0x0000, 0x0000, 0x0000, 0x0000, 0x0000, 0x0000, 0x0000, 0x0000, 0x0000, 0x0000, 0x0000, 0x0000, 0x0000,   // 0x0450 (1104) pixels
0x0000, 0x0000, 0x0000, 0x0000, 0x0000, 0x0000, 0x0000, 0x0000, 0x0000, 0x0000, 0x0000, 0x0000, 0x0000, 0x0000, 0x0000, 0x0000,   // 0x0460 (1120) pixels
0x0000, 0x0000, 0x0000, 0x0000, 0x0000, 0x0000, 0x08C5, 0x08C5, 0x0065, 0x3123, 0xE3E2, 0xFC20, 0xFC40, 0x3123, 0x2205, 0x8E44,   // 0x0470 (1136) pixels
0x7D86, 0x0044, 0x0000, 0x0000, 0x0000, 0x0000, 0x0000, 0x0000, 0x0000, 0x0000, 0x0000, 0x0000, 0x0000, 0x0000, 0x0000, 0x0000,   // 0x0480 (1152) pixels
0x0000, 0x0000, 0x0000, 0x0000, 0x0000, 0x0000, 0x0000, 0x0000, 0x0000, 0x0000, 0x0000, 0x0000, 0x0000, 0x0000, 0x0000, 0x0000,   // 0x0490 (1168) pixels
0x0000, 0x0000, 0x0000, 0x0000, 0x0000, 0x0000, 0x0000, 0x0000, 0x0000, 0x0000, 0x0000, 0x0000, 0x0000, 0x0000, 0x0000, 0x0000,   // 0x04A0 (1184) pixels
0x0000, 0x0000, 0x0000, 0x0000, 0x0000, 0x0000, 0x0000, 0x0000, 0x0000, 0x0000, 0x0000, 0x0000, 0x0000, 0x0000, 0x0000, 0x0000,   // 0x04B0 (1200) pixels
0x0000, 0x0000, 0x0000, 0x0000, 0x0000, 0x0000, 0x0000, 0x0000, 0x0000, 0x0000, 0x0000, 0x0000, 0x00A4, 0x0064, 0x82A3, 0xFCA2,   // 0x04C0 (1216) pixels
0xF441, 0xFC42, 0xCBC3, 0x0004, 0x6CE5, 0x8E24, 0x8E44, 0x2A65, 0x0043, 0x0000, 0x0000, 0x0000, 0x0000, 0x0000, 0x0000, 0x0000,   // 0x04D0 (1232) pixels
0x0000, 0x0000, 0x0000, 0x0000, 0x0000, 0x0000, 0x0000, 0x0000, 0x0000, 0x0000, 0x0000, 0x0000, 0x0000, 0x0000, 0x0000, 0x0000,   // 0x04E0 (1248) pixels
0x0000, 0x0000, 0x0000, 0x0000, 0x0000, 0x0000, 0x0000, 0x0000, 0x0000, 0x0000, 0x0000, 0x0000, 0x0000, 0x0000, 0x0000, 0x0000,   // 0x04F0 (1264) pixels
0x0000, 0x0000, 0x0000, 0x0000, 0x0000, 0x0000, 0x0000, 0x0000, 0x0000, 0x0000, 0x0000, 0x0000, 0x0000, 0x0000, 0x0000, 0x0000,   // 0x0500 (1280) pixels
0x0000, 0x0000, 0x0000, 0x0000, 0x0000, 0x0000, 0x0000, 0x0000, 0x0000, 0x0000, 0x0000, 0x0000, 0x0000, 0x0000, 0x0000, 0x0000,   // 0x0510 (1296) pixels
0x0000, 0x0000, 0x0084, 0xC3C3, 0xFCC2, 0xF483, 0xF4A3, 0xFD24, 0x39A4, 0x0084, 0xA687, 0x9604, 0x8E04, 0x7D65, 0x0064, 0x0041,   // 0x0520 (1312) pixels
0x0000, 0x0000, 0x0000, 0x0000, 0x0000, 0x0000, 0x0000, 0x0000, 0x0000, 0x0000, 0x0000, 0x0000, 0x0000, 0x0000, 0x0000, 0x0000,   // 0x0530 (1328) pixels
0x0000, 0x0000, 0x0000, 0x0000, 0x0000, 0x0000, 0x0000, 0x0000, 0x0000, 0x0000, 0x0000, 0x0000, 0x0000, 0x0000, 0x0000, 0x0000,   // 0x0540 (1344) pixels
0x0000, 0x0000, 0x0000, 0x0000, 0x0000, 0x0000, 0x0000, 0x0000, 0x0000, 0x0000, 0x0000, 0x0000, 0x0000, 0x0000, 0x0000, 0x0000,   // 0x0550 (1360) pixels
0x0000, 0x0000, 0x0000, 0x0000, 0x0000, 0x0000, 0x0000, 0x0000, 0x0000, 0x0000, 0x0000, 0x0000, 0x0000, 0x0000, 0x0000, 0x0000,   // 0x0560 (1376) pixels
0x0000, 0x0000, 0x0000, 0x0000, 0x0020, 0x0062, 0x0022, 0x08A3, 0xE444, 0xFCA2, 0xF4A4, 0xF4C4, 0xFD05, 0xECE6, 0x0003, 0x42C5,   // 0x0570 (1392) pixels
0xAEA6, 0x9625, 0x9605, 0x9E65, 0x2A45, 0x0023, 0x08A4, 0x0000, 0x0021, 0x0000, 0x0000, 0x0000, 0x0000, 0x0000, 0x0000, 0x0000,   // 0x0580 (1408) pixels
0x0000, 0x0000, 0x0000, 0x0000, 0x0000, 0x0000, 0x0000, 0x0000, 0x0000, 0x0000, 0x0000, 0x0000, 0x0000, 0x0000, 0x0000, 0x0000,   // 0x0590 (1424) pixels
0x0000, 0x0000, 0x0000, 0x0000, 0x0000, 0x0000, 0x0000, 0x0000, 0x0000, 0x0000, 0x0000, 0x0000, 0x0000, 0x0000, 0x0000, 0x0000,   // 0x05A0 (1440) pixels
0x0000, 0x0000, 0x0000, 0x0000, 0x0000, 0x0000, 0x0000, 0x0000, 0x0000, 0x0000, 0x0000, 0x0000, 0x0000, 0x0000, 0x0000, 0x0000,   // 0x05B0 (1456) pixels
0x0000, 0x0000, 0x0000, 0x0000, 0x0000, 0x0000, 0x0000, 0x0000, 0x0000, 0x0000, 0x0042, 0x00A5, 0x08A4, 0xEC64, 0xFCA3, 0xF4C4,   // 0x05C0 (1472) pixels
0xF506, 0xF526, 0xFD86, 0x7AE6, 0x0004, 0x84E7, 0xB686, 0xA646, 0x9E05, 0x9604, 0x8DC5, 0x0043, 0x08C5, 0x08A4, 0x0063, 0x0000,   // 0x05D0 (1488) pixels
0x0000, 0x0000, 0x0000, 0x0000, 0x0000, 0x0000, 0x0000, 0x0000, 0x0000, 0x0000, 0x0000, 0x0000, 0x0000, 0x0000, 0x0000, 0x0000,   // 0x05E0 (1504) pixels
0x0000, 0x0000, 0x0000, 0x0000, 0x0000, 0x0000, 0x0000, 0x0000, 0x0000, 0x0000, 0x0000, 0x0000, 0x0000, 0x0000, 0x0000, 0x0000,   // 0x05F0 (1520) pixels
0x0000, 0x0000, 0x0000, 0x0000, 0x0000, 0x0000, 0x0000, 0x0000, 0x0000, 0x0000, 0x0000, 0x0000, 0x0000, 0x0000, 0x0000, 0x0000,   // 0x0600 (1536) pixels
0x0000, 0x0000, 0x0000, 0x0000, 0x0000, 0x0000, 0x0000, 0x0000, 0x0000, 0x0000, 0x0000, 0x0000, 0x0000, 0x0000, 0x0000, 0x0000,   // 0x0610 (1552) pixels
0x0042, 0x0084, 0xE443, 0xFC82, 0xF4C4, 0xF506, 0xF566, 0xFD87, 0xFE4A, 0x18C4, 0x0023, 0xBE8A, 0xB667, 0xA646, 0xA625, 0x9605,   // 0x0620 (1568) pixels
0x9E65, 0x4364, 0x0064, 0x08C5, 0x0042, 0x0000, 0x0000, 0x0000, 0x0000, 0x0000, 0x0000, 0x0000, 0x0000, 0x0000, 0x0000, 0x0000,   // 0x0630 (1584) pixels
0x0000, 0x0000, 0x0000, 0x0000, 0x0000, 0x0000, 0x0000, 0x0000, 0x0000, 0x0000, 0x0000, 0x0000, 0x0000, 0x0000, 0x0000, 0x0000,   // 0x0640 (1600) pixels
0x0000, 0x0000, 0x0000, 0x0000, 0x0000, 0x0000, 0x0000, 0x0000, 0x0000, 0x0000, 0x0000, 0x0000, 0x0000, 0x0000, 0x0000, 0x0000,   // 0x0650 (1616) pixels
0x0000, 0x0000, 0x0000, 0x0000, 0x0000, 0x0000, 0x0000, 0x0000, 0x0000, 0x0000, 0x0000, 0x0000, 0x0000, 0x0000, 0x0000, 0x0000,   // 0x0660 (1632) pixels
0x0000, 0x0000, 0x0000, 0x0042, 0x0041, 0x0000, 0x0065, 0xCB82, 0xFC61, 0xF4A4, 0xF505, 0xF546, 0xFD88, 0xFDEA, 0xDDAC, 0x0023,   // 0x0670 (1648) pixels
0x1105, 0xE78E, 0xBE68, 0xAE47, 0xA626, 0x9E25, 0x8E04, 0x9665, 0x0923, 0x08A5, 0x0062, 0x0000, 0x0021, 0x0042, 0x0000, 0x0000,   // 0x0680 (1664) pixels
0x0000, 0x0000, 0x0000, 0x0000, 0x0000, 0x0000, 0x0000, 0x0000, 0x0000, 0x0000, 0x0000, 0x0000, 0x0000, 0x0000, 0x0000, 0x0000,   // 0x0690 (1680) pixels
0x0000, 0x0000, 0x0000, 0x0000, 0x0000, 0x0000, 0x0000, 0x0000, 0x0000, 0x0000, 0x0000, 0x0000, 0x0000, 0x0000, 0x0000, 0x0000,   // 0x06A0 (1696) pixels
0x0000, 0x0000, 0x0000, 0x0000, 0x0000, 0x0000, 0x0000, 0x0000, 0x0000, 0x0000, 0x0000, 0x0000, 0x0000, 0x0000, 0x0000, 0x0000,   // 0x06B0 (1712) pixels
0x0000, 0x0000, 0x0000, 0x0000, 0x0000, 0x0000, 0x0000, 0x0000, 0x0000, 0x08C5, 0x08E5, 0x0085, 0x8A82, 0xFC60, 0xF482, 0xF4C4,   // 0x06C0 (1728) pixels
0xF526, 0xFD67, 0xFDCA, 0xFE8E, 0x8BEA, 0x0023, 0x4A89, 0xEFB1, 0xC6AA, 0xB667, 0xAE46, 0x9E26, 0x9605, 0x8E04, 0x7D45, 0x0043,   // 0x06D0 (1744) pixels
0x0063, 0x0042, 0x08C5, 0x0042, 0x0000, 0x0000, 0x0000, 0x0000, 0x0000, 0x0000, 0x0000, 0x0000, 0x0000, 0x0000, 0x0000, 0x0000,   // 0x06E0 (1760) pixels
0x0000, 0x0000, 0x0000, 0x0000, 0x0000, 0x0000, 0x0000, 0x0000, 0x0000, 0x0000, 0x0000, 0x0000, 0x0000, 0x0000, 0x0000, 0x0000,   // 0x06F0 (1776) pixels
0x0000, 0x0000, 0x0000, 0x0000, 0x0000, 0x0000, 0x0000, 0x0000, 0x0000, 0x0000, 0x0000, 0x0000, 0x0000, 0x0000, 0x0000, 0x0000,   // 0x0700 (1792) pixels
0x0000, 0x0000, 0x0000, 0x0000, 0x0000, 0x0000, 0x0000, 0x0000, 0x0000, 0x0000, 0x0000, 0x0000, 0x0000, 0x0000, 0x0000, 0x08C4,   // 0x0710 (1808) pixels
0x00A5, 0x2903, 0xFC40, 0xF421, 0xF483, 0xF504, 0xF526, 0xFD88, 0xFE0B, 0xFF11, 0x4248, 0x0024, 0x73EC, 0xF7D3, 0xCECC, 0xB667,   // 0x0720 (1824) pixels
0xAE46, 0x9E26, 0x9605, 0x8DE4, 0x8624, 0x53E5, 0x0044, 0x0063, 0x08C5, 0x08A4, 0x0000, 0x0000, 0x0000, 0x0000, 0x0000, 0x0000,   // 0x0730 (1840) pixels
0x0000, 0x0000, 0x0000, 0x0000, 0x0000, 0x0000, 0x0000, 0x0000, 0x0000, 0x0000, 0x0000, 0x0000, 0x0000, 0x0000, 0x0000, 0x0000,   // 0x0740 (1856) pixels
0x0000, 0x0000, 0x0000, 0x0000, 0x0000, 0x0000, 0x0000, 0x0000, 0x0000, 0x0000, 0x0000, 0x0000, 0x0000, 0x0000, 0x0000, 0x0000,   // 0x0750 (1872) pixels
0x0000, 0x0000, 0x0000, 0x0000, 0x0000, 0x0000, 0x0000, 0x0000, 0x0000, 0x0000, 0x0000, 0x0000, 0x0000, 0x0000, 0x0000, 0x0000,   // 0x0760 (1888) pixels
0x0000, 0x0000, 0x0000, 0x0000, 0x0000, 0x0884, 0x0064, 0xD3A1, 0xFBE0, 0xF441, 0xF483, 0xF4E5, 0xFD46, 0xFDA9, 0xFE2C, 0xFF72,   // 0x0770 (1904) pixels
0x08C4, 0x0023, 0x94AF, 0xF7B3, 0xCECC, 0xB668, 0xAE47, 0x9E26, 0x9605, 0x8DE4, 0x85C4, 0x7DC5, 0x4325, 0x0065, 0x08E5, 0x0000,   // 0x0780 (1920) pixels
0x0000, 0x0000, 0x0000, 0x0000, 0x0000, 0x0000, 0x0000, 0x0000, 0x0000, 0x0000, 0x0000, 0x0000, 0x0000, 0x0000, 0x0000, 0x0000,   // 0x0790 (1936) pixels
0x0000, 0x0000, 0x0000, 0x0000, 0x0000, 0x0000, 0x0000, 0x0000, 0x0000, 0x0000, 0x0000, 0x0000, 0x0000, 0x0000, 0x0000, 0x0000,   // 0x07A0 (1952) pixels
0x0000, 0x0000, 0x0000, 0x0000, 0x0000, 0x0000, 0x0000, 0x0000, 0x0000, 0x0000, 0x0000, 0x0000, 0x0000, 0x0000, 0x0000, 0x0000,   // 0x07B0 (1968) pixels
0x0000, 0x0000, 0x0000, 0x0000, 0x0000, 0x0000, 0x0000, 0x0000, 0x0000, 0x0000, 0x0000, 0x0064, 0x49A3, 0xFC20, 0xF3E0, 0xF421,   // 0x07C0 (1984) pixels
0xF483, 0xF4C5, 0xFD26, 0xFD88, 0xFE4C, 0xFEB1, 0x0002, 0x0043, 0xA550, 0xEF71, 0xC6AA, 0xB647, 0xAE46, 0xA626, 0x9605, 0x8DC4,   // 0x07D0 (2000) pixels
0x7DC4, 0x6D45, 0x6565, 0x3B65, 0x0084, 0x08A6, 0x08C4, 0x0062, 0x0020, 0x08E6, 0x08E6, 0x08A4, 0x08A4, 0x08A4, 0x08C5, 0x0000,   // 0x07E0 (2016) pixels
0x0000, 0x0000, 0x0000, 0x0021, 0x0000, 0x08C4, 0x08A4, 0x0083, 0x0062, 0x0884, 0x0884, 0x0000, 0x0906, 0x0000, 0x0000, 0x0000,   // 0x07F0 (2032) pixels
0x0062, 0x0083, 0x08E5, 0x08C5, 0x0083, 0x08C4, 0x0906, 0x0000, 0x0021, 0x08C4, 0x0021, 0x0000, 0x0000, 0x0042, 0x0020, 0x08C5,   // 0x0800 (2048) pixels
0x0000, 0x0042, 0x08C4, 0x08E6, 0x0062, 0x08E5, 0x0062, 0x08E5, 0x00C4, 0x0041, 0x0020, 0x08A4, 0x08E6, 0x08E6, 0x0020, 0x0000,   // 0x0810 (2064) pixels
0x0000, 0x0064, 0xBB22, 0xFBE0, 0xEBE0, 0xF421, 0xF483, 0xF4C4, 0xFD26, 0xFD87, 0xFE0A, 0xDDAD, 0x0043, 0x0043, 0xA56E, 0xDF2D,   // 0x0820 (2080) pixels
0xBE89, 0xB667, 0xA626, 0x9E05, 0x9605, 0x8DC4, 0x7DA4, 0x6D45, 0x5D05, 0x4CE6, 0x3C26, 0x11E5, 0x00E4, 0x08C5, 0x08E5, 0x0021,   // 0x0830 (2096) pixels
0x0062, 0x0001, 0x0043, 0x0084, 0x0062, 0x0083, 0x0000, 0x0000, 0x0000, 0x0021, 0x0020, 0x08E5, 0x0042, 0x0042, 0x00A4, 0x0000,   // 0x0840 (2112) pixels
0x0000, 0x0083, 0x00A4, 0x0043, 0x0022, 0x0043, 0x0043, 0x0042, 0x0042, 0x0042, 0x0043, 0x0042, 0x0022, 0x0002, 0x0064, 0x08C5,   // 0x0850 (2128) pixels
0x0021, 0x0000, 0x0020, 0x0084, 0x0064, 0x0022, 0x0001, 0x0043, 0x0043, 0x0043, 0x0043, 0x0042, 0x0043, 0x0042, 0x0043, 0x0043,   // 0x0860 (2144) pixels
0x0043, 0x0043, 0x0084, 0x0041, 0x0000, 0x0000, 0x0000, 0x00C5, 0x38C3, 0xEAE1, 0xF400, 0xF400, 0xEC62, 0xF4A4, 0xF505, 0xFD66,   // 0x0870 (2160) pixels
0xFDE9, 0xC4CA, 0x0043, 0x0044, 0x952A, 0xC6C9, 0xB667, 0xAE46, 0xA606, 0x9E05, 0x8DE5, 0x85E4, 0x7584, 0x6545, 0x54E5, 0x4C85,   // 0x0880 (2176) pixels
0x3466, 0x1C66, 0x0A66, 0x0063, 0x0083, 0x0000, 0x08A3, 0xC679, 0xC659, 0x52ED, 0x0043, 0x0041, 0x0000, 0x0000, 0x0000, 0x08A4,   // 0x0890 (2192) pixels
0x0000, 0x08E5, 0xCE9A, 0xCE79, 0x3A49, 0x00A4, 0x0083, 0x0042, 0x426A, 0xAD75, 0xBE18, 0xBDF8, 0xBDF7, 0xBDF7, 0xBDF8, 0xBDF8,   // 0x08A0 (2208) pixels
0xBDF8, 0xBDF8, 0xBE18, 0xBDF7, 0x8C92, 0x08A4, 0x0042, 0x0000, 0x00A4, 0x10E5, 0x94D4, 0xBDF8, 0xBDF8, 0xBE18, 0xBDF7, 0xBE17,   // 0x08B0 (2224) pixels
0xBDF7, 0xBE17, 0xBE17, 0xBDF7, 0xBDF7, 0xBE17, 0xBE18, 0xADB7, 0x4ACC, 0x0022, 0x0000, 0x0000, 0x0000, 0x00C4, 0x00A5, 0xA1A2,   // 0x08C0 (2240) pixels
0xDA60, 0xEBA1, 0xF462, 0xF483, 0xF4C4, 0xF526, 0xFD87, 0xBC48, 0x0044, 0x0044, 0x7CA7, 0xBEA8, 0xAE46, 0xA626, 0x9E05, 0x9605,   // 0x08D0 (2256) pixels
0x8DE4, 0x7DC4, 0x7564, 0x6525, 0x54C5, 0x3C86, 0x1C05, 0x0366, 0x00C4, 0x08A5, 0x0083, 0x00C5, 0x00A4, 0xD6BA, 0xD6BA, 0x5B0D,   // 0x08E0 (2272) pixels
0x0042, 0x0062, 0x0000, 0x0000, 0x0000, 0x08C5, 0x0000, 0x0906, 0xDEDB, 0xD6DA, 0x426A, 0x0084, 0x00A4, 0x2146, 0xE71C, 0xCE58,   // 0x08F0 (2288) pixels
0xD6DA, 0xDEFB, 0xDEDB, 0xDEDB, 0xDEDB, 0xDEDB, 0xDEDB, 0xDEDB, 0xDEDB, 0xD69A, 0xD6B9, 0x9D14, 0x0022, 0x0000, 0x0043, 0xBE18,   // 0x0900 (2304) pixels
0xD699, 0xD699, 0xD6DA, 0xDEBA, 0xDEBA, 0xD6BA, 0xCE39, 0xCE59, 0xD679, 0xDEDA, 0xDEDA, 0xDEDA, 0xD6BA, 0xCE58, 0xDF3C, 0x3209,   // 0x0910 (2320) pixels
0x0000, 0x0000, 0x0000, 0x00C5, 0x00C5, 0x10C4, 0xD262, 0xD2A1, 0xE361, 0xEC21, 0xF4A4, 0xF4E5, 0xFD46, 0xBC27, 0x0064, 0x0064,   // 0x0920 (2336) pixels
0x63E6, 0xB686, 0xA646, 0x9E25, 0x9605, 0x8DE4, 0x85E4, 0x7DA4, 0x6D65, 0x5CE6, 0x3445, 0x0BC5, 0x03C6, 0x09C5, 0x08A4, 0x08C5,   // 0x0930 (2352) pixels
0x08C5, 0x08C5, 0x00A4, 0xD69A, 0xD69A, 0x5AED, 0x0021, 0x00C4, 0x0000, 0x0000, 0x0000, 0x08C5, 0x00A4, 0x08E5, 0xDEBA, 0xD6BA,   // 0x0940 (2368) pixels
0x426A, 0x0084, 0x0083, 0x5B2E, 0xD69A, 0xD69A, 0x29C7, 0x1946, 0x1946, 0x1946, 0x1946, 0x1946, 0x1946, 0x1946, 0x1105, 0x8CB3,   // 0x0950 (2384) pixels
0xCE79, 0xCE79, 0x0042, 0x08A4, 0x08E4, 0xDEFB, 0xCE79, 0x7C31, 0x29E8, 0x3209, 0x31E9, 0x428B, 0xD69A, 0xCE59, 0x94B3, 0x29C8,   // 0x0960 (2400) pixels
0x3229, 0x3209, 0x3A29, 0xCE79, 0xD69A, 0x636F, 0x0001, 0x0000, 0x0000, 0x00A3, 0x08E5, 0x00C5, 0x3903, 0xE2C2, 0xDB00, 0xE360,   // 0x0970 (2416) pixels
0xE3E0, 0xEC62, 0xFCE3, 0xD465, 0x0064, 0x0084, 0x4B25, 0xAEA6, 0x9E25, 0x9605, 0x8E04, 0x8DE5, 0x7DA5, 0x6525, 0x4CA5, 0x2C45,   // 0x0980 (2432) pixels
0x13E6, 0x03E6, 0x0AE5, 0x0084, 0x08C5, 0x00A3, 0x08C5, 0x08C5, 0x00A4, 0xD69A, 0xD69A, 0x52CC, 0x0000, 0x0042, 0x0000, 0x0000,   // 0x0990 (2448) pixels
0x0000, 0x0001, 0x0042, 0x0083, 0xDEBA, 0xD6BA, 0x426A, 0x0084, 0x0063, 0x636E, 0xD69A, 0xCE79, 0x0002, 0x0063, 0x0084, 0x0064,   // 0x09A0 (2464) pixels
0x0084, 0x0064, 0x0084, 0x0064, 0x0022, 0x5B2D, 0xD69A, 0xCE9A, 0x0063, 0x00A4, 0x1125, 0xDEDB, 0xD6BA, 0x3A09, 0x0063, 0x0083,   // 0x09B0 (2480) pixels
0x00A4, 0x0022, 0xD6BA, 0xD69A, 0x530D, 0x0022, 0x0084, 0x0084, 0x0000, 0xBE18, 0xD69A, 0x634E, 0x0001, 0x0000, 0x0000, 0x0021,   // 0x09C0 (2496) pixels
0x0062, 0x0083, 0x0085, 0x5963, 0xEAE1, 0xE320, 0xE380, 0xEBE0, 0xF440, 0xEC81, 0x0043, 0x00A5, 0x21E4, 0x9E65, 0x85C4, 0x85A5,   // 0x09D0 (2512) pixels
0x7584, 0x6524, 0x54C5, 0x44A6, 0x3446, 0x2406, 0x0C05, 0x0386, 0x00A4, 0x08C5, 0x00A4, 0x0883, 0x00C5, 0x08C5, 0x00A4, 0xD69A,   // 0x09E0 (2528) pixels
0xC658, 0xB5B7, 0x73D0, 0x7410, 0x7C11, 0x7411, 0x7C11, 0x7C10, 0x73EF, 0x94F4, 0xCE59, 0xD6BA, 0x426A, 0x0084, 0x0063, 0x634E,   // 0x09F0 (2544) pixels
0xD69A, 0xCE59, 0x3A29, 0x424B, 0x426A, 0x426A, 0x426A, 0x426A, 0x426A, 0x426A, 0x3A29, 0x8431, 0xCE7A, 0xCE9A, 0x0063, 0x00A4,   // 0x0A00 (2560) pixels
0x1105, 0xDEDB, 0xD6BA, 0x426A, 0x0021, 0x0000, 0x08E5, 0x0063, 0xD6BA, 0xD69A, 0x5B4E, 0x0042, 0x0000, 0x0000, 0x0000, 0xC618,   // 0x0A10 (2576) pixels
0xD69A, 0x634E, 0x0000, 0x0000, 0x0000, 0x0000, 0x0000, 0x0000, 0x0063, 0x0085, 0x5983, 0xEB21, 0xE320, 0xEB80, 0xEBE0, 0xFC81,   // 0x0A20 (2592) pixels
0x18E4, 0x00A5, 0x00C3, 0x7DC6, 0x7565, 0x6D45, 0x6504, 0x54E5, 0x4CA5, 0x3C65, 0x2C26, 0x1406, 0x03C7, 0x00E4, 0x08A5, 0x00E5,   // 0x0A30 (2608) pixels
0x0041, 0x0083, 0x0000, 0x00A4, 0x00A4, 0xD69A, 0xC638, 0xCE78, 0xDEDA, 0xD6DB, 0xDEDA, 0xDEDA, 0xDEDA, 0xD6DB, 0xD6DB, 0xCE9A,   // 0x0A40 (2624) pixels
0xC638, 0xD6BA, 0x426A, 0x0084, 0x0083, 0x634E, 0xD69A, 0xCE58, 0xDEDB, 0xDEFB, 0xDEFB, 0xDEFB, 0xDEFB, 0xDEFB, 0xDEFB, 0xDEFB,   // 0x0A50 (2640) pixels
0xDEFB, 0xD6BA, 0xD67A, 0xDEDA, 0x0063, 0x00A4, 0x1106, 0xD6DA, 0xD69A, 0x426B, 0x0022, 0x0000, 0x0021, 0x0021, 0xD6BA, 0xD69A,   // 0x0A60 (2656) pixels
0x5B4D, 0x0022, 0x0000, 0x0000, 0x0000, 0xC618, 0xD6BA, 0x634E, 0x0063, 0x0000, 0x0000, 0x0000, 0x0000, 0x0000, 0x0042, 0x00C5,   // 0x0A70 (2672) pixels
0x0084, 0x4123, 0xE322, 0xE340, 0xE360, 0xF3E0, 0x59E3, 0x00A5, 0x0064, 0x5426, 0x5D25, 0x54E5, 0x4CC5, 0x4486, 0x3466, 0x2C25,   // 0x0A80 (2688) pixels
0x1425, 0x0B86, 0x00E4, 0x0885, 0x08C5, 0x08C5, 0x0062, 0x0042, 0x0000, 0x08A4, 0x0083, 0xD6BA, 0xCE39, 0xBDD7, 0x73D0, 0x7BF0,   // 0x0A90 (2704) pixels
0x73F0, 0x73F0, 0x73F0, 0x73F0, 0x73D0, 0x9D14, 0xCE59, 0xD6BA, 0x426A, 0x0084, 0x0064, 0x634E, 0xD69A, 0xCE59, 0x73F1, 0x7C31,   // 0x0AA0 (2720) pixels
0x7C31, 0x7C31, 0x7C31, 0x7C31, 0x7C31, 0x7C31, 0x7C31, 0x7C31, 0x7C31, 0x8451, 0x0084, 0x00A4, 0x1106, 0xDEDB, 0xD6BA, 0x424A,   // 0x0AB0 (2736) pixels
0x00C5, 0x0000, 0x0000, 0x0000, 0xD6BA, 0xD69A, 0x5B4D, 0x0022, 0x0000, 0x0000, 0x0000, 0xC618, 0xD6BA, 0x634E, 0x0084, 0x0000,   // 0x0AC0 (2752) pixels
0x0000, 0x0000, 0x0000, 0x0000, 0x0083, 0x08E5, 0x08E5, 0x00A5, 0x18C4, 0xC2A3, 0xEB21, 0xEB40, 0xBAE2, 0x0065, 0x00A4, 0x1A04,   // 0x0AD0 (2768) pixels
0x4CE6, 0x4485, 0x3C66, 0x3446, 0x2425, 0x1446, 0x0B06, 0x00A4, 0x08A5, 0x08C4, 0x0083, 0x0000, 0x0000, 0x0000, 0x0000, 0x08C5,   // 0x0AE0 (2784) pixels
0x0042, 0xD6BA, 0xD69A, 0x52CC, 0x0002, 0x0063, 0x0084, 0x0084, 0x0063, 0x0043, 0x0063, 0x0083, 0xDEBA, 0xD6BA, 0x426A, 0x0084,   // 0x0AF0 (2800) pixels
0x0083, 0x636E, 0xD699, 0xCE79, 0x0001, 0x0043, 0x0043, 0x0043, 0x0043, 0x0043, 0x0043, 0x0043, 0x0043, 0x0043, 0x0043, 0x0063,   // 0x0B00 (2816) pixels
0x00C5, 0x00A4, 0x1106, 0xDEDB, 0xD6BA, 0x426B, 0x0000, 0x0000, 0x0000, 0x0000, 0xDEBB, 0xD69A, 0x5B4D, 0x0022, 0x0000, 0x0000,   // 0x0B10 (2832) pixels
0x0000, 0xC618, 0xD69A, 0x634E, 0x0000, 0x0000, 0x0000, 0x0000, 0x0000, 0x0000, 0x0000, 0x0000, 0x0000, 0x0000, 0x0021, 0x0084,   // 0x0B20 (2848) pixels
0x71C3, 0xE2E2, 0xF341, 0x18E3, 0x00A5, 0x0084, 0x3C06, 0x2C65, 0x2425, 0x1C25, 0x1427, 0x0225, 0x0884, 0x08C5, 0x0042, 0x0062,   // 0x0B30 (2864) pixels
0x08E5, 0x0000, 0x0000, 0x0000, 0x0000, 0x0000, 0x0083, 0xD69A, 0xD699, 0x530D, 0x0084, 0x0083, 0x0000, 0x0000, 0x0000, 0x08C5,   // 0x0B40 (2880) pixels
0x0083, 0x08E5, 0xDEBB, 0xD6BA, 0x426A, 0x0084, 0x0084, 0x634E, 0xD69A, 0xD69A, 0x10E5, 0x0084, 0x08A4, 0x08A4, 0x00A4, 0x00A4,   // 0x0B50 (2896) pixels
0x00A4, 0x00A4, 0x00A4, 0x08A4, 0x00A4, 0x00C4, 0x08C5, 0x0000, 0x1126, 0xDEDB, 0xD6BA, 0x3A6A, 0x0042, 0x0000, 0x0000, 0x0042,   // 0x0B60 (2912) pixels
0xD6BB, 0xD69A, 0x5B2E, 0x0022, 0x0000, 0x0000, 0x0000, 0xC618, 0xD6BA, 0x634E, 0x0000, 0x0000, 0x0000, 0x0000, 0x0000, 0x0000,   // 0x0B70 (2928) pixels
0x0000, 0x0000, 0x0000, 0x0000, 0x08C5, 0x00C5, 0x00A5, 0x10A4, 0x9203, 0xAA44, 0x0084, 0x08A5, 0x0945, 0x1C46, 0x0C26, 0x0AC6,   // 0x0B80 (2944) pixels
0x00C4, 0x00A5, 0x08C4, 0x08C5, 0x0042, 0x0000, 0x0000, 0x0000, 0x0000, 0x0000, 0x0000, 0x0000, 0x00A4, 0xD6BB, 0xD6BA, 0x530D,   // 0x0B90 (2960) pixels
0x0084, 0x0000, 0x0000, 0x0000, 0x0000, 0x08C5, 0x0083, 0x10E5, 0xDEDB, 0xD6BA, 0x426A, 0x0084, 0x00A5, 0x29A8, 0xE71C, 0xCE59,   // 0x0BA0 (2976) pixels
0xD69A, 0xD69A, 0xD6BA, 0xD6BA, 0xD6BA, 0xD6BA, 0xD6BA, 0xD6BA, 0xD6BA, 0xD6BA, 0xD6DB, 0xC639, 0x0043, 0x0001, 0x1126, 0xDEDB,   // 0x0BB0 (2992) pixels
0xD6BA, 0x3A4A, 0x0063, 0x0000, 0x0000, 0x0001, 0xD6DB, 0xD6BA, 0x5B4D, 0x0022, 0x0000, 0x0000, 0x0021, 0xC638, 0xD6BA, 0x636E,   // 0x0BC0 (3008) pixels
0x0000, 0x0000, 0x0000, 0x0000, 0x0000, 0x0000, 0x0000, 0x0000, 0x0000, 0x0000, 0x08C4, 0x08C5, 0x08A4, 0x00C5, 0x0085, 0x20E4,   // 0x0BD0 (3024) pixels
0x08E5, 0x00A4, 0x08A5, 0x0965, 0x0105, 0x0885, 0x08C5, 0x08C4, 0x08C4, 0x08C5, 0x0062, 0x0000, 0x0000, 0x0000, 0x0000, 0x0000,   // 0x0BE0 (3040) pixels
0x0000, 0x0000, 0x0041, 0xDEDB, 0xDEDB, 0x5B2E, 0x00A5, 0x0041, 0x0000, 0x0000, 0x0000, 0x08E5, 0x0000, 0x1106, 0xDEFC, 0xDEFB,   // 0x0BF0 (3056) pixels
0x428C, 0x0084, 0x0021, 0x0063, 0x636F, 0xC679, 0xCE99, 0xCE9A, 0xCE9A, 0xCE7A, 0xCE7A, 0xCE7A, 0xCE7A, 0xCE7A, 0xCE7A, 0xCE99,   // 0x0C00 (3072) pixels
0xD69A, 0xBE18, 0x0063, 0x0000, 0x1126, 0xDF1C, 0xDEDB, 0x428B, 0x00C5, 0x0000, 0x0000, 0x0000, 0xD6FC, 0xD6DB, 0x5B6F, 0x0042,   // 0x0C10 (3088) pixels
0x0000, 0x0000, 0x0000, 0xC679, 0xD6DB, 0x638F, 0x0000, 0x0000, 0x0000, 0x0000, 0x0000, 0x0000, 0x0000, 0x0000, 0x0000, 0x0000,   // 0x0C20 (3104) pixels
0x0000, 0x0000, 0x0000, 0x0062, 0x0021, 0x0021, 0x0041, 0x0000, 0x0041, 0x0042, 0x0021, 0x0021, 0x0021, 0x0021, 0x0062, 0x0021,   // 0x0C30 (3120) pixels
0x0021, 0x0000, 0x0000, 0x0000, 0x0000, 0x0000, 0x0000, 0x0000, 0x0000, 0x0000, 0x0000, 0x0021, 0x0021, 0x0000, 0x0000, 0x0000,   // 0x0C40 (3136) pixels
0x0000, 0x0021, 0x0000, 0x0021, 0x0000, 0x0000, 0x0001, 0x0021, 0x0000, 0x0021, 0x0001, 0x0000, 0x0000, 0x0000, 0x0000, 0x0000,   // 0x0C50 (3152) pixels
0x0000, 0x0000, 0x0000, 0x0000, 0x0000, 0x0000, 0x0000, 0x0000, 0x0021, 0x0000, 0x0000, 0x0000, 0x0000, 0x0000, 0x0021, 0x0000,   // 0x0C60 (3168) pixels
0x0000, 0x0000, 0x0000, 0x0000, 0x0000, 0x0000, 0x0000, 0x0000, 0x0000, 0x0000, 0x0000, 0x0000, 0x0000, 0x0000, 0x0000, 0x0000,   // 0x0C70 (3184) pixels
0x0000, 0x0000, 0x0000, 0x0000, 0x0000, 0x0000, 0x0000, 0x0000, 0x0000, 0x0000, 0x0000, 0x0000, 0x0000, 0x0000, 0x0000, 0x0000,   // 0x0C80 (3200) pixels
0x0000, 0x0000, 0x0000, 0x0000, 0x0000, 0x0000, 0x0000, 0x0000, 0x0000, 0x0000, 0x0000, 0x0000, 0x0000, 0x0000, 0x0000, 0x0000,   // 0x0C90 (3216) pixels
0x0000, 0x0000, 0x0000, 0x0000, 0x0000, 0x0000, 0x0000, 0x0000, 0x0000, 0x0000, 0x0000, 0x0000, 0x0000, 0x0000, 0x0000, 0x0000,   // 0x0CA0 (3232) pixels
0x0000, 0x0000, 0x0000, 0x0000, 0x0000, 0x0000, 0x0000, 0x0000, 0x0000, 0x0000, 0x0000, 0x0000, 0x0000, 0x0000, 0x0000, 0x0000,   // 0x0CB0 (3248) pixels
0x0000, 0x0000, 0x0000, 0x0000, 0x0000, 0x0000, 0x0000, 0x0000, 0x0000, 0x0000, 0x0000, 0x0000, 0x0000, 0x0000, 0x0000, 0x0000,   // 0x0CC0 (3264) pixels
0x0000, 0x0000, 0x0000, 0x0000, 0x0000, 0x0000, 0x0000, 0x0000, 0x0000, 0x0000, 0x0000, 0x0000, 0x0000, 0x0000, 0x0000, 0x0000,   // 0x0CD0 (3280) pixels
0x0000, 0x0000, 0x0000, 0x0000, 0x0000, 0x0000, 0x0000, 0x0000, 0x0000, 0x0000, 0x0000, 0x0000, 0x0000, 0x0000, 0x0000, 0x0000,   // 0x0CE0 (3296) pixels
0x0000, 0x0000, 0x0000, 0x0000, 0x0000, 0x0000, 0x0000, 0x0000, 0x0000, 0x0000, 0x0000, 0x0000, 0x0000, 0x0000, 0x0000, 0x0000,   // 0x0CF0 (3312) pixels
0x0000, 0x0000, 0x0000, 0x0000, 0x0000, 0x0000, 0x0000, 0x0000, 0x0000, 0x0000, 0x0000, 0x0000, 0x0000, 0x0000, 0x0000, 0x0000,   // 0x0D00 (3328) pixels
0x0000, 0x0000, 0x0000, 0x0000, 0x0000, 0x0000, 0x0000, 0x0000, 0x0000, 0x0000, 0x0000, 0x0000, 0x0000, 0x0000, 0x0000, 0x0000,   // 0x0D10 (3344) pixels
0x0000, 0x0000, 0x0000, 0x0000, 0x0000, 0x0000, 0x0000, 0x0000, 0x0000, 0x0000, 0x0000, 0x0000, 0x0000, 0x0000, 0x0000, 0x0000,   // 0x0D20 (3360) pixels
0x0000, 0x0000, 0x0000, 0x0000, 0x0000, 0x0000, 0x0000, 0x0000, 0x0000, 0x0000, 0x0000, 0x0000, 0x0000, 0x0000, 0x0000, 0x0000,   // 0x0D30 (3376) pixels
0x0000, 0x0000, 0x0000, 0x0000, 0x0000, 0x0000, 0x0000, 0x0000, 0x0000, 0x0000, 0x0000, 0x0000, 0x0000, 0x0000, 0x0000, 0x0000,   // 0x0D40 (3392) pixels
0x0000, 0x0000, 0x0000, 0x0000, 0x0000, 0x0000, 0x0000, 0x0000, 0x0000, 0x0000, 0x0000, 0x0000, 0x0000, 0x0000, 0x0000, 0x0000,   // 0x0D50 (3408) pixels
0x0000, 0x0000, 0x0000, 0x0000, 0x0000, 0x0000, 0x0000, 0x0000, 0x0000, 0x0000, 0x0000, 0x0000, 0x0000, 0x0000, 0x0000, 0x0000,   // 0x0D60 (3424) pixels
0x0000, 0x0000, 0x0000, 0x0000, 0x0000, 0x0000, 0x0000, 0x0000, 0x0000, 0x0000, 0x0000, 0x0000, 0x0000, 0x0000, 0x0000, 0x0000,   // 0x0D70 (3440) pixels
0x0000, 0x0000, 0x0000, 0x0000, 0x0000, 0x0000, 0x0000, 0x0000, 0x0000, 0x0000, 0x0000, 0x0000, 0x0000, 0x0000, 0x0000, 0x0000,   // 0x0D80 (3456) pixels
0x0000, 0x0000, 0x0000, 0x0000, 0x0000, 0x0000, 0x0000, 0x0000, 0x0000, 0x0000, 0x0000, 0x0000, 0x0000, 0x0000, 0x0000, 0x0000,   // 0x0D90 (3472) pixels
0x0000, 0x0000, 0x0000, 0x0000, 0x0000, 0x0000, 0x0000, 0x0000, 0x0000, 0x0000, 0x0000, 0x0000, 0x0000, 0x0000, 0x0000, 0x0000,   // 0x0DA0 (3488) pixels
0x0000, 0x0000, 0x0000, 0x0000, 0x0000, 0x0000, 0x0000, 0x0000, 0x0000, 0x0000, 0x0000, 0x0000, 0x0000, 0x0000, 0x0000, 0x0000,   // 0x0DB0 (3504) pixels
0x0000, 0x0000, 0x0000, 0x0000, 0x0000, 0x0000, 0x0000, 0x0000, 0x0000, 0x0000, 0x0000, 0x0000, 0x0000, 0x0000, 0x0000, 0x0000,   // 0x0DC0 (3520) pixels
0x0000, 0x0000, 0x0000, 0x0000, 0x0000, 0x0000, 0x0000, 0x0000, 0x0000, 0x0000, 0x0000, 0x0000, 0x0000, 0x0000, 0x0000, 0x0000,   // 0x0DD0 (3536) pixels
0x0000, 0x0000, 0x0000, 0x0000, 0x0000, 0x0000, 0x0000, 0x0000, 0x0000, 0x0000, 0x0000, 0x0000, 0x0000, 0x0000, 0x0000, 0x0000,   // 0x0DE0 (3552) pixels
0x0000, 0x0000, 0x0000, 0x0000, 0x0000, 0x0000, 0x0000, 0x0000, 0x0000, 0x0000, 0x0000, 0x0000, 0x0000, 0x0000, 0x0000, 0x0000,   // 0x0DF0 (3568) pixels
0x0000, 0x0000, 0x0000, 0x0000, 0x0000, 0x0000, 0x0000, 0x0000, 0x0000, 0x0000, 0x0000, 0x0000, 0x0000, 0x0000, 0x0000, 0x0000,   // 0x0E00 (3584) pixels
0x0000, 0x0000, 0x0000, 0x0000, 0x0000, 0x0000, 0x0000, 0x0000, 0x0000, 0x0000, 0x0000, 0x0000, 0x0000, 0x0000, 0x0000, 0x0000,   // 0x0E10 (3600) pixels
0x0000, 0x0000, 0x0000, 0x0000, 0x0000, 0x0000, 0x0000, 0x0000, 0x0000, 0x0000, 0x0000, 0x0000, 0x0000, 0x0000, 0x0000, 0x0000,   // 0x0E20 (3616) pixels
0x0000, 0x0000, 0x0000, 0x0000, 0x0000, 0x0000, 0x0000, 0x0000, 0x0000, 0x0000, 0x0000, 0x0000, 0x0000, 0x0000, 0x0000, 0x0000,   // 0x0E30 (3632) pixels
0x0000, 0x0000, 0x0000, 0x0000, 0x0000, 0x0000, 0x0000, 0x0000, 0x0000, 0x0000, 0x0000, 0x0000, 0x0000, 0x0000, 0x0000, 0x0000,   // 0x0E40 (3648) pixels
0x0000, 0x0000, 0x0000, 0x0000, 0x0000, 0x0000, 0x0000, 0x0000, 0x0000, 0x0000, 0x0000, 0x0000, 0x0000, 0x0000, 0x0000, 0x0000,   // 0x0E50 (3664) pixels
0x0000, 0x0000, 0x0000, 0x0000, 0x0000, 0x0000, 0x0000, 0x0000, 0x0000, 0x0000, 0x0000, 0x0000, 0x0000, 0x0000, 0x0000, 0x0000,   // 0x0E60 (3680) pixels
0x0000, 0x0000, 0x0000, 0x0000, 0x0000, 0x0000, 0x0000, 0x0000, 0x0000, 0x0000, 0x0000, 0x0000, 0x0000, 0x0000, 0x0000, 0x0000,   // 0x0E70 (3696) pixels
0x0000, 0x0000, 0x0000, 0x0000, 0x0000, 0x0000, 0x0000, 0x0000, 0x0000, 0x0000, 0x0000, 0x0000, 0x0000, 0x0000, 0x0000, 0x0000,   // 0x0E80 (3712) pixels
0x0000, 0x0000, 0x0000, 0x0000, 0x0000, 0x0000, 0x0000, 0x0000, 0x0000, 0x0000, 0x0000, 0x0000, 0x0000, 0x0000, 0x0000, 0x0000,   // 0x0E90 (3728) pixels
0x0000, 0x0000, 0x0000, 0x0000, 0x0000, 0x0000, 0x0000, 0x0000, 0x0000, 0x0000, 0x0000, 0x0000, 0x0000, 0x0000, 0x0000, 0x0000,   // 0x0EA0 (3744) pixels
0x0000, 0x0000, 0x0000, 0x0000, 0x0000, 0x0000, 0x0000, 0x0000, 0x0000, 0x0000, 0x0000, 0x0000, 0x0000, 0x0000, 0x0000, 0x0000,   // 0x0EB0 (3760) pixels
0x0000, 0x0000, 0x0000, 0x0000, 0x0000, 0x0000, 0x0000, 0x0000, 0x0000, 0x0000, 0x0000, 0x0000, 0x0000, 0x0000, 0x0000, 0x0000,   // 0x0EC0 (3776) pixels
0x0000, 0x0000, 0x0000, 0x0000, 0x0000, 0x0000, 0x0000, 0x0000, 0x0000, 0x0000, 0x0000, 0x0000, 0x0000, 0x0000, 0x0000, 0x0000,   // 0x0ED0 (3792) pixels
0x0000, 0x0000, 0x0000, 0x0000, 0x0000, 0x0000, 0x0000, 0x0000, 0x0000, 0x0000, 0x0000, 0x0000, 0x0000, 0x0000, 0x0000, 0x0000,   // 0x0EE0 (3808) pixels
0x0000, 0x0000, 0x0000, 0x0000, 0x0000, 0x0000, 0x0000, 0x0000, 0x0000, 0x0000, 0x0000, 0x0000, 0x0000, 0x0000, 0x0000, 0x0000,   // 0x0EF0 (3824) pixels
0x0000, 0x0000, 0x0000, 0x0000, 0x0000, 0x0000, 0x0000, 0x0000, 0x0000, 0x0000, 0x0000, 0x0000, 0x0000, 0x0000, 0x0000, 0x0000,   // 0x0F00 (3840) pixels
0x0000, 0x0000, 0x0000, 0x0000, 0x0000, 0x0000, 0x0000, 0x0000, 0x0000, 0x0000, 0x0000, 0x0000, 0x0000, 0x0000, 0x0000, 0x0000,   // 0x0F10 (3856) pixels
0x0000, 0x0000, 0x0000, 0x0000, 0x0000, 0x0000, 0x0000, 0x0000, 0x0000, 0x0000, 0x0000, 0x0000, 0x0000, 0x0000, 0x0000, 0x0000,   // 0x0F20 (3872) pixels
0x0000, 0x0000, 0x0000, 0x0000, 0x0000, 0x0000, 0x0000, 0x0000, 0x0000, 0x0000, 0x0000, 0x0000, 0x0000, 0x0000, 0x0000, 0x0000,   // 0x0F30 (3888) pixels
0x0000, 0x0000, 0x0000, 0x0000, 0x0000, 0x0000, 0x0000, 0x0000, 0x0000, 0x0000, 0x0000, 0x0000, 0x0000, 0x0000, 0x0000, 0x0000,   // 0x0F40 (3904) pixels
0x0000, 0x0000, 0x0000, 0x0000, 0x0000, 0x0000, 0x0000, 0x0000, 0x0000, 0x0000, 0x0000, 0x0000, 0x0000, 0x0000, 0x0000, 0x0000,   // 0x0F50 (3920) pixels
0x0000, 0x0000, 0x0000, 0x0000, 0x0000, 0x0000, 0x0000, 0x0000, 0x0000, 0x0000, 0x0000, 0x0000, 0x0000, 0x0000, 0x0000, 0x0000,   // 0x0F60 (3936) pixels
0x0000, 0x0000, 0x0000, 0x0000, 0x0000, 0x0000, 0x0000, 0x0000, 0x0000, 0x0000, 0x0000, 0x0000, 0x0000, 0x0000, 0x0000, 0x0000,   // 0x0F70 (3952) pixels
0x0000, 0x0000, 0x0000, 0x0000, 0x0000, 0x0000, 0x0000, 0x0000, 0x0000, 0x0000, 0x0000, 0x0000, 0x0000, 0x0000, 0x0000, 0x0000,   // 0x0F80 (3968) pixels
0x0000, 0x0000, 0x0000, 0x0000, 0x0000, 0x0000, 0x0000, 0x0000, 0x0000, 0x0000, 0x0000, 0x0000, 0x0000, 0x0000, 0x0000, 0x0000,   // 0x0F90 (3984) pixels
0x0000, 0x0000, 0x0000, 0x0000, 0x0000, 0x0000, 0x0000, 0x0000, 0x0000, 0x0000, 0x0000, 0x0000, 0x0000, 0x0000, 0x0000, 0x0000,   // 0x0FA0 (4000) pixels
0x0000, 0x0000, 0x0000, 0x0000, 0x0000, 0x0000, 0x0000, 0x0000, 0x0000, 0x0000, 0x0000, 0x0000, 0x0000, 0x0000, 0x0000, 0x0000,   // 0x0FB0 (4016) pixels
0x0000, 0x0000, 0x0000, 0x0000, 0x0000, 0x0000, 0x0000, 0x0000, 0x0000, 0x0000, 0x0000, 0x0000, 0x0000, 0x0000, 0x0000, 0x0000,   // 0x0FC0 (4032) pixels
0x0000, 0x0000, 0x0000, 0x0000, 0x0000, 0x0000, 0x0000, 0x0000, 0x0000, 0x0000, 0x0000, 0x0000, 0x0000, 0x0000, 0x0000, 0x0000,   // 0x0FD0 (4048) pixels
0x0000, 0x0000, 0x0000, 0x0000, 0x0000, 0x0000, 0x0000, 0x0000, 0x0000, 0x0000, 0x0000, 0x0000, 0x0000, 0x0000, 0x0000, 0x0000,   // 0x0FE0 (4064) pixels
0x0000, 0x0000, 0x0000, 0x0000, 0x0000, 0x0000, 0x0000, 0x0000, 0x0000, 0x0000, 0x0000, 0x0000, 0x0000, 0x0000, 0x0000, 0x0000,   // 0x0FF0 (4080) pixels
0x0000, 0x0000, 0x0000, 0x0000, 0x0000, 0x0000, 0x0000, 0x0000, 0x0000, 0x0000, 0x0000, 0x0000, 0x0000, 0x0000, 0x0000, 0x0000,   // 0x1000 (4096) pixels
0x0000, 0x0000, 0x0000, 0x0000, 0x0000, 0x0000, 0x0000, 0x0000, 0x0000, 0x0000, 0x0000, 0x0000, 0x0000, 0x0000, 0x0000, 0x0000,   // 0x1010 (4112) pixels
0x0000, 0x0000, 0x0000, 0x0000, 0x0000, 0x0000, 0x0000, 0x0000, 0x0000, 0x0000, 0x0000, 0x0000, 0x0000, 0x0000, 0x0000, 0x0000,   // 0x1020 (4128) pixels
0x0000, 0x0000, 0x0000, 0x0000, 0x0000, 0x0000, 0x0000, 0x0000, 0x0000, 0x0000, 0x0000, 0x0000, 0x0000, 0x0000, 0x0000, 0x0000,   // 0x1030 (4144) pixels
0x0000, 0x0000, 0x0000, 0x0000, 0x0000, 0x0000, 0x0000, 0x0000, 0x0000, 0x0000, 0x0000, 0x0000, 0x0000, 0x0000, 0x0000, 0x0000,   // 0x1040 (4160) pixels
0x0000, 0x0000, 0x0000, 0x0000, 0x0000, 0x0000, 0x0000, 0x0000, 0x0000, 0x0000, 0x0000, 0x0000, 0x0000, 0x0000, 0x0000, 0x0000,   // 0x1050 (4176) pixels
0x0000, 0x0000, 0x0000, 0x0000, 0x0000, 0x0000, 0x0000, 0x0000, 0x0000, 0x0000, 0x0000, 0x0000, 0x0000, 0x0000, 0x0000, 0x0000,   // 0x1060 (4192) pixels
0x0000, 0x0000, 0x0000, 0x0000, 0x0000, 0x0000, 0x0000, 0x0000, 0x0000, 0x0000, 0x0000, 0x0000, 0x0000, 0x0000, 0x0000, 0x0000,   // 0x1070 (4208) pixels
0x0000, 0x0000, 0x0000, 0x0000, 0x0000, 0x0000, 0x0000, 0x0000, 0x0000, 0x0000, 0x0000, 0x0000, 0x0000, 0x0000, 0x0000, 0x0000,   // 0x1080 (4224) pixels
0x0000, 0x0000, 0x0000, 0x0000, 0x0000, 0x0000, 0x0000, 0x0000, 0x0000, 0x0000, 0x0000, 0x0000, 0x0000, 0x0000, 0x0000, 0x0000,   // 0x1090 (4240) pixels
0x0000, 0x0000, 0x0000, 0x0000, 0x0000, 0x0000, 0x0000, 0x0000, 0x0000, 0x0000, 0x0000, 0x0000, 0x0000, 0x0000, 0x0000, 0x0000,   // 0x10A0 (4256) pixels
0x0000, 0x0000, 0x0000, 0x0000, 0x0000, 0x0000, 0x0000, 0x0000, 0x0000, 0x0000, 0x0000, 0x0000, 0x0000, 0x0000, 0x0000, 0x0000,   // 0x10B0 (4272) pixels
0x0000, 0x0000, 0x0000, 0x0000, 0x0000, 0x0000, 0x0000, 0x0000, 0x0000, 0x0000, 0x0000, 0x0000, 0x0000, 0x0000, 0x0000, 0x0000,   // 0x10C0 (4288) pixels
0x0000, 0x0000, 0x0000, 0x0000, 0x0000, 0x0000, 0x0000, 0x0000, 0x0000, 0x0000, 0x0000, 0x0000
};

static const uint16_t logo_esso[STATION_LOGO_W * STATION_LOGO_H] PROGMEM = {
0x0000, 0x0000, 0x0000, 0x0000, 0x0000, 0x0000, 0x0000, 0x0000, 0x0000, 0x0000, 0x0000, 0x0000, 0x0000, 0x0000, 0x0000, 0x0000,   // 0x0010 (16) pixels
0x0000, 0x0000, 0x0000, 0x0000, 0x0000, 0x0000, 0x0000, 0x0000, 0x0000, 0x0000, 0x0000, 0x0000, 0x0000, 0x0000, 0x0000, 0x0000,   // 0x0020 (32) pixels
0x0000, 0x0000, 0x0000, 0x0000, 0x0000, 0x0000, 0x0000, 0x0000, 0x0000, 0x0000, 0x0000, 0x0000, 0x0000, 0x0000, 0x0000, 0x0000,   // 0x0030 (48) pixels
0x0000, 0x0000, 0x0000, 0x0000, 0x0000, 0x0000, 0x0000, 0x0000, 0x0000, 0x0000, 0x0000, 0x0000, 0x0000, 0x0000, 0x0000, 0x0000,   // 0x0040 (64) pixels
0x0000, 0x0000, 0x0000, 0x0000, 0x0000, 0x0000, 0x0000, 0x0000, 0x0000, 0x0000, 0x0000, 0x0000, 0x0000, 0x0000, 0x0000, 0x0000,   // 0x0050 (80) pixels
0x0000, 0x0000, 0x0000, 0x0000, 0x0000, 0x0000, 0x0000, 0x0000, 0x0000, 0x0000, 0x0000, 0x0000, 0x0000, 0x0000, 0x0000, 0x0000,   // 0x0060 (96) pixels
0x0000, 0x0000, 0x0000, 0x0000, 0x0000, 0x0000, 0x0000, 0x0000, 0x0000, 0x0000, 0x0000, 0x0000, 0x0000, 0x0000, 0x0000, 0x0000,   // 0x0070 (112) pixels
0x0000, 0x0000, 0x0000, 0x0000, 0x0000, 0x0000, 0x0000, 0x0000, 0x0000, 0x00A5, 0x0129, 0x098C, 0x09EF, 0x0A31, 0x0A53, 0x0A74,   // 0x0080 (128) pixels
0x0A94, 0x0A94, 0x0A94, 0x0A53, 0x0A31, 0x09EF, 0x098C, 0x0129, 0x00A5, 0x0021, 0x0000, 0x0000, 0x0000, 0x0000, 0x0000, 0x0000,   // 0x0090 (144) pixels
0x0000, 0x0000, 0x0000, 0x0000, 0x0000, 0x0000, 0x0000, 0x0000, 0x0000, 0x0000, 0x0000, 0x0000, 0x0000, 0x0000, 0x0000, 0x0000,   // 0x00A0 (160) pixels
0x0000, 0x0000, 0x0000, 0x0000, 0x0000, 0x0000, 0x0000, 0x0000, 0x0000, 0x0000, 0x0000, 0x0000, 0x0000, 0x0000, 0x0000, 0x0000,   // 0x00B0 (176) pixels
0x0000, 0x0000, 0x0000, 0x0000, 0x0000, 0x0000, 0x0000, 0x0000, 0x0000, 0x0000, 0x0000, 0x0000, 0x0000, 0x0000, 0x0000, 0x0000,   // 0x00C0 (192) pixels
0x0000, 0x0000, 0x0000, 0x0000, 0x0000, 0x0000, 0x0000, 0x0000, 0x0000, 0x0000, 0x0063, 0x014A, 0x0A10, 0x0AB5, 0x0AD7, 0x0AD6,   // 0x00D0 (208) pixels
0x0AB6, 0x0AB5, 0x0AB5, 0x0AB5, 0x0A95, 0x0A94, 0x0A94, 0x0A94, 0x0A94, 0x0A95, 0x0AB5, 0x0AB5, 0x0AB5, 0x0AB6, 0x0AD6, 0x0AD6,   // 0x00E0 (224) pixels
0x0AD6, 0x0A10, 0x014A, 0x0063, 0x0000, 0x0000, 0x0000, 0x0000, 0x0000, 0x0000, 0x0000, 0x0000, 0x0000, 0x0000, 0x0000, 0x0000,   // 0x00F0 (240) pixels
0x0000, 0x0000, 0x0000, 0x0000, 0x0000, 0x0000, 0x0000, 0x0000, 0x0000, 0x0000, 0x0000, 0x0000, 0x0000, 0x0000, 0x0000, 0x0000,   // 0x0100 (256) pixels
0x0000, 0x0000, 0x0000, 0x0000, 0x0000, 0x0000, 0x0000, 0x0000, 0x0000, 0x0000, 0x0000, 0x0000, 0x0000, 0x0000, 0x0000, 0x0000,   // 0x0110 (272) pixels
0x0000, 0x0000, 0x0000, 0x0000, 0x0000, 0x0000, 0x0000, 0x0000, 0x0000, 0x0000, 0x0000, 0x0000, 0x0000, 0x00A5, 0x09CE, 0x0AB6,   // 0x0120 (288) pixels
0x0AD6, 0x0AB5, 0x0AB5, 0x0A94, 0x0A94, 0x0A94, 0x0A94, 0x0A94, 0x0A94, 0x0A94, 0x0A94, 0x0A94, 0x0A94, 0x0A94, 0x0A94, 0x0A94,   // 0x0130 (304) pixels
0x0A94, 0x0A94, 0x0A94, 0x0A94, 0x0A94, 0x0A94, 0x0A94, 0x0AB5, 0x0AB5, 0x0AD6, 0x0AD6, 0x09CE, 0x00A5, 0x0000, 0x0000, 0x0000,   // 0x0140 (320) pixels
0x0000, 0x0000, 0x0000, 0x0000, 0x0000, 0x0000, 0x0000, 0x0000, 0x0000, 0x0000, 0x0000, 0x0000, 0x0000, 0x0000, 0x0000, 0x0000,   // 0x0150 (336) pixels
0x0000, 0x0000, 0x0000, 0x0000, 0x0000, 0x0000, 0x0000, 0x0000, 0x0000, 0x0000, 0x0000, 0x0000, 0x0000, 0x0000, 0x0000, 0x0000,   // 0x0160 (352) pixels
0x0000, 0x0000, 0x0000, 0x0000, 0x0000, 0x0000, 0x0000, 0x0000, 0x0000, 0x0000, 0x0000, 0x0000, 0x0000, 0x0000, 0x0000, 0x0000,   // 0x0170 (368) pixels
0x0000, 0x014A, 0x0AB5, 0x0AD6, 0x0AB5, 0x0A94, 0x0A94, 0x0A94, 0x0A94, 0x0A94, 0x0A94, 0x0A94, 0x0A94, 0x0A94, 0x0A94, 0x0A94,   // 0x0180 (384) pixels
0x0A94, 0x0A94, 0x0A94, 0x0A94, 0x0A94, 0x0A94, 0x0A94, 0x0A94, 0x0A94, 0x0A94, 0x0A94, 0x0A94, 0x0A94, 0x0A94, 0x0A94, 0x0A94,   // 0x0190 (400) pixels
0x0A94, 0x0AB5, 0x0AD6, 0x0AB5, 0x016B, 0x0000, 0x0000, 0x0000, 0x0000, 0x0000, 0x0000, 0x0000, 0x0000, 0x0000, 0x0000, 0x0000,   // 0x01A0 (416) pixels
0x0000, 0x0000, 0x0000, 0x0000, 0x0000, 0x0000, 0x0000, 0x0000, 0x0000, 0x0000, 0x0000, 0x0000, 0x0000, 0x0000, 0x0000, 0x0000,   // 0x01B0 (432) pixels
0x0000, 0x0000, 0x0000, 0x0000, 0x0000, 0x0000, 0x0000, 0x0000, 0x0000, 0x0000, 0x0000, 0x0000, 0x0000, 0x0000, 0x0000, 0x0000,   // 0x01C0 (448) pixels
0x0000, 0x0000, 0x0000, 0x0000, 0x0000, 0x098C, 0x0AD7, 0x0AB5, 0x0A94, 0x0A94, 0x0A94, 0x0A94, 0x0A94, 0x0A94, 0x0A94, 0x0A94,   // 0x01D0 (464) pixels
0x0A94, 0x0A94, 0x0A74, 0x0254, 0x0254, 0x0233, 0x0233, 0x0233, 0x0233, 0x0233, 0x0233, 0x0233, 0x0233, 0x0254, 0x0254, 0x0A74,   // 0x01E0 (480) pixels
0x0A94, 0x0A94, 0x0A94, 0x0A94, 0x0A94, 0x0A94, 0x0A94, 0x0A94, 0x0A94, 0x0A94, 0x0AB5, 0x0AF7, 0x09AD, 0x0000, 0x0000, 0x0000,   // 0x01F0 (496) pixels
0x0000, 0x0000, 0x0000, 0x0000, 0x0000, 0x0000, 0x0000, 0x0000, 0x0000, 0x0000, 0x0000, 0x0000, 0x0000, 0x0000, 0x0000, 0x0000,   // 0x0200 (512) pixels
0x0000, 0x0000, 0x0000, 0x0000, 0x0000, 0x0000, 0x0000, 0x0000, 0x0000, 0x0000, 0x0000, 0x0000, 0x0000, 0x0000, 0x0000, 0x0000,   // 0x0210 (528) pixels
0x0000, 0x0000, 0x0000, 0x0000, 0x0000, 0x0000, 0x0000, 0x0000, 0x0000, 0x014A, 0x0AD6, 0x0AB5, 0x0A94, 0x0A94, 0x0A94, 0x0A94,   // 0x0220 (544) pixels
0x0A94, 0x0A94, 0x0A94, 0x0A94, 0x0254, 0x0233, 0x0213, 0x01F3, 0x1AD5, 0x43D7, 0x6C98, 0x855A, 0x9DBB, 0xAE1B, 0xB63C, 0xB63C,   // 0x0230 (560) pixels
0xAE1B, 0x9DDB, 0x855A, 0x6CB8, 0x4BD7, 0x1AF5, 0x01F3, 0x0213, 0x0233, 0x0254, 0x0A94, 0x0A94, 0x0A94, 0x0A94, 0x0A94, 0x0A94,   // 0x0240 (576) pixels
0x0A94, 0x0A94, 0x0AB5, 0x0AD7, 0x014A, 0x0000, 0x0000, 0x0000, 0x0000, 0x0000, 0x0000, 0x0000, 0x0000, 0x0000, 0x0000, 0x0000,   // 0x0250 (592) pixels
0x0000, 0x0000, 0x0000, 0x0000, 0x0000, 0x0000, 0x0000, 0x0000, 0x0000, 0x0000, 0x0000, 0x0000, 0x0000, 0x0000, 0x0000, 0x0000,   // 0x0260 (608) pixels
0x0000, 0x0000, 0x0000, 0x0000, 0x0000, 0x0000, 0x0000, 0x0000, 0x0000, 0x0000, 0x0000, 0x0000, 0x0000, 0x0042, 0x0A94, 0x0AD6,   // 0x0270 (624) pixels
0x0A94, 0x0A94, 0x0A94, 0x0A94, 0x0A94, 0x0A94, 0x0A94, 0x0254, 0x0213, 0x0233, 0x4C17, 0x9DBB, 0xDF3E, 0xFFFF, 0xFFFF, 0xFFFF,   // 0x0280 (640) pixels
0xFFFF, 0xFFFF, 0xFFFF, 0xFFFF, 0xFFFF, 0xFFFF, 0xFFFF, 0xFFFF, 0xFFFF, 0xFFFF, 0xFFFF, 0xFFFF, 0xFFFF, 0xDF5E, 0x9DDB, 0x5437,   // 0x0290 (656) pixels
0x0254, 0x01F3, 0x0254, 0x0A94, 0x0A94, 0x0A94, 0x0A94, 0x0A94, 0x0A94, 0x0A94, 0x0AD6, 0x0A94, 0x0063, 0x0000, 0x0000, 0x0000,   // 0x02A0 (672) pixels
0x0000, 0x0000, 0x0000, 0x0000, 0x0000, 0x0000, 0x0000, 0x0000, 0x0000, 0x0000, 0x0000, 0x0000, 0x0000, 0x0000, 0x0000, 0x0000,   // 0x02B0 (688) pixels
0x0000, 0x0000, 0x0000, 0x0000, 0x0000, 0x0000, 0x0000, 0x0000, 0x0000, 0x0000, 0x0000, 0x0000, 0x0000, 0x0000, 0x0000, 0x0000,   // 0x02C0 (704) pixels
0x0000, 0x0000, 0x014A, 0x0AF7, 0x0A95, 0x0A94, 0x0A94, 0x0A94, 0x0A94, 0x0A94, 0x0A74, 0x0213, 0x0233, 0x6CB8, 0xD71D, 0xFFFF,   // 0x02D0 (720) pixels
0xFFFF, 0xFFFF, 0xFFFF, 0xFFFF, 0xFFFF, 0xFFFF, 0xFFFF, 0xFFFF, 0xFFFF, 0xFFFF, 0xFFFF, 0xFFFF, 0xFFFF, 0xFFFF, 0xFFFF, 0xFFFF,   // 0x02E0 (736) pixels
0xFFFF, 0xFFFF, 0xFFFF, 0xFFFF, 0xFFFF, 0xFFFF, 0xFFFF, 0xDF3E, 0x74D9, 0x0254, 0x0213, 0x0A74, 0x0A94, 0x0A94, 0x0A94, 0x0A94,   // 0x02F0 (752) pixels
0x0A94, 0x0A94, 0x0AF7, 0x016B, 0x0000, 0x0000, 0x0000, 0x0000, 0x0000, 0x0000, 0x0000, 0x0000, 0x0000, 0x0000, 0x0000, 0x0000,   // 0x0300 (768) pixels
0x0000, 0x0000, 0x0000, 0x0000, 0x0000, 0x0000, 0x0000, 0x0000, 0x0000, 0x0000, 0x0000, 0x0000, 0x0000, 0x0000, 0x0000, 0x0000,   // 0x0310 (784) pixels
0x0000, 0x0000, 0x0000, 0x0000, 0x0000, 0x0000, 0x0000, 0x0A31, 0x0AD6, 0x0A94, 0x0A94, 0x0A94, 0x0A94, 0x0A94, 0x0A74, 0x0213,   // 0x0320 (800) pixels
0x12D5, 0xAE1B, 0xFFFF, 0xFFFF, 0xFFFF, 0xFFFF, 0xFFFF, 0xFFFF, 0xFFFF, 0xFFFF, 0xFFFF, 0xFFFF, 0xFFFF, 0xFFFF, 0xFFFF, 0xFFFF,   // 0x0330 (816) pixels
0xFFFF, 0xFFFF, 0xFFFF, 0xFFFF, 0xFFFF, 0xFFFF, 0xFFFF, 0xFFFF, 0xFFFF, 0xFFFF, 0xFFFF, 0xFFFF, 0xFFFF, 0xFFFF, 0xFFFF, 0xFFFF,   // 0x0340 (832) pixels
0xB65C, 0x1AF5, 0x01F3, 0x0A74, 0x0A94, 0x0A94, 0x0A94, 0x0A94, 0x0A94, 0x0AD6, 0x0A31, 0x0000, 0x0000, 0x0000, 0x0000, 0x0000,   // 0x0350 (848) pixels
0x0000, 0x0000, 0x0000, 0x0000, 0x0000, 0x0000, 0x0000, 0x0000, 0x0000, 0x0000, 0x0000, 0x0000, 0x0000, 0x0000, 0x0000, 0x0000,   // 0x0360 (864) pixels
0x0000, 0x0000, 0x0000, 0x0000, 0x0000, 0x0000, 0x0000, 0x0000, 0x0000, 0x0000, 0x0000, 0x0000, 0x0A73, 0x0AB5, 0x0A94, 0x0A94,   // 0x0370 (880) pixels
0x0A94, 0x0A94, 0x0A94, 0x0233, 0x0A74, 0xB65C, 0xFFFF, 0xFFFF, 0xFFFF, 0xFFFF, 0xFFFF, 0xFFFF, 0xFFFF, 0xFFFF, 0xFFFF, 0xFFFF,   // 0x0380 (896) pixels
0xFFFF, 0xFFFF, 0xFFFF, 0xFFFF, 0xFFFF, 0xFFFF, 0xFFFF, 0xFFFF, 0xFFFF, 0xFFFF, 0xFFFF, 0xFFFF, 0xFFFF, 0xFFFF, 0xFFFF, 0xFFFF,   // 0x0390 (912) pixels
0xFFFF, 0xFFFF, 0xFFFF, 0xFFFF, 0xFFFF, 0xFFFF, 0xFFFF, 0xFFFF, 0xC69D, 0x12B4, 0x0213, 0x0A94, 0x0A94, 0x0A94, 0x0A94, 0x0A94,   // 0x03A0 (928) pixels
0x0AB5, 0x0A94, 0x0000, 0x0000, 0x0000, 0x0000, 0x0000, 0x0000, 0x0000, 0x0000, 0x0000, 0x0000, 0x0000, 0x0000, 0x0000, 0x0000,   // 0x03B0 (944) pixels
0x0000, 0x0000, 0x0000, 0x0000, 0x0000, 0x0000, 0x0000, 0x0000, 0x0000, 0x0000, 0x0000, 0x0000, 0x0000, 0x0000, 0x0000, 0x0000,   // 0x03C0 (960) pixels
0x0000, 0x0A94, 0x0AB5, 0x0A94, 0x0A94, 0x0A94, 0x0A94, 0x0A74, 0x01D3, 0x853A, 0xFFFF, 0xFFFF, 0xFFFF, 0xFFFF, 0xFFFF, 0xFFFF,   // 0x03D0 (976) pixels
0xFFFF, 0xFFFF, 0xFFFF, 0xFFFF, 0xFFFF, 0xFFFF, 0xFFFF, 0xFFFF, 0xFFFF, 0xFFFF, 0xFFFF, 0xFFFF, 0xFFFF, 0xFFFF, 0xFFFF, 0xFFFF,   // 0x03E0 (992) pixels
0xFFFF, 0xFFFF, 0xFFFF, 0xFFFF, 0xFFFF, 0xFFFF, 0xFFFF, 0xFFFF, 0xFFFF, 0xFFFF, 0xFFFF, 0xFFFF, 0xFFFF, 0xFFFF, 0xFFFF, 0xFFFF,   // 0x03F0 (1008) pixels
0x8D7A, 0x01F3, 0x0A74, 0x0A94, 0x0A94, 0x0A94, 0x0A94, 0x0AB5, 0x0A94, 0x0000, 0x0000, 0x0000, 0x0000, 0x0000, 0x0000, 0x0000,   // 0x0400 (1024) pixels
0x0000, 0x0000, 0x0000, 0x0000, 0x0000, 0x0000, 0x0000, 0x0000, 0x0000, 0x0000, 0x0000, 0x0000, 0x0000, 0x0000, 0x0000, 0x0000,   // 0x0410 (1040) pixels
0x0000, 0x0000, 0x0000, 0x0000, 0x0000, 0x0000, 0x0A73, 0x0AB5, 0x0A94, 0x0A94, 0x0A94, 0x0A94, 0x0254, 0x0A94, 0xEF9F, 0xFFFF,   // 0x0420 (1056) pixels
0xFFFF, 0xFFFF, 0xFFFF, 0xFFFF, 0xFFFF, 0xFFFF, 0xFFFF, 0xFFFF, 0xFFFF, 0xFFFF, 0xFFFF, 0xFFFF, 0xFFFF, 0xFFFF, 0xFFFF, 0xFFFF,   // 0x0430 (1072) pixels
0xFFFF, 0xFFFF, 0xFFFF, 0xFFFF, 0xFFFF, 0xFFFF, 0xFFFF, 0xFFFF, 0xFFFF, 0xFFFF, 0xFFFF, 0xFFFF, 0xFFFF, 0xFFFF, 0xFFFF, 0xFFFF,   // 0x0440 (1088) pixels
0xFFFF, 0xFFFF, 0xFFFF, 0xFFFF, 0xFFFF, 0xFFFF, 0xFFFF, 0xF7DF, 0x12B4, 0x0233, 0x0A94, 0x0A94, 0x0A94, 0x0A94, 0x0AB5, 0x0A73,   // 0x0450 (1104) pixels
0x0000, 0x0000, 0x0000, 0x0000, 0x0000, 0x0000, 0x0000, 0x0000, 0x0000, 0x0000, 0x0000, 0x0000, 0x0000, 0x0000, 0x0000, 0x0000,   // 0x0460 (1120) pixels
0x0000, 0x0000, 0x0000, 0x0000, 0x0000, 0x0000, 0x0000, 0x0000, 0x0000, 0x0000, 0x0000, 0x09CF, 0x0AB6, 0x0A94, 0x0A94, 0x0A94,   // 0x0470 (1136) pixels
0x0A94, 0x0233, 0x3376, 0xFFFF, 0xFFFF, 0xFFFF, 0xFFFF, 0xFFFF, 0xFFFF, 0xFFFF, 0xFFFF, 0xFFFF, 0xFFFF, 0xFFFF, 0xFFFF, 0xFFFF,   // 0x0480 (1152) pixels
0xFFFF, 0xFFFF, 0xFFFF, 0xFFFF, 0xFFFF, 0xFFFF, 0xFFFF, 0xFFFF, 0xFFFF, 0xFFFF, 0xFFFF, 0xFFFF, 0xFFFF, 0xFFFF, 0xFFFF, 0xFFFF,   // 0x0490 (1168) pixels
0xFFFF, 0xFFFF, 0xFFFF, 0xFFFF, 0xFFFF, 0xFFFF, 0xFFFF, 0xFFFF, 0xFFFF, 0xFFFF, 0xFFFF, 0xFFFF, 0xFFFF, 0xFFFF, 0xFFFF, 0x43B7,   // 0x04A0 (1184) pixels
0x0213, 0x0A94, 0x0A94, 0x0A94, 0x0A94, 0x0AB5, 0x09EF, 0x0000, 0x0000, 0x0000, 0x0000, 0x0000, 0x0000, 0x0000, 0x0000, 0x0000,   // 0x04B0 (1200) pixels
0x0000, 0x0000, 0x0000, 0x0000, 0x0000, 0x0000, 0x0000, 0x0000, 0x0000, 0x0000, 0x0000, 0x0000, 0x0000, 0x0000, 0x0000, 0x0000,   // 0x04C0 (1216) pixels
0x00E7, 0x0AD7, 0x0A94, 0x0A94, 0x0A94, 0x0A94, 0x0233, 0x43D7, 0xFFFF, 0xFFFF, 0xFFFF, 0xFFFF, 0xF556, 0xE1E9, 0xD8A5, 0xD864,   // 0x04D0 (1232) pixels
0xD926, 0xEB0D, 0xF639, 0xFFFF, 0xFFFF, 0xFFFF, 0xFFFF, 0xFFFF, 0xFFFF, 0xFFFF, 0xFFFF, 0xFFFF, 0xFFFF, 0xFFFF, 0xFFFF, 0xFFFF,   // 0x04E0 (1248) pixels
0xFFFF, 0xFFFF, 0xFFFF, 0xFFFF, 0xFFFF, 0xFFFF, 0xFFFF, 0xFFFF, 0xFFFF, 0xFFFF, 0xFFFF, 0xFFFF, 0xFFFF, 0xFFFF, 0xFFFF, 0xFFFF,   // 0x04F0 (1264) pixels
0xFFFF, 0xFFFF, 0xFFFF, 0xFFFF, 0xFFFF, 0xFFFF, 0x5437, 0x0213, 0x0A94, 0x0A94, 0x0A94, 0x0A94, 0x0AD6, 0x0108, 0x0000, 0x0000,   // 0x0500 (1280) pixels
0x0000, 0x0000, 0x0000, 0x0000, 0x0000, 0x0000, 0x0000, 0x0000, 0x0000, 0x0000, 0x0000, 0x0000, 0x0000, 0x0000, 0x0000, 0x0000,   // 0x0510 (1296) pixels
0x0000, 0x0000, 0x0000, 0x0000, 0x0000, 0x0000, 0x0AD6, 0x0A94, 0x0A94, 0x0A94, 0x0A94, 0x0254, 0x3376, 0xFFFF, 0xFFFF, 0xFFFF,   // 0x0520 (1312) pixels
0xFFFF, 0xD884, 0xD000, 0xD801, 0xD801, 0xD801, 0xD801, 0xD800, 0xD000, 0xE26B, 0xFFFF, 0xFFFF, 0xFFFF, 0xFFFF, 0xFFFF, 0xFFFF,   // 0x0530 (1328) pixels
0xFFFF, 0xFFFF, 0xFFFF, 0xFFFF, 0xFFFF, 0xFFFF, 0xFFFF, 0xFFFF, 0xFFFF, 0xFFFF, 0xFFFF, 0xFFFF, 0xFFFF, 0xFFFF, 0xFFFF, 0xFFFF,   // 0x0540 (1344) pixels
0xFFFF, 0xFFFF, 0xFFFF, 0xFFFF, 0xFFFF, 0xFFFF, 0xFFFF, 0xFFFF, 0xFFFF, 0xFFFF, 0xFFFF, 0xFFFF, 0xFFFF, 0x43D7, 0x0233, 0x0A94,   // 0x0550 (1360) pixels
0x0A94, 0x0A94, 0x0A94, 0x0AF7, 0x0000, 0x0000, 0x0000, 0x0000, 0x0000, 0x0000, 0x0000, 0x0000, 0x0000, 0x0000, 0x0000, 0x0000,   // 0x0560 (1376) pixels
0x0000, 0x0000, 0x0000, 0x0000, 0x0000, 0x0000, 0x0000, 0x0000, 0x0000, 0x0000, 0x0000, 0x09EF, 0x0AB5, 0x0A94, 0x0A94, 0x0A94,   // 0x0570 (1392) pixels
0x0A74, 0x0A94, 0xFFFF, 0xFFFF, 0xFFFF, 0xFFFF, 0xD822, 0xD801, 0xD802, 0xD802, 0xD802, 0xD802, 0xD802, 0xD802, 0xD000, 0xEB6F,   // 0x0580 (1408) pixels
0xFFFF, 0xFFFF, 0xFFFF, 0xFFFF, 0xFFFF, 0xFFFF, 0xFFFF, 0xFFFF, 0xFFFF, 0xFFFF, 0xFFFF, 0xFFFF, 0xFFFF, 0xFFFF, 0xFFFF, 0xFFFF,   // 0x0590 (1424) pixels
0xFFFF, 0xFFFF, 0xFFFF, 0xFFFF, 0xFFFF, 0xFFFF, 0xFFFF, 0xFFFF, 0xFFFF, 0xFFFF, 0xFFFF, 0xFFFF, 0xFFFF, 0xFFFF, 0xFFFF, 0xFFFF,   // 0x05A0 (1440) pixels
0xFFFF, 0xFFFF, 0xFFFF, 0xFFFF, 0x1AD5, 0x0274, 0x0A94, 0x0A94, 0x0A94, 0x0AB5, 0x0A10, 0x0000, 0x0000, 0x0000, 0x0000, 0x0000,   // 0x05B0 (1456) pixels
0x0000, 0x0000, 0x0000, 0x0000, 0x0000, 0x0000, 0x0000, 0x0000, 0x0000, 0x0000, 0x0000, 0x0000, 0x0000, 0x0000, 0x0000, 0x0000,   // 0x05C0 (1472) pixels
0x0042, 0x0AF7, 0x0A94, 0x0A94, 0x0A94, 0x0A94, 0x01D3, 0xF7BF, 0xFFFF, 0xFFFF, 0xFFFF, 0xEC93, 0xD000, 0xD802, 0xD802, 0xD802,   // 0x05D0 (1488) pixels
0xD801, 0xD000, 0xD800, 0xD000, 0xD000, 0xEC72, 0xFFFF, 0xFFFF, 0xFFFF, 0xFFFF, 0xFFFF, 0xFFFF, 0xFFFF, 0xFFFF, 0xFFFF, 0xFFFF,   // 0x05E0 (1504) pixels
0xFFFF, 0xFFFF, 0xFFFF, 0xFFFF, 0xFFFF, 0xFFFF, 0xFFFF, 0xFFFF, 0xFFFF, 0xFFFF, 0xFFFF, 0xFFFF, 0xFFFF, 0xFFFF, 0xFFFF, 0xFFFF,   // 0x05F0 (1520) pixels
0xFFFF, 0xFFFF, 0xFFFF, 0xFFFF, 0xFFFF, 0xFFFF, 0xFFFF, 0xFFFF, 0xFFFF, 0xFFFF, 0xFFFF, 0x01F3, 0x0A94, 0x0A94, 0x0A94, 0x0A94,   // 0x0600 (1536) pixels
0x0AF7, 0x0063, 0x0000, 0x0000, 0x0000, 0x0000, 0x0000, 0x0000, 0x0000, 0x0000, 0x0000, 0x0000, 0x0000, 0x0000, 0x0000, 0x0000,   // 0x0610 (1552) pixels
0x0000, 0x0000, 0x0000, 0x0000, 0x0000, 0x0000, 0x09EF, 0x0AB5, 0x0A94, 0x0A94, 0x0A94, 0x0233, 0x853A, 0xFFFF, 0xFFFF, 0xFFFF,   // 0x0620 (1568) pixels
0xFFFF, 0xE1C9, 0xD801, 0xD802, 0xD802, 0xD801, 0xE188, 0xFFFF, 0xFFFF, 0xFFFF, 0xF5B7, 0xF67A, 0xFFFF, 0xFFFF, 0xFFFF, 0xFF9E,   // 0x0630 (1584) pixels
0xEC31, 0xE2CC, 0xEB0D, 0xECB3, 0xFFBE, 0xFFFF, 0xFFFF, 0xFFFF, 0xFFFF, 0xFFFF, 0xFFFF, 0xEC93, 0xE2ED, 0xE2ED, 0xEC72, 0xFF1C,   // 0x0640 (1600) pixels
0xFFFF, 0xFFFF, 0xFFFF, 0xFFFF, 0xFFFF, 0xFFFF, 0xF618, 0xE2ED, 0xE1A8, 0xE1E9, 0xEBF0, 0xFFDF, 0xFFFF, 0xFFFF, 0xFFFF, 0xFFFF,   // 0x0650 (1616) pixels
0xFFFF, 0x959A, 0x0213, 0x0A94, 0x0A94, 0x0A94, 0x0AB5, 0x0A10, 0x0000, 0x0000, 0x0000, 0x0000, 0x0000, 0x0000, 0x0000, 0x0000,   // 0x0660 (1632) pixels
0x0000, 0x0000, 0x0000, 0x0000, 0x0000, 0x0000, 0x0000, 0x0000, 0x0000, 0x0000, 0x0000, 0x0000, 0x0AF7, 0x0A94, 0x0A94, 0x0A94,   // 0x0670 (1648) pixels
0x0A94, 0x0254, 0xFFFF, 0xFFFF, 0xFFFF, 0xFFFF, 0xFFFF, 0xE167, 0xD801, 0xD802, 0xD802, 0xD000, 0xFF9E, 0xFFFF, 0xFFFF, 0xFFFF,   // 0x0680 (1664) pixels
0xFFFF, 0xFFFF, 0xFFFF, 0xFFFF, 0xEB4E, 0xD000, 0xD000, 0xD800, 0xD800, 0xD000, 0xD000, 0xE187, 0xFFFF, 0xFFFF, 0xFFFF, 0xECB3,   // 0x0690 (1680) pixels
0xD000, 0xD000, 0xD800, 0xD800, 0xD000, 0xD000, 0xD8A4, 0xFFBE, 0xFFFF, 0xFFFF, 0xFFFF, 0xD8E5, 0xD000, 0xD800, 0xD801, 0xD801,   // 0x06A0 (1696) pixels
0xD000, 0xD000, 0xEC31, 0xFFFF, 0xFFFF, 0xFFFF, 0xFFFF, 0xFFFF, 0x0A94, 0x0A74, 0x0A94, 0x0A94, 0x0A94, 0x0AF7, 0x0000, 0x0000,   // 0x06B0 (1712) pixels
0x0000, 0x0000, 0x0000, 0x0000, 0x0000, 0x0000, 0x0000, 0x0000, 0x0000, 0x0000, 0x0000, 0x0000, 0x0000, 0x0000, 0x0000, 0x0000,   // 0x06C0 (1728) pixels
0x0000, 0x00E7, 0x0AD6, 0x0A94, 0x0A94, 0x0A94, 0x0233, 0x855A, 0xFFFF, 0xFFFF, 0xFFFF, 0xFFFF, 0xFFFF, 0xEB4E, 0xD000, 0xD802,   // 0x06D0 (1744) pixels
0xD802, 0xD000, 0xFF1C, 0xFFFF, 0xFFFF, 0xFFFF, 0xFFFF, 0xFFFF, 0xFFFF, 0xEC31, 0xD000, 0xD802, 0xD802, 0xD801, 0xD801, 0xD802,   // 0x06E0 (1760) pixels
0xD802, 0xD000, 0xFFFF, 0xFFFF, 0xF5F8, 0xD000, 0xD802, 0xD802, 0xD802, 0xD801, 0xD802, 0xD802, 0xD000, 0xF67A, 0xFFFF, 0xFFFF,   // 0x06F0 (1776) pixels
0xD8A4, 0xD000, 0xD802, 0xD802, 0xD801, 0xD802, 0xD802, 0xD802, 0xD000, 0xF4D4, 0xFFFF, 0xFFFF, 0xFFFF, 0xFFFF, 0x9DBB, 0x0233,   // 0x0700 (1792) pixels
0x0A94, 0x0A94, 0x0A94, 0x0AB6, 0x0108, 0x0000, 0x0000, 0x0000, 0x0000, 0x0000, 0x0000, 0x0000, 0x0000, 0x0000, 0x0000, 0x0000,   // 0x0710 (1808) pixels
0x0000, 0x0000, 0x0000, 0x0000, 0x0000, 0x0000, 0x0000, 0x09CE, 0x0AB5, 0x0A94, 0x0A94, 0x0A94, 0x01F3, 0xF7DF, 0xFFFF, 0xFFFF,   // 0x0720 (1824) pixels
0xFFFF, 0xFFFF, 0xFFFF, 0xFFDF, 0xD000, 0xD802, 0xD802, 0xD801, 0xD863, 0xFEBA, 0xFFFF, 0xFFFF, 0xFFFF, 0xFFFF, 0xFFFF, 0xD000,   // 0x0730 (1840) pixels
0xD802, 0xD802, 0xD801, 0xD843, 0xE188, 0xD000, 0xD000, 0xD000, 0xFFFF, 0xFFFF, 0xD884, 0xD801, 0xD802, 0xD802, 0xD802, 0xE1A8,   // 0x0740 (1856) pixels
0xD800, 0xD000, 0xD000, 0xFE9A, 0xFFFF, 0xF576, 0xD000, 0xD802, 0xD802, 0xD000, 0xD8C5, 0xD802, 0xD801, 0xD802, 0xD802, 0xD000,   // 0x0750 (1872) pixels
0xFFFF, 0xFFFF, 0xFFFF, 0xFFFF, 0xFFFF, 0x01F3, 0x0A94, 0x0A94, 0x0A94, 0x0AB5, 0x09CE, 0x0000, 0x0000, 0x0000, 0x0000, 0x0000,   // 0x0760 (1888) pixels
0x0000, 0x0000, 0x0000, 0x0000, 0x0000, 0x0000, 0x0000, 0x0000, 0x0000, 0x0000, 0x0000, 0x0000, 0x0000, 0x0A53, 0x0A95, 0x0A94,   // 0x0770 (1904) pixels
0x0A94, 0x0A74, 0x0A94, 0xFFFF, 0xFFFF, 0xFFFF, 0xFFFF, 0xFFFF, 0xFFFF, 0xFFFF, 0xF5F8, 0xD000, 0xD802, 0xD802, 0xD801, 0xD000,   // 0x0780 (1920) pixels
0xD000, 0xD000, 0xE187, 0xFFFF, 0xFEFC, 0xD000, 0xD802, 0xD802, 0xD000, 0xFFFF, 0xFFFF, 0xFFFF, 0xF5D8, 0xD843, 0xFFDF, 0xFFFF,   // 0x0790 (1936) pixels
0xD000, 0xD802, 0xD802, 0xD000, 0xFFFF, 0xFFFF, 0xFFFF, 0xFE7A, 0xE147, 0xF639, 0xFFFF, 0xE22A, 0xD801, 0xD802, 0xD000, 0xEBD0,   // 0x07A0 (1952) pixels
0xFFFF, 0xFFFF, 0xD8C5, 0xD801, 0xD802, 0xD000, 0xF5F8, 0xFFFF, 0xFFFF, 0xFFFF, 0xFFFF, 0x22F5, 0x0A74, 0x0A94, 0x0A94, 0x0A94,   // 0x07B0 (1968) pixels
0x0A73, 0x0000, 0x0000, 0x0000, 0x0000, 0x0000, 0x0000, 0x0000, 0x0000, 0x0000, 0x0000, 0x0000, 0x0000, 0x0000, 0x0000, 0x0000,   // 0x07C0 (1984) pixels
0x0000, 0x0000, 0x0000, 0x0AD6, 0x0A94, 0x0A94, 0x0A94, 0x0254, 0x4BF7, 0xFFFF, 0xFFFF, 0xFFFF, 0xFFFF, 0xFFFF, 0xFFFF, 0xFFFF,   // 0x07D0 (2000) pixels
0xFFFF, 0xEBF0, 0xD800, 0xD802, 0xD802, 0xD802, 0xD802, 0xD801, 0xE20A, 0xFFFF, 0xFF7D, 0xD000, 0xD802, 0xD802, 0xD000, 0xF4F4,   // 0x07E0 (2016) pixels
0xFFFF, 0xFFFF, 0xFFFF, 0xFFFF, 0xFFFF, 0xFFFF, 0xD000, 0xD802, 0xD802, 0xD000, 0xEBB0, 0xFFFF, 0xFFFF, 0xFFFF, 0xFFFF, 0xFFFF,   // 0x07F0 (2032) pixels
0xFFFF, 0xD843, 0xD801, 0xD802, 0xD000, 0xFFFF, 0xFFFF, 0xFFFF, 0xF596, 0xD000, 0xD802, 0xD000, 0xEBF0, 0xFFFF, 0xFFFF, 0xFFFF,   // 0x0800 (2048) pixels
0xFFFF, 0x5C38, 0x0254, 0x0A94, 0x0A94, 0x0A94, 0x0AD6, 0x0000, 0x0000, 0x0000, 0x0000, 0x0000, 0x0000, 0x0000, 0x0000, 0x0000,   // 0x0810 (2064) pixels
0x0000, 0x0000, 0x0000, 0x0000, 0x0000, 0x0000, 0x0000, 0x0000, 0x0000, 0x0AF7, 0x0A94, 0x0A94, 0x0A94, 0x0254, 0x6498, 0xFFFF,   // 0x0820 (2080) pixels
0xFFFF, 0xFFFF, 0xFFFF, 0xFFFF, 0xFFFF, 0xFFFF, 0xE1E9, 0xD000, 0xD802, 0xD802, 0xD801, 0xD000, 0xD000, 0xD000, 0xE167, 0xFFFF,   // 0x0830 (2096) pixels
0xFFFF, 0xD822, 0xD801, 0xD802, 0xD802, 0xD000, 0xD800, 0xEBF0, 0xFFFF, 0xFFFF, 0xFFFF, 0xFFFF, 0xE1C8, 0xD800, 0xD802, 0xD802,   // 0x0840 (2112) pixels
0xD000, 0xD000, 0xEB2E, 0xFFFF, 0xFFFF, 0xFFFF, 0xFFFF, 0xD000, 0xD802, 0xD801, 0xD884, 0xFFFF, 0xFFFF, 0xFFFF, 0xFF7D, 0xD000,   // 0x0850 (2128) pixels
0xD802, 0xD800, 0xE2CC, 0xFFFF, 0xFFFF, 0xFFFF, 0xFFFF, 0x74F9, 0x0254, 0x0A94, 0x0A94, 0x0A94, 0x0AD7, 0x0000, 0x0000, 0x0000,   // 0x0860 (2144) pixels
0x0000, 0x0000, 0x0000, 0x0000, 0x0000, 0x0000, 0x0000, 0x0000, 0x0000, 0x0000, 0x0000, 0x0000, 0x0000, 0x0000, 0x0000, 0x0AD7,   // 0x0870 (2160) pixels
0x0A94, 0x0A94, 0x0A94, 0x0254, 0x6CB9, 0xFFFF, 0xFFFF, 0xFFFF, 0xFFFF, 0xFFFF, 0xFFFF, 0xEC52, 0xD000, 0xD802, 0xD802, 0xD801,   // 0x0880 (2176) pixels
0xD863, 0xF639, 0xFFFF, 0xFFFF, 0xFFFF, 0xFFFF, 0xFFFF, 0xFEFB, 0xD000, 0xD801, 0xD802, 0xD802, 0xD802, 0xD000, 0xD000, 0xFEBA,   // 0x0890 (2192) pixels
0xFFFF, 0xFFFF, 0xFFFF, 0xD000, 0xD000, 0xD802, 0xD802, 0xD802, 0xD000, 0xD000, 0xF576, 0xFFFF, 0xFFFF, 0xD000, 0xD802, 0xD801,   // 0x08A0 (2208) pixels
0xE167, 0xFFFF, 0xFFFF, 0xFFFF, 0xFFFF, 0xD000, 0xD802, 0xD801, 0xE24B, 0xFFFF, 0xFFFF, 0xFFFF, 0xFFFF, 0x7D19, 0x0253, 0x0A94,   // 0x08B0 (2224) pixels
0x0A94, 0x0A94, 0x0AD7, 0x0000, 0x0000, 0x0000, 0x0000, 0x0000, 0x0000, 0x0000, 0x0000, 0x0000, 0x0000, 0x0000, 0x0000, 0x0000,   // 0x08C0 (2240) pixels
0x0000, 0x0000, 0x0000, 0x0000, 0x0000, 0x0AD7, 0x0A94, 0x0A94, 0x0A94, 0x0254, 0x5C58, 0xFFFF, 0xFFFF, 0xFFFF, 0xFFFF, 0xFFFF,   // 0x08D0 (2256) pixels
0xFFFF, 0xD802, 0xD801, 0xD802, 0xD802, 0xD000, 0xFFFF, 0xFFFF, 0xFFFF, 0xFFFF, 0xFFFF, 0xFFFF, 0xFFFF, 0xFFFF, 0xFF7E, 0xE1E9,   // 0x08E0 (2272) pixels
0xD000, 0xD000, 0xD802, 0xD802, 0xD801, 0xD000, 0xFFFF, 0xFFFF, 0xFFFF, 0xFFFF, 0xE2AC, 0xD000, 0xD000, 0xD802, 0xD802, 0xD802,   // 0x08F0 (2288) pixels
0xD000, 0xFF1C, 0xFFFF, 0xD000, 0xD802, 0xD801, 0xD906, 0xFFFF, 0xFFFF, 0xFFFF, 0xFFDF, 0xD000, 0xD802, 0xD801, 0xE28B, 0xFFFF,   // 0x0900 (2304) pixels
0xFFFF, 0xFFFF, 0xFFFF, 0x6C98, 0x0254, 0x0A94, 0x0A94, 0x0A94, 0x0AF7, 0x0000, 0x0000, 0x0000, 0x0000, 0x0000, 0x0000, 0x0000,   // 0x0910 (2320) pixels
0x0000, 0x0000, 0x0000, 0x0000, 0x0000, 0x0000, 0x0000, 0x0000, 0x0000, 0x0000, 0x0000, 0x0A94, 0x0A94, 0x0A94, 0x0A94, 0x0274,   // 0x0920 (2336) pixels
0x2B56, 0xFFFF, 0xFFFF, 0xFFFF, 0xFFFF, 0xFFFF, 0xFFFF, 0xD000, 0xD802, 0xD802, 0xD802, 0xD000, 0xFFFF, 0xFFFF, 0xFFFF, 0xFFFF,   // 0x0930 (2352) pixels
0xFFFF, 0xFFFF, 0xFFFF, 0xFFFF, 0xFFFF, 0xFFFF, 0xFFFF, 0xEB4E, 0xD000, 0xD802, 0xD802, 0xD000, 0xEC31, 0xFFFF, 0xFFFF, 0xFFFF,   // 0x0940 (2368) pixels
0xFFFF, 0xFFFF, 0xEC31, 0xD000, 0xD802, 0xD802, 0xD800, 0xE28C, 0xFFFF, 0xD801, 0xD802, 0xD802, 0xD000, 0xFFFF, 0xFFFF, 0xFFFF,   // 0x0950 (2384) pixels
0xF67A, 0xD000, 0xD802, 0xD000, 0xEB6F, 0xFFFF, 0xFFFF, 0xFFFF, 0xFFFF, 0x3BB6, 0x0274, 0x0A94, 0x0A94, 0x0A94, 0x0AB5, 0x0000,   // 0x0960 (2400) pixels
0x0000, 0x0000, 0x0000, 0x0000, 0x0000, 0x0000, 0x0000, 0x0000, 0x0000, 0x0000, 0x0000, 0x0000, 0x0000, 0x0000, 0x0000, 0x0000,   // 0x0970 (2416) pixels
0x0000, 0x0A10, 0x0AB5, 0x0A94, 0x0A94, 0x0A94, 0x01F3, 0xFFFF, 0xFFFF, 0xFFFF, 0xFFFF, 0xFFFF, 0xFFFF, 0xD000, 0xD802, 0xD802,   // 0x0980 (2432) pixels
0xD802, 0xD000, 0xF515, 0xFFFF, 0xFFFF, 0xFFFF, 0xF67A, 0xFF9E, 0xFFFF, 0xF5B7, 0xFFFF, 0xFFFF, 0xFFFF, 0xFFFF, 0xE1C8, 0xD801,   // 0x0990 (2448) pixels
0xD802, 0xD800, 0xE2CC, 0xFFFF, 0xF596, 0xFFFF, 0xFFFF, 0xFFFF, 0xFFFF, 0xEB6F, 0xD800, 0xD802, 0xD801, 0xE147, 0xFFFF, 0xE147,   // 0x09A0 (2464) pixels
0xD801, 0xD802, 0xD000, 0xFE9A, 0xFFFF, 0xFFFF, 0xEB2E, 0xD800, 0xD802, 0xD000, 0xF514, 0xFFFF, 0xFFFF, 0xFFFF, 0xFFFF, 0x0233,   // 0x09B0 (2480) pixels
0x0A94, 0x0A94, 0x0A94, 0x0AB5, 0x0A31, 0x0000, 0x0000, 0x0000, 0x0000, 0x0000, 0x0000, 0x0000, 0x0000, 0x0000, 0x0000, 0x0000,   // 0x09C0 (2496) pixels
0x0000, 0x0000, 0x0000, 0x0000, 0x0000, 0x0000, 0x0000, 0x014A, 0x0AB5, 0x0A94, 0x0A94, 0x0A94, 0x0213, 0xBE7C, 0xFFFF, 0xFFFF,   // 0x09D0 (2512) pixels
0xFFFF, 0xFFFF, 0xFFFF, 0xE1C8, 0xD801, 0xD802, 0xD802, 0xD802, 0xD000, 0xD864, 0xD8C5, 0xD000, 0xD000, 0xF67A, 0xFFFF, 0xD000,   // 0x09E0 (2528) pixels
0xD926, 0xF4D4, 0xFEBB, 0xF5D7, 0xD800, 0xD802, 0xD802, 0xD000, 0xEBF1, 0xFFFF, 0xD802, 0xD843, 0xEC72, 0xFE7A, 0xF67A, 0xD822,   // 0x09F0 (2544) pixels
0xD801, 0xD802, 0xD800, 0xE26B, 0xFFFF, 0xEBF1, 0xD000, 0xD802, 0xD802, 0xD801, 0xF4F4, 0xEBAF, 0xD000, 0xD802, 0xD802, 0xD000,   // 0x0A00 (2560) pixels
0xFFFF, 0xFFFF, 0xFFFF, 0xFFFF, 0xCEFD, 0x0213, 0x0A94, 0x0A94, 0x0A94, 0x0AB5, 0x016B, 0x0000, 0x0000, 0x0000, 0x0000, 0x0000,   // 0x0A10 (2576) pixels
0x0000, 0x0000, 0x0000, 0x0000, 0x0000, 0x0000, 0x0000, 0x0000, 0x0000, 0x0000, 0x0000, 0x0000, 0x0000, 0x0063, 0x0AD6, 0x0A94,   // 0x0A20 (2592) pixels
0x0A94, 0x0A94, 0x0274, 0x3B96, 0xFFFF, 0xFFFF, 0xFFFF, 0xFFFF, 0xFFFF, 0xFF1C, 0xD000, 0xD802, 0xD802, 0xD802, 0xD802, 0xD801,   // 0x0A30 (2608) pixels
0xD801, 0xD802, 0xD000, 0xF576, 0xFFFF, 0xD000, 0xD801, 0xD000, 0xD000, 0xD000, 0xD802, 0xD802, 0xD802, 0xD000, 0xFFBE, 0xFFFF,   // 0x0A40 (2624) pixels
0xD8C5, 0xD801, 0xD000, 0xD000, 0xD000, 0xD801, 0xD802, 0xD802, 0xD000, 0xF639, 0xFFFF, 0xFFFF, 0xD000, 0xD802, 0xD802, 0xD802,   // 0x0A50 (2640) pixels
0xD000, 0xD000, 0xD802, 0xD802, 0xD000, 0xE209, 0xFFFF, 0xFFFF, 0xFFFF, 0xFFFF, 0x4C17, 0x0254, 0x0A94, 0x0A94, 0x0A94, 0x0AD6,   // 0x0A60 (2656) pixels
0x0063, 0x0000, 0x0000, 0x0000, 0x0000, 0x0000, 0x0000, 0x0000, 0x0000, 0x0000, 0x0000, 0x0000, 0x0000, 0x0000, 0x0000, 0x0000,   // 0x0A70 (2672) pixels
0x0000, 0x0000, 0x0000, 0x0000, 0x0A94, 0x0A94, 0x0A94, 0x0A94, 0x0A94, 0x01F3, 0xDF3E, 0xFFFF, 0xFFFF, 0xFFFF, 0xFFFF, 0xFFFF,   // 0x0A80 (2688) pixels
0xF555, 0xD000, 0xD800, 0xD801, 0xD802, 0xD802, 0xD802, 0xD801, 0xD000, 0xEBF1, 0xFFFF, 0xD000, 0xD801, 0xD802, 0xD802, 0xD802,   // 0x0A90 (2704) pixels
0xD802, 0xD801, 0xD000, 0xEC52, 0xFFFF, 0xFFFF, 0xD822, 0xD000, 0xD802, 0xD802, 0xD802, 0xD802, 0xD801, 0xD000, 0xE28B, 0xFFFF,   // 0x0AA0 (2720) pixels
0xFFFF, 0xFFFF, 0xF659, 0xD000, 0xD801, 0xD802, 0xD802, 0xD802, 0xD801, 0xD000, 0xD843, 0xFFFF, 0xFFFF, 0xFFFF, 0xFFFF, 0xEF9F,   // 0x0AB0 (2736) pixels
0x01D3, 0x0A94, 0x0A94, 0x0A94, 0x0A94, 0x0AB5, 0x0000, 0x0000, 0x0000, 0x0000, 0x0000, 0x0000, 0x0000, 0x0000, 0x0000, 0x0000,   // 0x0AC0 (2752) pixels
0x0000, 0x0000, 0x0000, 0x0000, 0x0000, 0x0000, 0x0000, 0x0000, 0x0000, 0x0000, 0x0129, 0x0AD6, 0x0A94, 0x0A94, 0x0A94, 0x0A74,   // 0x0AD0 (2768) pixels
0x12D5, 0xFFFF, 0xFFFF, 0xFFFF, 0xFFFF, 0xFFFF, 0xFFFF, 0xFF5D, 0xE28C, 0xD802, 0xD000, 0xD000, 0xD000, 0xD8A4, 0xEBD0, 0xFFDF,   // 0x0AE0 (2784) pixels
0xFFFF, 0xFE9A, 0xE20A, 0xD000, 0xD000, 0xD000, 0xD000, 0xD843, 0xF597, 0xFFFF, 0xFFFF, 0xFFFF, 0xFF3C, 0xE2AC, 0xD801, 0xD000,   // 0x0AF0 (2800) pixels
0xD000, 0xD000, 0xD801, 0xEC93, 0xFFFF, 0xFFFF, 0xFFFF, 0xFFFF, 0xFFFF, 0xFF9E, 0xE22A, 0xD000, 0xD000, 0xD000, 0xD802, 0xEBF0,   // 0x0B00 (2816) pixels
0xFFFF, 0xFFFF, 0xFFFF, 0xFFFF, 0xFFFF, 0x2315, 0x0274, 0x0A94, 0x0A94, 0x0A94, 0x0AD6, 0x0129, 0x0000, 0x0000, 0x0000, 0x0000,   // 0x0B10 (2832) pixels
0x0000, 0x0000, 0x0000, 0x0000, 0x0000, 0x0000, 0x0000, 0x0000, 0x0000, 0x0000, 0x0000, 0x0000, 0x0000, 0x0000, 0x0000, 0x0000,   // 0x0B20 (2848) pixels
0x0000, 0x0AB5, 0x0A94, 0x0A94, 0x0A94, 0x0A94, 0x0233, 0x74D9, 0xFFFF, 0xFFFF, 0xFFFF, 0xFFFF, 0xFFFF, 0xFFFF, 0xFFFF, 0xFFFF,   // 0x0B30 (2864) pixels
0xFFFF, 0xFFFF, 0xFFFF, 0xFFFF, 0xFFFF, 0xFFFF, 0xFFFF, 0xFFFF, 0xFFFF, 0xFFFF, 0xFFDF, 0xFF7D, 0xFFFF, 0xFFFF, 0xFFFF, 0xFFFF,   // 0x0B40 (2880) pixels
0xFFFF, 0xFFFF, 0xFFFF, 0xFFFF, 0xFFFF, 0xFFFF, 0xFF7D, 0xFFFF, 0xFFFF, 0xFFFF, 0xFFFF, 0xFFFF, 0xFFFF, 0xFFFF, 0xFFFF, 0xFFFF,   // 0x0B50 (2896) pixels
0xFFFF, 0xFFFF, 0xFFFF, 0xFFFF, 0xFFFF, 0xFFFF, 0xFFFF, 0xFFFF, 0xFFFF, 0xFFFF, 0x853A, 0x0213, 0x0A94, 0x0A94, 0x0A94, 0x0A94,   // 0x0B60 (2912) pixels
0x0AD6, 0x0000, 0x0000, 0x0000, 0x0000, 0x0000, 0x0000, 0x0000, 0x0000, 0x0000, 0x0000, 0x0000, 0x0000, 0x0000, 0x0000, 0x0000,   // 0x0B70 (2928) pixels
0x0000, 0x0000, 0x0000, 0x0000, 0x0000, 0x0000, 0x0000, 0x00C6, 0x0AD6, 0x0A94, 0x0A94, 0x0A94, 0x0A94, 0x01D3, 0xBE7C, 0xFFFF,   // 0x0B80 (2944) pixels
0xFFFF, 0xFFFF, 0xFFFF, 0xFFFF, 0xFFFF, 0xFFFF, 0xFFFF, 0xFFFF, 0xFFFF, 0xFFFF, 0xFFFF, 0xFFFF, 0xFFFF, 0xFFFF, 0xFFFF, 0xFFFF,   // 0x0B90 (2960) pixels
0xFFFF, 0xFFFF, 0xFFFF, 0xFFFF, 0xFFFF, 0xFFFF, 0xFFFF, 0xFFFF, 0xFFFF, 0xFFFF, 0xFFFF, 0xFFFF, 0xFFFF, 0xFFFF, 0xFFFF, 0xFFFF,   // 0x0BA0 (2976) pixels
0xFFFF, 0xFFFF, 0xFFFF, 0xFFFF, 0xFFFF, 0xFFFF, 0xFFFF, 0xFFFF, 0xFFFF, 0xFFFF, 0xFFFF, 0xFFFF, 0xFFFF, 0xFFFF, 0xFFFF, 0xCEBD,   // 0x0BB0 (2992) pixels
0x01D3, 0x0A94, 0x0A94, 0x0A94, 0x0A94, 0x0AD6, 0x00E7, 0x0000, 0x0000, 0x0000, 0x0000, 0x0000, 0x0000, 0x0000, 0x0000, 0x0000,   // 0x0BC0 (3008) pixels
0x0000, 0x0000, 0x0000, 0x0000, 0x0000, 0x0000, 0x0000, 0x0000, 0x0000, 0x0000, 0x0000, 0x0000, 0x0000, 0x0000, 0x0A10, 0x0AB5,   // 0x0BD0 (3024) pixels
0x0A94, 0x0A94, 0x0A94, 0x0A94, 0x01D3, 0xD6FD, 0xFFFF, 0xFFFF, 0xFFFF, 0xFFFF, 0xFFFF, 0xFFFF, 0xFFFF, 0xFFFF, 0xFFFF, 0xFFFF,   // 0x0BE0 (3040) pixels
0xFFFF, 0xFFFF, 0xFFFF, 0xFFFF, 0xFFFF, 0xFFFF, 0xFFFF, 0xFFFF, 0xFFFF, 0xFFFF, 0xFFFF, 0xFFFF, 0xFFFF, 0xFFFF, 0xFFFF, 0xFFFF,   // 0x0BF0 (3056) pixels
0xFFFF, 0xFFFF, 0xFFFF, 0xFFFF, 0xFFFF, 0xFFFF, 0xFFFF, 0xFFFF, 0xFFFF, 0xFFFF, 0xFFFF, 0xFFFF, 0xFFFF, 0xFFFF, 0xFFFF, 0xFFFF,   // 0x0C00 (3072) pixels
0xFFFF, 0xFFFF, 0xFFFF, 0xFFFF, 0xE75E, 0x01F3, 0x0A94, 0x0A94, 0x0A94, 0x0A94, 0x0AB5, 0x0A31, 0x0000, 0x0000, 0x0000, 0x0000,   // 0x0C10 (3088) pixels
0x0000, 0x0000, 0x0000, 0x0000, 0x0000, 0x0000, 0x0000, 0x0000, 0x0000, 0x0000, 0x0000, 0x0000, 0x0000, 0x0000, 0x0000, 0x0000,   // 0x0C20 (3104) pixels
0x0000, 0x0000, 0x0000, 0x0000, 0x0000, 0x0AB6, 0x0A94, 0x0A94, 0x0A94, 0x0A94, 0x0A94, 0x01D3, 0xCEDD, 0xFFFF, 0xFFFF, 0xFFFF,   // 0x0C30 (3120) pixels
0xFFFF, 0xFFFF, 0xFFFF, 0xFFFF, 0xFFFF, 0xFFFF, 0xFFFF, 0xFFFF, 0xFFFF, 0xFFFF, 0xFFFF, 0xFFFF, 0xFFFF, 0xFFFF, 0xFFFF, 0xFFFF,   // 0x0C40 (3136) pixels
0xFFFF, 0xFFFF, 0xFFFF, 0xFFFF, 0xFFFF, 0xFFFF, 0xFFFF, 0xFFFF, 0xFFFF, 0xFFFF, 0xFFFF, 0xFFFF, 0xFFFF, 0xFFFF, 0xFFFF, 0xFFFF,   // 0x0C50 (3152) pixels
0xFFFF, 0xFFFF, 0xFFFF, 0xFFFF, 0xFFFF, 0xFFFF, 0xFFFF, 0xFFFF, 0xFFFF, 0xD71D, 0x01F3, 0x0A94, 0x0A94, 0x0A94, 0x0A94, 0x0A94,   // 0x0C60 (3168) pixels
0x0AD6, 0x0000, 0x0000, 0x0000, 0x0000, 0x0000, 0x0000, 0x0000, 0x0000, 0x0000, 0x0000, 0x0000, 0x0000, 0x0000, 0x0000, 0x0000,   // 0x0C70 (3184) pixels
0x0000, 0x0000, 0x0000, 0x0000, 0x0000, 0x0000, 0x0000, 0x0000, 0x0000, 0x0000, 0x0000, 0x0042, 0x12F7, 0x0A94, 0x0A94, 0x0A94,   // 0x0C80 (3200) pixels
0x0A94, 0x0A94, 0x01D3, 0x959A, 0xFFFF, 0xFFFF, 0xFFFF, 0xFFFF, 0xFFFF, 0xFFFF, 0xFFFF, 0xFFFF, 0xFFFF, 0xFFFF, 0xFFFF, 0xFFFF,   // 0x0C90 (3216) pixels
0xFFFF, 0xFFFF, 0xFFFF, 0xFFFF, 0xFFFF, 0xFFFF, 0xFFFF, 0xFFFF, 0xFFFF, 0xFFFF, 0xFFFF, 0xFFFF, 0xFFFF, 0xFFFF, 0xFFFF, 0xFFFF,   // 0x0CA0 (3232) pixels
0xFFFF, 0xFFFF, 0xFFFF, 0xFFFF, 0xFFFF, 0xFFFF, 0xFFFF, 0xFFFF, 0xFFFF, 0xFFFF, 0xFFFF, 0xFFFF, 0xFFFF, 0xFFFF, 0xA5DB, 0x01D3,   // 0x0CB0 (3248) pixels
0x0A94, 0x0A94, 0x0A94, 0x0A94, 0x0A94, 0x0AF7, 0x0063, 0x0000, 0x0000, 0x0000, 0x0000, 0x0000, 0x0000, 0x0000, 0x0000, 0x0000,   // 0x0CC0 (3264) pixels
0x0000, 0x0000, 0x0000, 0x0000, 0x0000, 0x0000, 0x0000, 0x0000, 0x0000, 0x0000, 0x0000, 0x0000, 0x0000, 0x0000, 0x0000, 0x0000,   // 0x0CD0 (3280) pixels
0x0000, 0x0000, 0x00A6, 0x12F7, 0x0A94, 0x0A94, 0x0A94, 0x0A94, 0x0A94, 0x0213, 0x3B96, 0xFFFF, 0xFFFF, 0xFFFF, 0xFFFF, 0xFFFF,   // 0x0CE0 (3296) pixels
0xFFFF, 0xFFFF, 0xFFFF, 0xFFFF, 0xFFFF, 0xFFFF, 0xFFFF, 0xFFFF, 0xFFFF, 0xFFFF, 0xFFFF, 0xFFFF, 0xFFFF, 0xFFFF, 0xFFFF, 0xFFFF,   // 0x0CF0 (3312) pixels
0xFFFF, 0xFFFF, 0xFFFF, 0xFFFF, 0xFFFF, 0xFFFF, 0xFFFF, 0xFFFF, 0xFFFF, 0xFFFF, 0xFFFF, 0xFFFF, 0xFFFF, 0xFFFF, 0xFFFF, 0xFFFF,   // 0x0D00 (3328) pixels
0xFFFF, 0xFFFF, 0xFFFF, 0x43D7, 0x01F3, 0x0A94, 0x0A94, 0x0A94, 0x0A94, 0x0A94, 0x12F7, 0x00C6, 0x0000, 0x0000, 0x0000, 0x0000,   // 0x0D10 (3344) pixels
0x0000, 0x0000, 0x0000, 0x0000, 0x0000, 0x0000, 0x0000, 0x0000, 0x0000, 0x0000, 0x0000, 0x0000, 0x0000, 0x0000, 0x0000, 0x0000,   // 0x0D20 (3360) pixels
0x0000, 0x0000, 0x0000, 0x0000, 0x0000, 0x0000, 0x0000, 0x0000, 0x0000, 0x00E7, 0x12F7, 0x0A94, 0x0A94, 0x0A94, 0x0A94, 0x0A94,   // 0x0D30 (3376) pixels
0x0254, 0x0213, 0x95BB, 0xFFFF, 0xFFFF, 0xFFFF, 0xFFFF, 0xFFFF, 0xFFFF, 0xFFFF, 0xFFFF, 0xFFFF, 0xFFFF, 0xFFFF, 0xFFFF, 0xFFFF,   // 0x0D40 (3392) pixels
0xFFFF, 0xFFFF, 0xFFFF, 0xFFFF, 0xFFFF, 0xFFFF, 0xFFFF, 0xFFFF, 0xFFFF, 0xFFFF, 0xFFFF, 0xFFFF, 0xFFFF, 0xFFFF, 0xFFFF, 0xFFFF,   // 0x0D50 (3408) pixels
0xFFFF, 0xFFFF, 0xFFFF, 0xFFFF, 0xFFFF, 0xFFFF, 0xFFFF, 0xA5FB, 0x0213, 0x0254, 0x0A94, 0x0A94, 0x0A94, 0x0A94, 0x0A94, 0x0AF7,   // 0x0D60 (3424) pixels
0x0108, 0x0000, 0x0000, 0x0000, 0x0000, 0x0000, 0x0000, 0x0000, 0x0000, 0x0000, 0x0000, 0x0000, 0x0000, 0x0000, 0x0000, 0x0000,   // 0x0D70 (3440) pixels
0x0000, 0x0000, 0x0000, 0x0000, 0x0000, 0x0000, 0x0000, 0x0000, 0x0000, 0x0000, 0x0000, 0x0000, 0x0000, 0x0000, 0x0000, 0x0000,   // 0x0D80 (3456) pixels
0x00A5, 0x0AF7, 0x0A94, 0x0A94, 0x0A94, 0x0A94, 0x0A94, 0x0A94, 0x0213, 0x0A94, 0xAE1B, 0xFFFF, 0xFFFF, 0xFFFF, 0xFFFF, 0xFFFF,   // 0x0D90 (3472) pixels
0xFFFF, 0xFFFF, 0xFFFF, 0xFFFF, 0xFFFF, 0xFFFF, 0xFFFF, 0xFFFF, 0xFFFF, 0xFFFF, 0xFFFF, 0xFFFF, 0xFFFF, 0xFFFF, 0xFFFF, 0xFFFF,   // 0x0DA0 (3488) pixels
0xFFFF, 0xFFFF, 0xFFFF, 0xFFFF, 0xFFFF, 0xFFFF, 0xFFFF, 0xFFFF, 0xFFFF, 0xFFFF, 0xFFFF, 0xB65C, 0x12B4, 0x0213, 0x0A94, 0x0A94,   // 0x0DB0 (3504) pixels
0x0A94, 0x0A94, 0x0A94, 0x0A94, 0x12F7, 0x00C6, 0x0000, 0x0000, 0x0000, 0x0000, 0x0000, 0x0000, 0x0000, 0x0000, 0x0000, 0x0000,   // 0x0DC0 (3520) pixels
0x0000, 0x0000, 0x0000, 0x0000, 0x0000, 0x0000, 0x0000, 0x0000, 0x0000, 0x0000, 0x0000, 0x0000, 0x0000, 0x0000, 0x0000, 0x0000,   // 0x0DD0 (3536) pixels
0x0000, 0x0000, 0x0000, 0x0000, 0x0000, 0x0000, 0x0000, 0x0042, 0x0AB5, 0x0AB5, 0x0A94, 0x0A94, 0x0A94, 0x0A94, 0x0A94, 0x0A74,   // 0x0DE0 (3552) pixels
0x0213, 0x0254, 0x853A, 0xFFFF, 0xFFFF, 0xFFFF, 0xFFFF, 0xFFFF, 0xFFFF, 0xFFFF, 0xFFFF, 0xFFFF, 0xFFFF, 0xFFFF, 0xFFFF, 0xFFFF,   // 0x0DF0 (3568) pixels
0xFFFF, 0xFFFF, 0xFFFF, 0xFFFF, 0xFFFF, 0xFFFF, 0xFFFF, 0xFFFF, 0xFFFF, 0xFFFF, 0xFFFF, 0xFFFF, 0xFFFF, 0xFFFF, 0xFFFF, 0x8D7A,   // 0x0E00 (3584) pixels
0x0A94, 0x0213, 0x0A74, 0x0A94, 0x0A94, 0x0A94, 0x0A94, 0x0A94, 0x0AB5, 0x0AB6, 0x0042, 0x0000, 0x0000, 0x0000, 0x0000, 0x0000,   // 0x0E10 (3600) pixels
0x0000, 0x0000, 0x0000, 0x0000, 0x0000, 0x0000, 0x0000, 0x0000, 0x0000, 0x0000, 0x0000, 0x0000, 0x0000, 0x0000, 0x0000, 0x0000,   // 0x0E20 (3616) pixels
0x0000, 0x0000, 0x0000, 0x0000, 0x0000, 0x0000, 0x0000, 0x0000, 0x0000, 0x0000, 0x0000, 0x0000, 0x0000, 0x0000, 0x0000, 0x09EF,   // 0x0E30 (3632) pixels
0x0AF7, 0x0A94, 0x0A94, 0x0A94, 0x0A94, 0x0A94, 0x0A94, 0x0A74, 0x0233, 0x01D3, 0x2B36, 0x8D5A, 0xDF3E, 0xFFFF, 0xFFFF, 0xFFFF,   // 0x0E40 (3648) pixels
0xFFFF, 0xFFFF, 0xFFFF, 0xFFFF, 0xFFFF, 0xFFFF, 0xFFFF, 0xFFFF, 0xFFFF, 0xFFFF, 0xFFFF, 0xFFFF, 0xFFFF, 0xFFFF, 0xFFFF, 0xFFFF,   // 0x0E50 (3664) pixels
0xFFFF, 0xE75E, 0x957A, 0x3376, 0x01D3, 0x0233, 0x0A74, 0x0A94, 0x0A94, 0x0A94, 0x0A94, 0x0A94, 0x0A94, 0x0AD7, 0x0A10, 0x0000,   // 0x0E60 (3680) pixels
0x0000, 0x0000, 0x0000, 0x0000, 0x0000, 0x0000, 0x0000, 0x0000, 0x0000, 0x0000, 0x0000, 0x0000, 0x0000, 0x0000, 0x0000, 0x0000,   // 0x0E70 (3696) pixels
0x0000, 0x0000, 0x0000, 0x0000, 0x0000, 0x0000, 0x0000, 0x0000, 0x0000, 0x0000, 0x0000, 0x0000, 0x0000, 0x0000, 0x0000, 0x0000,   // 0x0E80 (3712) pixels
0x0000, 0x0000, 0x0000, 0x0000, 0x0000, 0x0000, 0x00A5, 0x0AB5, 0x0AD6, 0x0A94, 0x0A94, 0x0A94, 0x0A94, 0x0A94, 0x0A94, 0x0A94,   // 0x0E90 (3728) pixels
0x0274, 0x0233, 0x0213, 0x0213, 0x3376, 0x74D9, 0xA5FB, 0xCEFD, 0xF7BF, 0xFFFF, 0xFFFF, 0xFFFF, 0xFFFF, 0xFFFF, 0xFFFF, 0xFFFF,   // 0x0EA0 (3744) pixels
0xFFFF, 0xF7BF, 0xD6FD, 0xA5FB, 0x74F9, 0x3B96, 0x0233, 0x01F3, 0x0233, 0x0274, 0x0A94, 0x0A94, 0x0A94, 0x0A94, 0x0A94, 0x0A94,   // 0x0EB0 (3760) pixels
0x0A94, 0x0AB6, 0x0AB5, 0x00C6, 0x0000, 0x0000, 0x0000, 0x0000, 0x0000, 0x0000, 0x0000, 0x0000, 0x0000, 0x0000, 0x0000, 0x0000,   // 0x0EC0 (3776) pixels
0x0000, 0x0000, 0x0000, 0x0000, 0x0000, 0x0000, 0x0000, 0x0000, 0x0000, 0x0000, 0x0000, 0x0000, 0x0000, 0x0000, 0x0000, 0x0000,   // 0x0ED0 (3792) pixels
0x0000, 0x0000, 0x0000, 0x0000, 0x0000, 0x0000, 0x0000, 0x0000, 0x0000, 0x0000, 0x0000, 0x0000, 0x0000, 0x0000, 0x014A, 0x0AD6,   // 0x0EE0 (3808) pixels
0x0AB5, 0x0A94, 0x0A94, 0x0A94, 0x0A94, 0x0A94, 0x0A94, 0x0A94, 0x0A94, 0x0A94, 0x0274, 0x0254, 0x0233, 0x0213, 0x01F3, 0x01F3,   // 0x0EF0 (3824) pixels
0x0213, 0x0274, 0x0A94, 0x0A94, 0x0274, 0x0213, 0x01F3, 0x01F3, 0x0213, 0x0233, 0x0254, 0x0274, 0x0A94, 0x0A94, 0x0A94, 0x0A94,   // 0x0F00 (3840) pixels
0x0A94, 0x0A94, 0x0A94, 0x0A94, 0x0A94, 0x0AB5, 0x0AD6, 0x016B, 0x0000, 0x0000, 0x0000, 0x0000, 0x0000, 0x0000, 0x0000, 0x0000,   // 0x0F10 (3856) pixels
0x0000, 0x0000, 0x0000, 0x0000, 0x0000, 0x0000, 0x0000, 0x0000, 0x0000, 0x0000, 0x0000, 0x0000, 0x0000, 0x0000, 0x0000, 0x0000,   // 0x0F20 (3872) pixels
0x0000, 0x0000, 0x0000, 0x0000, 0x0000, 0x0000, 0x0000, 0x0000, 0x0000, 0x0000, 0x0000, 0x0000, 0x0000, 0x0000, 0x0000, 0x0000,   // 0x0F30 (3888) pixels
0x0000, 0x0000, 0x0000, 0x0000, 0x0000, 0x0000, 0x014B, 0x0AD6, 0x0AD6, 0x0AB5, 0x0A94, 0x0A94, 0x0A94, 0x0A94, 0x0A94, 0x0A94,   // 0x0F40 (3904) pixels
0x0A94, 0x0A94, 0x0A94, 0x0A94, 0x0A94, 0x0A94, 0x0A94, 0x0A94, 0x0A74, 0x0A74, 0x0A94, 0x0A94, 0x0A94, 0x0A94, 0x0A94, 0x0A94,   // 0x0F50 (3920) pixels
0x0A94, 0x0A94, 0x0A94, 0x0A94, 0x0A94, 0x0A94, 0x0A94, 0x0A94, 0x0AB5, 0x0AD6, 0x0AD6, 0x016B, 0x0000, 0x0000, 0x0000, 0x0000,   // 0x0F60 (3936) pixels
0x0000, 0x0000, 0x0000, 0x0000, 0x0000, 0x0000, 0x0000, 0x0000, 0x0000, 0x0000, 0x0000, 0x0000, 0x0000, 0x0000, 0x0000, 0x0000,   // 0x0F70 (3952) pixels
0x0000, 0x0000, 0x0000, 0x0000, 0x0000, 0x0000, 0x0000, 0x0000, 0x0000, 0x0000, 0x0000, 0x0000, 0x0000, 0x0000, 0x0000, 0x0000,   // 0x0F80 (3968) pixels
0x0000, 0x0000, 0x0000, 0x0000, 0x0000, 0x0000, 0x0000, 0x0000, 0x0000, 0x0000, 0x0000, 0x0000, 0x0000, 0x0000, 0x00E7, 0x0A31,   // 0x0F90 (3984) pixels
0x0AF7, 0x0AD6, 0x0AB5, 0x0A94, 0x0A94, 0x0A94, 0x0A94, 0x0A94, 0x0A94, 0x0A94, 0x0A94, 0x0A94, 0x0A94, 0x0A94, 0x0A94, 0x0A94,   // 0x0FA0 (4000) pixels
0x0A94, 0x0A94, 0x0A94, 0x0A94, 0x0A94, 0x0A94, 0x0A94, 0x0A94, 0x0A94, 0x0A94, 0x0A94, 0x0AB5, 0x0AB6, 0x0AF7, 0x0A31, 0x00E7,   // 0x0FB0 (4016) pixels
0x0000, 0x0000, 0x0000, 0x0000, 0x0000, 0x0000, 0x0000, 0x0000, 0x0000, 0x0000, 0x0000, 0x0000, 0x0000, 0x0000, 0x0000, 0x0000,   // 0x0FC0 (4032) pixels
0x0000, 0x0000, 0x0000, 0x0000, 0x0000, 0x0000, 0x0000, 0x0000, 0x0000, 0x0000, 0x0000, 0x0000, 0x0000, 0x0000, 0x0000, 0x0000,   // 0x0FD0 (4048) pixels
0x0000, 0x0000, 0x0000, 0x0000, 0x0000, 0x0000, 0x0000, 0x0000, 0x0000, 0x0000, 0x0000, 0x0000, 0x0000, 0x0000, 0x0000, 0x0000,   // 0x0FE0 (4064) pixels
0x0000, 0x0000, 0x0000, 0x0000, 0x0000, 0x0000, 0x0000, 0x0108, 0x09EF, 0x0AB6, 0x0AD6, 0x0AD6, 0x0AB5, 0x0AB5, 0x0A94, 0x0A94,   // 0x0FF0 (4080) pixels
0x0A94, 0x0A94, 0x0A94, 0x0A94, 0x0A94, 0x0A94, 0x0A94, 0x0A94, 0x0A94, 0x0A94, 0x0A94, 0x0A94, 0x0AB5, 0x0AB5, 0x0AD6, 0x0AD6,   // 0x1000 (4096) pixels
0x0AD6, 0x09EF, 0x0108, 0x0000, 0x0000, 0x0000, 0x0000, 0x0000, 0x0000, 0x0000, 0x0000, 0x0000, 0x0000, 0x0000, 0x0000, 0x0000,   // 0x1010 (4112) pixels
0x0000, 0x0000, 0x0000, 0x0000, 0x0000, 0x0000, 0x0000, 0x0000, 0x0000, 0x0000, 0x0000, 0x0000, 0x0000, 0x0000, 0x0000, 0x0000,   // 0x1020 (4128) pixels
0x0000, 0x0000, 0x0000, 0x0000, 0x0000, 0x0000, 0x0000, 0x0000, 0x0000, 0x0000, 0x0000, 0x0000, 0x0000, 0x0000, 0x0000, 0x0000,   // 0x1030 (4144) pixels
0x0000, 0x0000, 0x0000, 0x0000, 0x0000, 0x0000, 0x0000, 0x0000, 0x0000, 0x0000, 0x0000, 0x0000, 0x0000, 0x0000, 0x0000, 0x0000,   // 0x1040 (4160) pixels
0x0042, 0x00E7, 0x098C, 0x0A31, 0x0A95, 0x0AF7, 0x0AD6, 0x0AD6, 0x0AD6, 0x0AD6, 0x0AD6, 0x0AD6, 0x0AD6, 0x0AD6, 0x0AD6, 0x0AD6,   // 0x1050 (4176) pixels
0x0AF7, 0x0AB5, 0x0A31, 0x098C, 0x00E8, 0x0042, 0x0000, 0x0000, 0x0000, 0x0000, 0x0000, 0x0000, 0x0000, 0x0000, 0x0000, 0x0000,   // 0x1060 (4192) pixels
0x0000, 0x0000, 0x0000, 0x0000, 0x0000, 0x0000, 0x0000, 0x0000, 0x0000, 0x0000, 0x0000, 0x0000, 0x0000, 0x0000, 0x0000, 0x0000,   // 0x1070 (4208) pixels
0x0000, 0x0000, 0x0000, 0x0000, 0x0000, 0x0000, 0x0000, 0x0000, 0x0000, 0x0000, 0x0000, 0x0000, 0x0000, 0x0000, 0x0000, 0x0000,   // 0x1080 (4224) pixels
0x0000, 0x0000, 0x0000, 0x0000, 0x0000, 0x0000, 0x0000, 0x0000, 0x0000, 0x0000, 0x0000, 0x0000, 0x0000, 0x0000, 0x0000, 0x0000,   // 0x1090 (4240) pixels
0x0000, 0x0000, 0x0000, 0x0000, 0x0000, 0x0000, 0x0000, 0x0000, 0x0000, 0x0000, 0x0000, 0x0000, 0x0000, 0x0042, 0x0084, 0x00A5,   // 0x10A0 (4256) pixels
0x00A5, 0x00A5, 0x00A5, 0x0084, 0x0042, 0x0000, 0x0000, 0x0000, 0x0000, 0x0000, 0x0000, 0x0000, 0x0000, 0x0000, 0x0000, 0x0000,   // 0x10B0 (4272) pixels
0x0000, 0x0000, 0x0000, 0x0000, 0x0000, 0x0000, 0x0000, 0x0000, 0x0000, 0x0000, 0x0000, 0x0000, 0x0000, 0x0000, 0x0000, 0x0000,   // 0x10C0 (4288) pixels
0x0000, 0x0000, 0x0000, 0x0000, 0x0000, 0x0000, 0x0000, 0x0000, 0x0000, 0x0000, 0x0000, 0x0000
};

static const uint16_t logo_jet[STATION_LOGO_W * STATION_LOGO_H] PROGMEM = {
0x0000, 0x0000, 0x0000, 0x0000, 0x0000, 0x0000, 0x0000, 0x0000, 0x0000, 0x0000, 0x0000, 0x0000, 0x0000, 0x0000, 0x0000, 0x0000,   // 0x0010 (16) pixels
0x0000, 0x0000, 0x0000, 0x0000, 0x0000, 0x0000, 0x0000, 0x0000, 0x0000, 0x0000, 0x0000, 0x0000, 0x0000, 0x0000, 0x0000, 0x0021,   // 0x0020 (32) pixels
0x0084, 0x00C6, 0x0108, 0x012A, 0x016C, 0x098D, 0x09CE, 0x09EF, 0x09F0, 0x0A11, 0x0A11, 0x0A31, 0x0A11, 0x0A11, 0x09F0, 0x09CF,   // 0x0030 (48) pixels
0x09AE, 0x096C, 0x094A, 0x0928, 0x08E6, 0x08A4, 0x0861, 0x0000, 0x0000, 0x0000, 0x0000, 0x0000, 0x0000, 0x0000, 0x0000, 0x0000,   // 0x0040 (64) pixels
0x0000, 0x0000, 0x0000, 0x0000, 0x0000, 0x0000, 0x0000, 0x0000, 0x0000, 0x0000, 0x0000, 0x0000, 0x0000, 0x0000, 0x0000, 0x0000,   // 0x0050 (80) pixels
0x0000, 0x0000, 0x0000, 0x0000, 0x0000, 0x0000, 0x0000, 0x0000, 0x0000, 0x0000, 0x0000, 0x0000, 0x0000, 0x0000, 0x0000, 0x0000,   // 0x0060 (96) pixels
0x0000, 0x0000, 0x0000, 0x0000, 0x0000, 0x0000, 0x0000, 0x0000, 0x0000, 0x0000, 0x0000, 0x0000, 0x0000, 0x0000, 0x0000, 0x0063,   // 0x0070 (112) pixels
0x00E8, 0x016C, 0x09CF, 0x0A53, 0x0A74, 0x0A54, 0x0A53, 0x0A53, 0x0A53, 0x0A53, 0x0A33, 0x0A32, 0x0A32, 0x0A32, 0x0A32, 0x0A32,   // 0x0080 (128) pixels
0x0A32, 0x0A32, 0x0A32, 0x0A32, 0x0A32, 0x0A32, 0x0A32, 0x0A33, 0x0A33, 0x0A53, 0x0A53, 0x0A53, 0x0A54, 0x0A74, 0x1272, 0x120E,   // 0x0090 (144) pixels
0x096A, 0x08E6, 0x0862, 0x0000, 0x0000, 0x0000, 0x0000, 0x0000, 0x0000, 0x0000, 0x0000, 0x0000, 0x0000, 0x0000, 0x0000, 0x0000,   // 0x00A0 (160) pixels
0x0000, 0x0000, 0x0000, 0x0000, 0x0000, 0x0000, 0x0000, 0x0000, 0x0000, 0x0000, 0x0000, 0x0000, 0x0000, 0x0000, 0x0000, 0x0000,   // 0x00B0 (176) pixels
0x0000, 0x0000, 0x0000, 0x0000, 0x0000, 0x0000, 0x0000, 0x0000, 0x0000, 0x0000, 0x0000, 0x0000, 0x0000, 0x0000, 0x0000, 0x0000,   // 0x00C0 (192) pixels
0x0042, 0x00E8, 0x018C, 0x0A12, 0x0A74, 0x0A54, 0x0A53, 0x0A53, 0x0A32, 0x0A32, 0x0A32, 0x0A32, 0x0A32, 0x0A32, 0x0A32, 0x0A32,   // 0x00D0 (208) pixels
0x0A32, 0x0A32, 0x0A32, 0x0A32, 0x0A32, 0x0A32, 0x0A32, 0x0A32, 0x0A32, 0x0A32, 0x0A32, 0x0A32, 0x0232, 0x0212, 0x0212, 0x0212,   // 0x00E0 (224) pixels
0x0212, 0x0212, 0x0212, 0x0212, 0x0212, 0x0233, 0x0233, 0x0253, 0x0A54, 0x0A74, 0x0A10, 0x014B, 0x00A5, 0x0000, 0x0000, 0x0000,   // 0x00F0 (240) pixels
0x0000, 0x0000, 0x0000, 0x0000, 0x0000, 0x0000, 0x0000, 0x0000, 0x0000, 0x0000, 0x0000, 0x0000, 0x0000, 0x0000, 0x0000, 0x0000,   // 0x0100 (256) pixels
0x0000, 0x0000, 0x0000, 0x0000, 0x0000, 0x0000, 0x0000, 0x0000, 0x0000, 0x0000, 0x0000, 0x0000, 0x0000, 0x0000, 0x0000, 0x0000,   // 0x0110 (272) pixels
0x0000, 0x0000, 0x0021, 0x00E7, 0x01AD, 0x0A53, 0x0A74, 0x0A53, 0x0A33, 0x0A32, 0x0A32, 0x0A32, 0x0A32, 0x0A32, 0x0A32, 0x0A32,   // 0x0120 (288) pixels
0x0A32, 0x0A32, 0x0A32, 0x0A32, 0x0A32, 0x0A32, 0x0A32, 0x0A32, 0x0212, 0x0212, 0x01F3, 0x01F3, 0x01D3, 0x01D3, 0x01D4, 0x01B4,   // 0x0130 (304) pixels
0x01D3, 0x01F3, 0x0212, 0x0A32, 0x0A32, 0x0A32, 0x1251, 0x1A70, 0x2290, 0x2290, 0x1A70, 0x1A51, 0x1251, 0x0212, 0x01D3, 0x01D4,   // 0x0140 (320) pixels
0x01D4, 0x01F5, 0x01F5, 0x0216, 0x01D2, 0x010C, 0x0045, 0x0000, 0x0000, 0x0000, 0x0000, 0x0000, 0x0000, 0x0000, 0x0000, 0x0000,   // 0x0150 (336) pixels
0x0000, 0x0000, 0x0000, 0x0000, 0x0000, 0x0000, 0x0000, 0x0000, 0x0000, 0x0000, 0x0000, 0x0000, 0x0000, 0x0000, 0x0000, 0x0000,   // 0x0160 (352) pixels
0x0000, 0x0000, 0x0000, 0x0000, 0x0000, 0x0063, 0x014A, 0x0A12, 0x0A74, 0x0A53, 0x0A33, 0x0A32, 0x0A32, 0x0A32, 0x0A32, 0x0A32,   // 0x0170 (368) pixels
0x0A32, 0x0A32, 0x0A32, 0x0A32, 0x0A32, 0x0A32, 0x0A32, 0x0A32, 0x0A32, 0x0212, 0x01F3, 0x01D3, 0x01D4, 0x01D4, 0x1A71, 0x430E,   // 0x0180 (384) pixels
0x6B8B, 0x9429, 0xB4A7, 0xD525, 0xED83, 0xFDC1, 0xFE01, 0xFE20, 0xFE20, 0xFE20, 0xFE20, 0xFE20, 0xFE20, 0xFE00, 0xFE00, 0xFE00,   // 0x0190 (400) pixels
0xFE00, 0xFE20, 0xFE20, 0xFE20, 0xFE20, 0xFE01, 0xFDC1, 0xED83, 0xDD24, 0xC4E6, 0xACA7, 0x9C69, 0x7C0C, 0x63AE, 0x4269, 0x2102,   // 0x01A0 (416) pixels
0x0000, 0x0000, 0x0000, 0x0000, 0x0000, 0x0000, 0x0000, 0x0000, 0x0000, 0x0000, 0x0000, 0x0000, 0x0000, 0x0000, 0x0000, 0x0000,   // 0x01B0 (432) pixels
0x0000, 0x0000, 0x0000, 0x0000, 0x0000, 0x0000, 0x0000, 0x0000, 0x0063, 0x014B, 0x0A53, 0x0A74, 0x0A53, 0x0A32, 0x0A32, 0x0A32,   // 0x01C0 (448) pixels
0x0A32, 0x0A32, 0x0A32, 0x0A32, 0x0A32, 0x0A32, 0x0A32, 0x0A32, 0x0A32, 0x0A32, 0x0A32, 0x0212, 0x01F3, 0x01D3, 0x01D4, 0x2AAF,   // 0x01D0 (464) pixels
0x6BAB, 0xAC87, 0xE563, 0xFE00, 0xFE20, 0xFE00, 0xFE01, 0xFDE1, 0xFDE1, 0xFDC1, 0xFDC2, 0xFDC2, 0xFDC2, 0xFDC2, 0xFDC2, 0xFDC2,   // 0x01E0 (480) pixels
0xFDC2, 0xFDC2, 0xFDC2, 0xFDC2, 0xFDC2, 0xFDC2, 0xFDC2, 0xFDC2, 0xFDC2, 0xFDC2, 0xFDC2, 0xFDC2, 0xFDC2, 0xFDC2, 0xFDC1, 0xFDE1,   // 0x01F0 (496) pixels
0xFDE1, 0xFDE1, 0xFDE1, 0xFE01, 0xFE21, 0xFE42, 0xFE02, 0x9B81, 0x20C0, 0x0000, 0x0000, 0x0000, 0x0000, 0x0000, 0x0000, 0x0000,   // 0x0200 (512) pixels
0x0000, 0x0000, 0x0000, 0x0000, 0x0000, 0x0000, 0x0000, 0x0000, 0x0000, 0x0000, 0x0000, 0x0000, 0x0129, 0x0A32, 0x0A74, 0x0A53,   // 0x0210 (528) pixels
0x0A32, 0x0A32, 0x0A32, 0x0A32, 0x0A32, 0x0A32, 0x0A32, 0x0A32, 0x0A32, 0x0A32, 0x0A32, 0x0A32, 0x0A32, 0x0A32, 0x0213, 0x01D3,   // 0x0220 (544) pixels
0x01B4, 0x2AAF, 0x83EA, 0xD505, 0xFE20, 0xFE00, 0xFE01, 0xFDE1, 0xFDC2, 0xFDC2, 0xFDC2, 0xFDC2, 0xFDC2, 0xFDC2, 0xFDC2, 0xFDC2,   // 0x0230 (560) pixels
0xFDC2, 0xFDC2, 0xFDC2, 0xFDC2, 0xFDC2, 0xFDC2, 0xFDC2, 0xFDC2, 0xFDC2, 0xFDC2, 0xFDC2, 0xFDC2, 0xFDC2, 0xFDC2, 0xFDC2, 0xFDC2,   // 0x0240 (576) pixels
0xFDC2, 0xFDC2, 0xFDC2, 0xFDC2, 0xFDC2, 0xFDC2, 0xFDC2, 0xFDC2, 0xFDC2, 0xFDC2, 0xFDC2, 0xFDC2, 0xFDC2, 0xFE02, 0xFE62, 0xF582,   // 0x0250 (592) pixels
0x7281, 0x0000, 0x0000, 0x0000, 0x0000, 0x0000, 0x0000, 0x0000, 0x0000, 0x0000, 0x0000, 0x0000, 0x0000, 0x0000, 0x0000, 0x0085,   // 0x0260 (608) pixels
0x09CF, 0x0A74, 0x0A53, 0x0A32, 0x0A32, 0x0A32, 0x0A32, 0x0A32, 0x0A32, 0x0A32, 0x0A32, 0x0A32, 0x0A32, 0x0A32, 0x0A32, 0x0A32,   // 0x0270 (624) pixels
0x0A32, 0x0213, 0x01D3, 0x01D3, 0x532D, 0xB4A7, 0xFDE1, 0xFE20, 0xFDE1, 0xFDC1, 0xFDC2, 0xFDC2, 0xFDC2, 0xFDC2, 0xFDC2, 0xFDC2,   // 0x0280 (640) pixels
0xFDC2, 0xFDC2, 0xFDC2, 0xFDC2, 0xFDC2, 0xFDC2, 0xFDC2, 0xFDC2, 0xFDC2, 0xFDC2, 0xFDC2, 0xFDC2, 0xFDC2, 0xFDC2, 0xFDC2, 0xFDC2,   // 0x0290 (656) pixels
0xFDC2, 0xFDC2, 0xFDC2, 0xFDC2, 0xFDC2, 0xFDC2, 0xFDC2, 0xFDC2, 0xFDC2, 0xFDC2, 0xFDC2, 0xFDC2, 0xFDC2, 0xFDC2, 0xFDC2, 0xFDC2,   // 0x02A0 (672) pixels
0xFDC2, 0xFDC2, 0xFDC2, 0xFDC2, 0xFDC2, 0xFDC2, 0xFE22, 0xFE62, 0xABE1, 0x18A0, 0x0000, 0x0000, 0x0000, 0x0000, 0x0000, 0x0000,   // 0x02B0 (688) pixels
0x0000, 0x0000, 0x0000, 0x0108, 0x0A32, 0x0A54, 0x0A32, 0x0A32, 0x0A32, 0x0A32, 0x0A32, 0x0A32, 0x0A32, 0x0A32, 0x0A32, 0x0A32,   // 0x02C0 (704) pixels
0x0A32, 0x0A32, 0x0A32, 0x0A32, 0x0212, 0x01F3, 0x01D4, 0x532D, 0xBCC6, 0xFE00, 0xFE00, 0xFDE1, 0xFDC2, 0xFDC2, 0xFDC2, 0xFDC2,   // 0x02D0 (720) pixels
0xFDC2, 0xFDC2, 0xFDC2, 0xFDC2, 0xFDC2, 0xFDC2, 0xFDC2, 0xFDC2, 0xFDC2, 0xFDC2, 0xFDC2, 0xFDC2, 0xFDC2, 0xFDC2, 0xFDC2, 0xFDC2,   // 0x02E0 (736) pixels
0xFDC2, 0xFDC2, 0xFDC2, 0xFDC2, 0xFDC2, 0xFDC2, 0xFDC2, 0xFDC2, 0xFDC2, 0xFDC2, 0xFDC2, 0xFDC2, 0xFDC2, 0xFDC2, 0xFDC2, 0xFDC2,   // 0x02F0 (752) pixels
0xFDC2, 0xFDC2, 0xFDC2, 0xFDC2, 0xFDC2, 0xFDC2, 0xFDC2, 0xFDC2, 0xFDC2, 0xFDC2, 0xFDC2, 0xFDC2, 0xFDC2, 0xFDC2, 0xFE02, 0xFE62,   // 0x0300 (768) pixels
0xDD02, 0x4180, 0x0000, 0x0000, 0x0000, 0x0000, 0x0000, 0x0000, 0x1252, 0x0A53, 0x0A32, 0x0A32, 0x0A32, 0x0A32, 0x0A32, 0x0A32,   // 0x0310 (784) pixels
0x0A32, 0x0A32, 0x0A32, 0x0A32, 0x0A32, 0x0A32, 0x0A32, 0x0A32, 0x0212, 0x01B4, 0x1A71, 0x9C48, 0xFDE1, 0xFE00, 0xFDE1, 0xFDC2,   // 0x0320 (800) pixels
0xFDC2, 0xFDC2, 0xFDC2, 0xFDC2, 0xFDC2, 0xFDC2, 0xFDC2, 0xFDC2, 0xFDC2, 0xFDC2, 0xFDC2, 0xFDC2, 0xFDC2, 0xFDC2, 0xFDC2, 0xFDC2,   // 0x0330 (816) pixels
0xFDC2, 0xFDC2, 0xFDC2, 0xFDC2, 0xFDC2, 0xFDC2, 0xFDC2, 0xFDC2, 0xFDC2, 0xFDC2, 0xFDC2, 0xFDC2, 0xFDC2, 0xFDC2, 0xFDC2, 0xFDC2,   // 0x0340 (832) pixels
0xFDC2, 0xFDC2, 0xFDC2, 0xFDC2, 0xFDC2, 0xFDC2, 0xFDC2, 0xFDC2, 0xFDC2, 0xFDC2, 0xFDC2, 0xFDC2, 0xFDC2, 0xFDC2, 0xFDC2, 0xFDC2,   // 0x0350 (848) pixels
0xFDC2, 0xFDC2, 0xFDC2, 0xFDC2, 0xFDC2, 0xFDC2, 0xFDE2, 0xFE42, 0xFDA2, 0x49C0, 0x0000, 0x0000, 0x0000, 0x0000, 0x0A31, 0x0A32,   // 0x0360 (864) pixels
0x0A32, 0x0A32, 0x0A32, 0x0A32, 0x0A32, 0x0A32, 0x0A32, 0x0A32, 0x0A32, 0x0A32, 0x0A32, 0x0A32, 0x01F3, 0x01B4, 0x430E, 0xD524,   // 0x0370 (880) pixels
0xFE20, 0xFDE1, 0xFDC2, 0xFDC2, 0xFDC2, 0xFDC2, 0xFDC2, 0xFDC2, 0xFDC2, 0xFDC2, 0xFDC2, 0xFDC2, 0xFDC2, 0xFDC2, 0xFDC2, 0xFDC2,   // 0x0380 (896) pixels
0xFDC2, 0xFDC2, 0xFDC2, 0xFDC2, 0xFDC2, 0xFDC2, 0xFDC2, 0xFDC2, 0xFDC2, 0xFDC2, 0xFDC2, 0xFDC2, 0xFDC2, 0xFDC2, 0xFDC2, 0xFDC2,   // 0x0390 (912) pixels
0xFDC2, 0xFDC2, 0xFDC2, 0xFDC2, 0xFDC2, 0xFDC2, 0xFDC2, 0xFDC2, 0xFDC2, 0xFDC2, 0xFDC2, 0xFDC2, 0xFDC2, 0xFDC2, 0xFDC2, 0xFDC2,   // 0x03A0 (928) pixels
0xFDC2, 0xFDC2, 0xFDC2, 0xFDC2, 0xFDC2, 0xFDC2, 0xFDC2, 0xFDC2, 0xFDC2, 0xFDC2, 0xFDC2, 0xFDC2, 0xFDC2, 0xFDC2, 0xFDC2, 0xFE02,   // 0x03B0 (944) pixels
0x0000, 0x0000, 0x0000, 0x0000, 0x0A11, 0x0A32, 0x0A32, 0x0A32, 0x0A32, 0x0A32, 0x0A32, 0x0A32, 0x0A32, 0x0A32, 0x0A32, 0x0A32,   // 0x03C0 (960) pixels
0x01F3, 0x01B4, 0x534D, 0xF582, 0xFE20, 0xFDC1, 0xFDC2, 0xFDC2, 0xFDC2, 0xFDC2, 0xFDC2, 0xFDC2, 0xFDC2, 0xFDC2, 0xFDC2, 0xFDC2,   // 0x03D0 (976) pixels
0xFDC2, 0xFDC2, 0xFDC2, 0xFDC2, 0xFDC2, 0xFDC2, 0xFDC2, 0xFDC2, 0xFDC2, 0xFDC2, 0xFDC2, 0xFDC2, 0xFDC2, 0xFDC2, 0xFDC2, 0xFDC2,   // 0x03E0 (992) pixels
0xFDC2, 0xFDC2, 0xFDC2, 0xFDC2, 0xFDC2, 0xFDC2, 0xFDC2, 0xFDC2, 0xFDC2, 0xFDC2, 0xFDC2, 0xFDC2, 0xFDC2, 0xFDC2, 0xFDC2, 0xFDC2,   // 0x03F0 (1008) pixels
0xFDC2, 0xFDC2, 0xFDC2, 0xFDC2, 0xFDC2, 0xFDC2, 0xFDC2, 0xFDC2, 0xFDC2, 0xFDC2, 0xFDC2, 0xFDC2, 0xFDC2, 0xFDC2, 0xFDC2, 0xFDC2,   // 0x0400 (1024) pixels
0xFDC2, 0xFDC2, 0xFDC2, 0xFDC2, 0xFDC2, 0xFDA2, 0x0000, 0x0000, 0x0000, 0x0000, 0x0A11, 0x0A32, 0x0A32, 0x0A32, 0x0A32, 0x0A32,   // 0x0410 (1040) pixels
0x0A32, 0x0A32, 0x0A32, 0x0A32, 0x0212, 0x01B4, 0x4B2D, 0xF5A2, 0xFE00, 0xFDC2, 0xFDC2, 0xFDC2, 0xFDC2, 0xFDC2, 0xFDC2, 0xFDC2,   // 0x0420 (1056) pixels
0xFDC2, 0xFDC2, 0xFDC2, 0xFDC2, 0xFDC2, 0xFDC2, 0xFDC2, 0xFDC2, 0xFDC2, 0xFDC2, 0xFDC2, 0xFDC2, 0xFDC2, 0xFDC2, 0xFDC2, 0xFDC2,   // 0x0430 (1072) pixels
0xFDC2, 0xFDC2, 0xFDC2, 0xFDC2, 0xFDC2, 0xFDC2, 0xFDC2, 0xFDC2, 0xFDC2, 0xFDC2, 0xFDC2, 0xFDC2, 0xFDC2, 0xFDC2, 0xFDC2, 0xFDC2,   // 0x0440 (1088) pixels
0xFDC2, 0xFDC2, 0xFDC2, 0xFDC2, 0xFDC2, 0xFDC2, 0xFDC2, 0xFDC2, 0xFDC2, 0xFDC2, 0xFDC2, 0xFDC2, 0xFDC2, 0xFDC2, 0xFDC2, 0xFDC2,   // 0x0450 (1104) pixels
0xFDC2, 0xFDC2, 0xFDC2, 0xFDC2, 0xFDC2, 0xFDC2, 0xFDC2, 0xFDC2, 0xFDC2, 0xFDC2, 0xFDC2, 0xFDA2, 0x0000, 0x0000, 0x0000, 0x0000,   // 0x0460 (1120) pixels
0x0A11, 0x0A32, 0x0A32, 0x0A32, 0x0A32, 0x0A32, 0x0A32, 0x0A32, 0x0212, 0x01D4, 0x2A90, 0xE563, 0xFE20, 0xFDC2, 0xFDC2, 0xFDC2,   // 0x0470 (1136) pixels
0xFDC2, 0xFDC2, 0xFDC2, 0xFDC2, 0xFDC2, 0xFDC2, 0xFDC2, 0xFDE1, 0xFE00, 0xFE00, 0xFE00, 0xFE00, 0xFE00, 0xFE00, 0xFE01, 0xFDC2,   // 0x0480 (1152) pixels
0xFDC2, 0xFDC2, 0xFDE1, 0xFE00, 0xFE00, 0xFE00, 0xFE00, 0xFE00, 0xFE00, 0xFE00, 0xFE00, 0xFE00, 0xFE00, 0xFE00, 0xFE00, 0xFE00,   // 0x0490 (1168) pixels
0xFE00, 0xFE00, 0xFE00, 0xFE00, 0xFDE1, 0xFDC2, 0xFDE1, 0xFE01, 0xFE01, 0xFE01, 0xFE01, 0xFE01, 0xFE01, 0xFE01, 0xFE01, 0xFE01,   // 0x04A0 (1184) pixels
0xFE01, 0xFDE1, 0xFDE1, 0xFDE1, 0xFDE1, 0xFDE1, 0xFDE1, 0xFDE1, 0xFDE1, 0xFDE1, 0xFDC2, 0xFDC2, 0xFDC2, 0xFDC2, 0xFDC2, 0xFDC2,   // 0x04B0 (1200) pixels
0xFDC2, 0xFDA2, 0x0000, 0x0000, 0x0000, 0x0000, 0x0A11, 0x0A32, 0x0A32, 0x0A32, 0x0A32, 0x0A32, 0x0A32, 0x01F3, 0x01F3, 0xB4A7,   // 0x04C0 (1216) pixels
0xFE20, 0xFDC1, 0xFDC2, 0xFDC2, 0xFDC2, 0xFDC2, 0xFDC2, 0xFDC2, 0xFDC2, 0xFDC2, 0xFDC2, 0xFDC2, 0xFDE1, 0x83EA, 0x2AB0, 0x32CF,   // 0x04D0 (1232) pixels
0x32AF, 0x32AF, 0x2AAF, 0x2290, 0x532D, 0xFE01, 0xFDC2, 0xFDE1, 0xA468, 0x3AEF, 0x430E, 0x42EE, 0x42EE, 0x3AEE, 0x3AEE, 0x3AEF,   // 0x04E0 (1248) pixels
0x3ACF, 0x3ACF, 0x32CF, 0x32CF, 0x32CF, 0x32AF, 0x32AF, 0x2AAF, 0x2AB0, 0x1A71, 0x9C48, 0xFE20, 0x7BCA, 0x6B8B, 0x6BAB, 0x6BAB,   // 0x04F0 (1264) pixels
0x6BAB, 0x73AB, 0x73AB, 0x73AB, 0x73AB, 0x73AB, 0x73AB, 0x73AB, 0x73AB, 0x73AB, 0x73AB, 0x73AB, 0x73AB, 0x73AB, 0x73AB, 0x6B8C,   // 0x0500 (1280) pixels
0xCD05, 0xFDC2, 0xFDC2, 0xFDC2, 0xFDC2, 0xFDC2, 0xFDC2, 0xFDA2, 0x0000, 0x0000, 0x0000, 0x0000, 0x0A11, 0x0A32, 0x0A32, 0x0A32,   // 0x0510 (1296) pixels
0x0A32, 0x0232, 0x01B4, 0x532D, 0xFE01, 0xFDE1, 0xFDC2, 0xFDC2, 0xFDC2, 0xFDC2, 0xFDC2, 0xFDC2, 0xFDC2, 0xFDC2, 0xFDC2, 0xFDC2,   // 0x0520 (1312) pixels
0xFDC2, 0xFDC2, 0xFE20, 0x01F3, 0x0213, 0x0212, 0x0212, 0x0212, 0x0212, 0x01D3, 0x9429, 0xFDE1, 0xFDC2, 0xFE20, 0x1A71, 0x01F3,   // 0x0530 (1328) pixels
0x0212, 0x0212, 0x0212, 0x0212, 0x0212, 0x0212, 0x0212, 0x0212, 0x0212, 0x0212, 0x0212, 0x0212, 0x0212, 0x0212, 0x0212, 0x0194,   // 0x0540 (1344) pixels
0xF582, 0xFDC2, 0x0195, 0x01F3, 0x01F3, 0x01F3, 0x01F3, 0x01F3, 0x01F3, 0x01F3, 0x01F3, 0x01F3, 0x01F3, 0x01F3, 0x01F3, 0x01F3,   // 0x0550 (1360) pixels
0x01F3, 0x01F3, 0x01F3, 0x01F3, 0x01F3, 0x0195, 0xFDC2, 0xFDC2, 0xFDC2, 0xFDC2, 0xFDC2, 0xFDC2, 0xFDC2, 0xFDA2, 0x0000, 0x0000,   // 0x0560 (1376) pixels
0x0000, 0x0000, 0x0A11, 0x0A32, 0x0A32, 0x0A32, 0x0212, 0x01D3, 0xBCC6, 0xFE20, 0xFDC2, 0xFDC2, 0xFDC2, 0xFDC2, 0xFDC2, 0xFDC2,   // 0x0570 (1392) pixels
0xFDC2, 0xFDC2, 0xFDC2, 0xFDC2, 0xFDC2, 0xFDC2, 0xFDC2, 0xFDC1, 0xD525, 0x01D4, 0x0A32, 0x0A32, 0x0A32, 0x0A32, 0x0A32, 0x01B4,   // 0x0580 (1408) pixels
0xFDC2, 0xFDC2, 0xFDC2, 0xF5A2, 0x01B4, 0x0A32, 0x0A32, 0x0A32, 0x0A32, 0x0A32, 0x0A32, 0x0A32, 0x0A32, 0x0A32, 0x0A32, 0x0A32,   // 0x0590 (1424) pixels
0x0A32, 0x0A32, 0x0A32, 0x0A32, 0x0212, 0x2270, 0xFE60, 0x9429, 0x01F3, 0x0A32, 0x0A32, 0x0A32, 0x0A32, 0x0A32, 0x0A32, 0x0A32,   // 0x05A0 (1440) pixels
0x0A32, 0x0A32, 0x0A32, 0x0A32, 0x0A32, 0x0A32, 0x0A32, 0x0A32, 0x0A32, 0x0A32, 0x0212, 0x32CF, 0xFE20, 0xFDC2, 0xFDC2, 0xFDC2,   // 0x05B0 (1456) pixels
0xFDC2, 0xFDC2, 0xFDC2, 0xFDA2, 0x0000, 0x0000, 0x0000, 0x0000, 0x0A11, 0x0A32, 0x0A32, 0x01F3, 0x1A71, 0xFDC2, 0xFDE1, 0xFDC2,   // 0x05C0 (1472) pixels
0xFDC2, 0xFDC2, 0xFDC2, 0xFDC2, 0xFDC2, 0xFDC2, 0xFDC2, 0xFDC2, 0xFDC2, 0xFDC2, 0xFDC2, 0xFDC2, 0xFDC2, 0xFE01, 0x6B8B, 0x01F3,   // 0x05D0 (1488) pixels
0x0A32, 0x0A32, 0x0A32, 0x0A32, 0x0212, 0x2AB0, 0xFE20, 0xFDC2, 0xFDE1, 0x8C09, 0x01F3, 0x0A32, 0x0A32, 0x0A32, 0x0A32, 0x0A32,   // 0x05E0 (1504) pixels
0x0A32, 0x0A32, 0x0A32, 0x0A32, 0x0A32, 0x0A32, 0x0A32, 0x0A32, 0x0A32, 0x0A32, 0x01F3, 0x8C09, 0xFE60, 0x2A90, 0x0212, 0x0A32,   // 0x05F0 (1520) pixels
0x0A32, 0x0A32, 0x0A32, 0x0A32, 0x0A32, 0x0A32, 0x0A32, 0x0A32, 0x0A32, 0x0A32, 0x0A32, 0x0A32, 0x0A32, 0x0A32, 0x0A32, 0x0A32,   // 0x0600 (1536) pixels
0x01F3, 0x9C48, 0xFDE1, 0xFDC2, 0xFDC2, 0xFDC2, 0xFDC2, 0xFDC2, 0xFDC2, 0xFDA2, 0x0000, 0x0000, 0x0000, 0x0000, 0x0A11, 0x0A32,   // 0x0610 (1552) pixels
0x01B4, 0x5B4D, 0xFE20, 0xFDC2, 0xFDC2, 0xFDC2, 0xFDC2, 0xFDC2, 0xFDC2, 0xFDC2, 0xFDC2, 0xFDC2, 0xFDC2, 0xFDC2, 0xFDC2, 0xFDC2,   // 0x0620 (1568) pixels
0xFDC2, 0xFDC2, 0xFDC2, 0xFE20, 0x0212, 0x0212, 0x0A32, 0x0A32, 0x0A32, 0x0A32, 0x01F3, 0x9429, 0xFDE1, 0xFDC2, 0xFE20, 0x2290,   // 0x0630 (1584) pixels
0x0212, 0x0A32, 0x0A32, 0x0A32, 0x0A32, 0x0A32, 0x0A32, 0x0A32, 0x0A32, 0x0A32, 0x0A32, 0x0A32, 0x0A32, 0x0A32, 0x0A32, 0x0A32,   // 0x0640 (1600) pixels
0x01B4, 0xF5A2, 0xFDC2, 0x01B4, 0x0A32, 0x0A32, 0x0A32, 0x0A32, 0x0A32, 0x0A32, 0x0A32, 0x0A32, 0x0A32, 0x0A32, 0x0A32, 0x0A32,   // 0x0650 (1616) pixels
0x0A32, 0x0A32, 0x0A32, 0x0A32, 0x0A32, 0x0A32, 0x01B4, 0xFDC2, 0xFDC2, 0xFDC2, 0xFDC2, 0xFDC2, 0xFDC2, 0xFDC2, 0xFDC2, 0xFDA2,   // 0x0660 (1632) pixels
0x0000, 0x0000, 0x0000, 0x0000, 0x0A12, 0x01B4, 0x9429, 0xFE20, 0xFDC2, 0xFDC2, 0xFDC2, 0xFDC2, 0xFDC2, 0xFDC2, 0xFDC2, 0xFDC2,   // 0x0670 (1648) pixels
0xFDC2, 0xFDC2, 0xFDC2, 0xFDC2, 0xFDC2, 0xFDC2, 0xFDC2, 0xFDC2, 0xFDC1, 0xDD24, 0x01D4, 0x0A32, 0x0A32, 0x0A32, 0x0A32, 0x0A32,   // 0x0680 (1664) pixels
0x01B4, 0xFDA2, 0xFDC2, 0xFDC2, 0xFDA2, 0x01B4, 0x0A32, 0x0A32, 0x0A32, 0x0A32, 0x0A32, 0x0A32, 0x01B4, 0x01B4, 0x01B4, 0x01B4,   // 0x0690 (1680) pixels
0x01B4, 0x01B4, 0x01B4, 0x01B4, 0x01B4, 0x01B4, 0x1251, 0xFE60, 0x7BCA, 0x0195, 0x01D4, 0x01D4, 0x01F3, 0x0A32, 0x0A32, 0x0A32,   // 0x06A0 (1696) pixels
0x0A32, 0x0A32, 0x0A32, 0x0A32, 0x01D3, 0x01D4, 0x01D4, 0x01D4, 0x01D4, 0x01D4, 0x01D4, 0x01B4, 0x1A70, 0xFE20, 0xFDC2, 0xFDC2,   // 0x06B0 (1712) pixels
0xFDC2, 0xFDC2, 0xFDC2, 0xFDC2, 0xFDC2, 0xFDA2, 0x0000, 0x0000, 0x0000, 0x0000, 0x01B4, 0xB4A7, 0xFE00, 0xFDC2, 0xFDC2, 0xFDC2,   // 0x06C0 (1728) pixels
0xFDC2, 0xFDC2, 0xFDC2, 0xFDC2, 0xFDC2, 0xFDC2, 0xFDC2, 0xFDC2, 0xFDC2, 0xFDC2, 0xFDC2, 0xFDC2, 0xFDC2, 0xFDC2, 0xFE01, 0x73AB,   // 0x06D0 (1744) pixels
0x01F3, 0x0A32, 0x0A32, 0x0A32, 0x0A32, 0x0212, 0x2A90, 0xFE20, 0xFDC2, 0xFDE1, 0x9429, 0x01F3, 0x0A32, 0x0A32, 0x0A32, 0x0A32,   // 0x06E0 (1760) pixels
0x0A32, 0x01F3, 0xFE20, 0xFDE1, 0xFDE1, 0xFDE1, 0xFDE1, 0xFDE1, 0xFDE1, 0xFDE1, 0xFDE1, 0xFDC1, 0xFDE1, 0xFDC2, 0xF583, 0xF5A2,   // 0x06F0 (1776) pixels
0xF5A2, 0xFDC2, 0x9C48, 0x01F3, 0x0A32, 0x0A32, 0x0A32, 0x0A32, 0x0A32, 0x01D4, 0xE544, 0xED63, 0xE563, 0xE563, 0xE563, 0xE563,   // 0x0700 (1792) pixels
0xE563, 0xE563, 0xF582, 0xFDC2, 0xFDC2, 0xFDC2, 0xFDC2, 0xFDC2, 0xFDC2, 0xFDC2, 0xFDC2, 0xFDA2, 0x0000, 0x0000, 0x0000, 0x0000,   // 0x0710 (1808) pixels
0xA467, 0xFE00, 0xFDC2, 0xFDC2, 0xFDC2, 0xFDC2, 0xFDC2, 0xFDC2, 0xFDC2, 0xFDC2, 0xFDC2, 0xFDC2, 0xFDC2, 0xFDC2, 0xFDC2, 0xFDC2,   // 0x0720 (1824) pixels
0xFDC2, 0xFDC2, 0xFDC2, 0xFDC2, 0xFE20, 0x0A32, 0x0212, 0x0A32, 0x0A32, 0x0A32, 0x0A32, 0x01F3, 0x8C29, 0xFDE1, 0xFDC2, 0xFE20,   // 0x0730 (1840) pixels
0x2AAF, 0x0212, 0x0A32, 0x0A32, 0x0A32, 0x0A32, 0x01F3, 0x5B4C, 0xFE20, 0xFDC1, 0xFDC1, 0xFDC1, 0xFDC1, 0xFDC1, 0xFDC1, 0xFDC1,   // 0x0740 (1856) pixels
0xFDC2, 0xFDC2, 0xFDC2, 0xFDC2, 0xFDC2, 0xFDC2, 0xFDC2, 0xFE20, 0x32CF, 0x0212, 0x0A32, 0x0A32, 0x0A32, 0x0A32, 0x0212, 0x2290,   // 0x0750 (1872) pixels
0xFE20, 0xFDC2, 0xFDC2, 0xFDC2, 0xFDC2, 0xFDC2, 0xFDC2, 0xFDC2, 0xFDC2, 0xFDC2, 0xFDC2, 0xFDC2, 0xFDC2, 0xFDC2, 0xFDC2, 0xFDC2,   // 0x0760 (1888) pixels
0xFDC2, 0xFDA2, 0x0000, 0x0000, 0x0000, 0x0000, 0xED41, 0xFDC2, 0xFDC2, 0xFDC2, 0xFDC2, 0xFDC2, 0xFDC2, 0xFDC2, 0xFDC2, 0xFDC2,   // 0x0770 (1904) pixels
0xFDC2, 0xFDC2, 0xFDC2, 0xFDC2, 0xFDC2, 0xFDC2, 0xFDC2, 0xFDC2, 0xFDC2, 0xFDC1, 0xDD44, 0x01B4, 0x0A32, 0x0A32, 0x0A32, 0x0A32,   // 0x0780 (1920) pixels
0x0A32, 0x01B4, 0xF5A2, 0xFDC2, 0xFDC2, 0xFDC2, 0x01B4, 0x0A32, 0x0A32, 0x0A32, 0x0A32, 0x0A32, 0x01F3, 0xAC87, 0xF582, 0xED63,   // 0x0790 (1936) pixels
0xED63, 0xED63, 0xED63, 0xED63, 0xED63, 0xE563, 0xF5A2, 0xFDC2, 0xFDC2, 0xFDC2, 0xFDC2, 0xFDC2, 0xFDC2, 0xFDC2, 0x01B4, 0x0A32,   // 0x07A0 (1952) pixels
0x0A32, 0x0A32, 0x0A32, 0x0A32, 0x01F3, 0x8C09, 0xFDE1, 0xFDC2, 0xFDC2, 0xFDC2, 0xFDC2, 0xFDC2, 0xFDC2, 0xFDC2, 0xFDC2, 0xFDC2,   // 0x07B0 (1968) pixels
0xFDC2, 0xFDC2, 0xFDC2, 0xFDC2, 0xFDC2, 0xFDC2, 0xFDC2, 0xFDA2, 0x0000, 0x0000, 0x0000, 0x0000, 0xE522, 0xFDC2, 0xFDC2, 0xFDC2,   // 0x07C0 (1984) pixels
0xFDC2, 0xFDC2, 0xFDC2, 0xFDC2, 0xFDC2, 0xFDC2, 0xFDC2, 0xFDC2, 0xFDC2, 0xFDC2, 0xFDC2, 0xFDC2, 0xFDC2, 0xFDC2, 0xFDC2, 0xFDE1,   // 0x07D0 (2000) pixels
0x7BCB, 0x01F3, 0x0A32, 0x0A32, 0x0A32, 0x0A32, 0x0212, 0x2290, 0xFE20, 0xFDC2, 0xFDE1, 0x9C48, 0x01F3, 0x0A32, 0x0A32, 0x0A32,   // 0x07E0 (2016) pixels
0x0A32, 0x0A32, 0x0A32, 0x01F3, 0x01D4, 0x01D4, 0x01D4, 0x01D4, 0x01D4, 0x01D4, 0x01D4, 0x0156, 0xFDA2, 0xFDC2, 0xFDC2, 0xFDC2,   // 0x07F0 (2032) pixels
0xFDC2, 0xFDC2, 0xFDE1, 0x9C48, 0x01F3, 0x0A32, 0x0A32, 0x0A32, 0x0A32, 0x0A32, 0x01B4, 0xF5A2, 0xFDC2, 0xFDC2, 0xFDC2, 0xFDC2,   // 0x0800 (2048) pixels
0xFDC2, 0xFDC2, 0xFDC2, 0xFDC2, 0xFDC2, 0xFDC2, 0xFDC2, 0xFDC2, 0xFDC2, 0xFDC2, 0xFDC2, 0xFDC2, 0xFDC2, 0xFDA2, 0x0000, 0x0000,   // 0x0810 (2064) pixels
0x0000, 0x0000, 0xE522, 0xFDC2, 0xFDC2, 0xFDC2, 0xFDC2, 0xFDC2, 0xFDC2, 0xFDC2, 0xFDC2, 0xFDC2, 0xFDC2, 0xFDC2, 0xFDC2, 0xFDC2,   // 0x0820 (2080) pixels
0xFDC2, 0xFDC2, 0xFDC2, 0xFDC2, 0xFDC2, 0xFE20, 0x1231, 0x0212, 0x0A32, 0x0A32, 0x0A32, 0x0A32, 0x01F3, 0x8C09, 0xFDE1, 0xFDC2,   // 0x0830 (2096) pixels
0xFE20, 0x32CF, 0x0212, 0x0A32, 0x0A32, 0x0A32, 0x0A32, 0x0A32, 0x0A32, 0x0A32, 0x0A32, 0x0A32, 0x0A32, 0x0A32, 0x0A32, 0x0A32,   // 0x0840 (2112) pixels
0x0212, 0x32CF, 0xFE20, 0xFDC2, 0xFDC2, 0xFDC2, 0xFDC2, 0xFDC2, 0xFE20, 0x2AB0, 0x0212, 0x0A32, 0x0A32, 0x0A32, 0x0A32, 0x0212,   // 0x0850 (2128) pixels
0x2290, 0xFE20, 0xFDC2, 0xFDC2, 0xFDC2, 0xFDC2, 0xFDC2, 0xFDC2, 0xFDC2, 0xFDC2, 0xFDC2, 0xFDC2, 0xFDC2, 0xFDC2, 0xFDC2, 0xFDC2,   // 0x0860 (2144) pixels
0xFDC2, 0xFDC2, 0xFDC2, 0xFDA2, 0x0000, 0x0000, 0x0000, 0x0000, 0xE522, 0xFDC2, 0xFDC2, 0xFDC2, 0xFDC2, 0xFDC2, 0xFDC2, 0xFDC2,   // 0x0870 (2160) pixels
0xFDC2, 0xFDC2, 0xFDC2, 0xFDC2, 0xFDC2, 0xFDC2, 0xFDC2, 0xFDC2, 0xFDC2, 0xFDC2, 0xFDC1, 0xE563, 0x01B4, 0x0A32, 0x0A32, 0x0A32,   // 0x0880 (2176) pixels
0x0A32, 0x0A32, 0x01B4, 0xF582, 0xFDC2, 0xFDC2, 0xFDE1, 0x01B4, 0x0A32, 0x0A32, 0x0A32, 0x0A32, 0x0A32, 0x0A32, 0x0A32, 0x0A32,   // 0x0890 (2192) pixels
0x0A32, 0x0A32, 0x0A32, 0x0A32, 0x0A32, 0x0A32, 0x01F3, 0x9C48, 0xFDE1, 0xFDC2, 0xFDC2, 0xFDC2, 0xFDC2, 0xFDC2, 0xFDC2, 0x01B4,   // 0x08A0 (2208) pixels
0x0A32, 0x0A32, 0x0A32, 0x0A32, 0x0A32, 0x01F3, 0x8C09, 0xFDE1, 0xFDC2, 0xFDC2, 0xFDC2, 0xFDC2, 0xFDC2, 0xFDC2, 0xFDC2, 0xFDC2,   // 0x08B0 (2224) pixels
0xFDC2, 0xFDC2, 0xFDC2, 0xFDC2, 0xFDC2, 0xFDC2, 0xFDC2, 0xFDC2, 0xFDC2, 0xFDA2, 0x0000, 0x0000, 0x0000, 0x0000, 0xE522, 0xFDC2,   // 0x08C0 (2240) pixels
0xFDC2, 0xFDC2, 0xFDC2, 0xFDC2, 0xFDC2, 0xFDC2, 0xFDC2, 0xFDC2, 0xFDC2, 0xFDC2, 0xFDC2, 0xFDC2, 0xFDC2, 0xFDC2, 0xFDC2, 0xFDC2,   // 0x08D0 (2256) pixels
0xFDE1, 0x7BCA, 0x01F3, 0x0A32, 0x0A32, 0x0A32, 0x0A32, 0x0212, 0x1A71, 0xFE20, 0xFDC2, 0xFDE1, 0xA468, 0x01F3, 0x0A32, 0x0A32,   // 0x08E0 (2272) pixels
0x0A32, 0x0A32, 0x0A32, 0x0A32, 0x0A32, 0x0A32, 0x0A32, 0x0A32, 0x0A32, 0x0A32, 0x0A32, 0x0A32, 0x01B4, 0xFDC1, 0xFDC2, 0xFDC2,   // 0x08F0 (2288) pixels
0xFDC2, 0xFDC2, 0xFDC2, 0xFDE1, 0x9429, 0x01F3, 0x0A32, 0x0A32, 0x0A32, 0x0A32, 0x0A32, 0x01B4, 0xF5A2, 0xFDC2, 0xFDC2, 0xFDC2,   // 0x0900 (2304) pixels
0xFDC2, 0xFDC2, 0xFDC2, 0xFDC2, 0xFDC2, 0xFDC2, 0xFDC2, 0xFDC2, 0xFDC2, 0xFDC2, 0xFDC2, 0xFDC2, 0xFDC2, 0xFDC2, 0xFDC2, 0xFDA2,   // 0x0910 (2320) pixels
0x0000, 0x0000, 0x0000, 0x0000, 0xE522, 0xFDC2, 0xFDC2, 0xFDC2, 0xFDC2, 0xFDC2, 0xFDC2, 0xFDC2, 0xFDC2, 0xFDC2, 0xFDC2, 0xFDC2,   // 0x0920 (2336) pixels
0xFDC2, 0xFDC2, 0xFDC2, 0xFDC2, 0xFDC2, 0xFDC2, 0xFE20, 0x2AB0, 0x0212, 0x0A32, 0x0A32, 0x0A32, 0x0A32, 0x01F3, 0x83EA, 0xFDE1,   // 0x0930 (2352) pixels
0xFDC2, 0xFE00, 0x3AEF, 0x0212, 0x0A32, 0x0A32, 0x0A32, 0x0A32, 0x0A32, 0x01F3, 0x01F3, 0x01F3, 0x01F3, 0x01F3, 0x01F3, 0x01F3,   // 0x0940 (2368) pixels
0x01F3, 0x01D3, 0x2AB0, 0xFE20, 0xFDC2, 0xFDC2, 0xFDC2, 0xFDC2, 0xFDC2, 0xFE20, 0x2290, 0x0212, 0x0A32, 0x0A32, 0x0A32, 0x0A32,   // 0x0950 (2384) pixels
0x0212, 0x2270, 0xFE20, 0xFDC2, 0xFDC2, 0xFDC2, 0xFDC2, 0xFDC2, 0xFDC2, 0xFDC2, 0xFDC2, 0xFDC2, 0xFDC2, 0xFDC2, 0xFDC2, 0xFDC2,   // 0x0960 (2400) pixels
0xFDC2, 0xFDC2, 0xFDC2, 0xFDC2, 0xFDC2, 0xFDA2, 0x0000, 0x0000, 0x0000, 0x0000, 0xE522, 0xFDC2, 0xFDC2, 0xFDC2, 0xFDC2, 0xFDC2,   // 0x0970 (2416) pixels
0xFDC2, 0xFDC2, 0xFDC2, 0xFDC2, 0xFDC2, 0xFDC2, 0xFDC2, 0xFDC2, 0xFDC2, 0xFDC2, 0xFDC2, 0xFDC2, 0xFDC2, 0x01B4, 0x0A32, 0x0A32,   // 0x0980 (2432) pixels
0x0A32, 0x0A32, 0x0A32, 0x01B4, 0xED83, 0xFDC2, 0xFDC2, 0xFDE1, 0x01B4, 0x0A32, 0x0A32, 0x0A32, 0x0A32, 0x0A32, 0x01F3, 0x73AB,   // 0x0990 (2448) pixels
0x9429, 0x9429, 0x9429, 0x9429, 0x9429, 0x9429, 0x9429, 0x8C09, 0xCD05, 0xFDC1, 0xFDC2, 0xFDC2, 0xFDC2, 0xFDC2, 0xFDC2, 0xF5A2,   // 0x09A0 (2464) pixels
0x01B4, 0x0A32, 0x0A32, 0x0A32, 0x0A32, 0x0A32, 0x01F3, 0x8C0A, 0xFDE1, 0xFDC2, 0xFDC2, 0xFDC2, 0xFDC2, 0xFDC2, 0xFDC2, 0xFDC2,   // 0x09B0 (2480) pixels
0xFDC2, 0xFDC2, 0xFDC2, 0xFDC2, 0xFDC2, 0xFDC2, 0xFDC2, 0xFDC2, 0xFDC2, 0xFDC2, 0xFDC2, 0xFDA2, 0x0000, 0x0000, 0x0000, 0x0000,   // 0x09C0 (2496) pixels
0xE522, 0xFDC2, 0xFDC2, 0xFDC2, 0xFDC2, 0xFDC2, 0xFDC2, 0xFDC2, 0xFDC2, 0xFDC2, 0xFDC2, 0xFDC2, 0xFDC2, 0xFDC2, 0xFDC2, 0xFDC2,   // 0x09D0 (2512) pixels
0xFDC2, 0xFE20, 0x636C, 0x01F3, 0x0A32, 0x0A32, 0x0A32, 0x0A32, 0x0212, 0x1A51, 0xFE20, 0xFDC2, 0xFDE1, 0xAC87, 0x01D3, 0x0A32,   // 0x09E0 (2528) pixels
0x0A32, 0x0A32, 0x0A32, 0x0A32, 0x01D3, 0xFE20, 0xFDE1, 0xFDE1, 0xFDE1, 0xFDE1, 0xFDE1, 0xFDE1, 0xFDE1, 0xFDE1, 0xFDC1, 0xFDC2,   // 0x09F0 (2544) pixels
0xFDC2, 0xFDC2, 0xFDC2, 0xFDC2, 0xFDE1, 0x8C09, 0x01F3, 0x0A32, 0x0A32, 0x0A32, 0x0A32, 0x0A32, 0x01B4, 0xF583, 0xFDC2, 0xFDC2,   // 0x0A00 (2560) pixels
0xFDC2, 0xFDC2, 0xFDC2, 0xFDC2, 0xFDC2, 0xFDC2, 0xFDC2, 0xFDC2, 0xFDC2, 0xFDC2, 0xFDC2, 0xFDC2, 0xFDC2, 0xFDC2, 0xFDC2, 0xFDC2,   // 0x0A10 (2576) pixels
0xFDC2, 0xFDA2, 0x0000, 0x0000, 0x0000, 0x0000, 0xE522, 0xFDC2, 0xFDC2, 0xFDC2, 0xFDC2, 0xFDC2, 0xFDC2, 0xFDC2, 0xFDC2, 0xFDC2,   // 0x0A20 (2592) pixels
0xFDE1, 0xFDE1, 0xFDC1, 0xFDC1, 0xFDC2, 0xFDC1, 0xFE20, 0xBCA6, 0x01B4, 0x0A32, 0x0A32, 0x0A32, 0x0A32, 0x0A32, 0x01F3, 0x8C09,   // 0x0A30 (2608) pixels
0xFDE1, 0xFDC2, 0xFE00, 0x430E, 0x0212, 0x0A32, 0x0A32, 0x0A32, 0x0A32, 0x0213, 0x5B6C, 0xFE40, 0xFDE1, 0xFDE1, 0xFDE1, 0xFDE1,   // 0x0A40 (2624) pixels
0xFDE1, 0xFDE1, 0xFDE1, 0xFDE1, 0xFDE1, 0xFDC2, 0xFDC2, 0xFDC2, 0xFDC2, 0xFDC2, 0xFE20, 0x1A70, 0x0212, 0x0A32, 0x0A32, 0x0A32,   // 0x0A50 (2640) pixels
0x0A32, 0x0212, 0x1A71, 0xFE20, 0xFDC2, 0xFDC2, 0xFDC2, 0xFDC2, 0xFDC2, 0xFDC2, 0xFDC2, 0xFDC2, 0xFDC2, 0xFDC2, 0xFDC2, 0xFDC2,   // 0x0A60 (2656) pixels
0xFDC2, 0xFDC2, 0xFDC2, 0xFDC2, 0xFDC2, 0xFDC2, 0xFDC2, 0xFDC1, 0x0000, 0x0000, 0x0000, 0x0000, 0xE522, 0xFDC2, 0xFDC2, 0xFDC2,   // 0x0A70 (2672) pixels
0xFDC2, 0xFDC2, 0xFDC2, 0xFDC2, 0xFDC2, 0xDD44, 0x9429, 0xB4A7, 0xCCE5, 0xDD44, 0xF5A2, 0xE564, 0x6B8C, 0x01B4, 0x0A32, 0x0A32,   // 0x0A80 (2688) pixels
0x0A32, 0x0A32, 0x0A32, 0x0A32, 0x01D3, 0xFE01, 0xFDC2, 0xFDC2, 0xFE01, 0x01D4, 0x0A32, 0x0A32, 0x0A32, 0x0A32, 0x0A32, 0x0213,   // 0x0A90 (2704) pixels
0x638C, 0x9C48, 0x9429, 0x9429, 0x9429, 0x9429, 0x9429, 0x9429, 0x9429, 0x9429, 0x840A, 0xED83, 0xFDC2, 0xFDC2, 0xFDC2, 0xFDC2,   // 0x0AA0 (2720) pixels
0xF583, 0x01B4, 0x0A32, 0x0A32, 0x0A32, 0x0A32, 0x0A32, 0x01F3, 0x83EA, 0xFDE1, 0xFDC2, 0xFDC2, 0xFDC2, 0xFDC2, 0xFDC2, 0xFDC2,   // 0x0AB0 (2736) pixels
0xFDC2, 0xFDC2, 0xFDC2, 0xFDC2, 0xFDC2, 0xFDC2, 0xFDC2, 0xFDC2, 0xFDC2, 0xFDC2, 0xFDC2, 0xFDC2, 0xFE00, 0xAC87, 0x0000, 0x0000,   // 0x0AC0 (2752) pixels
0x0000, 0x0000, 0xE522, 0xFDC2, 0xFDC2, 0xFDC2, 0xFDC2, 0xFDC2, 0xFDC2, 0xFDC2, 0xFE01, 0x636C, 0x01B4, 0x01D3, 0x01D3, 0x01D3,   // 0x0AD0 (2768) pixels
0x01D4, 0x01D3, 0x01F3, 0x0A32, 0x0A32, 0x0A32, 0x0A32, 0x0A32, 0x0A32, 0x01D3, 0x8C09, 0xFDE1, 0xFDC2, 0xFDE1, 0xB487, 0x01D3,   // 0x0AE0 (2784) pixels
0x0A32, 0x0A32, 0x0A32, 0x0A32, 0x0A32, 0x0A32, 0x0213, 0x01F3, 0x01F3, 0x01F3, 0x01F3, 0x01F3, 0x01F3, 0x01F3, 0x01F3, 0x01F3,   // 0x0AF0 (2800) pixels
0x01B4, 0xFE00, 0xFDC2, 0xFDC2, 0xFDC2, 0xFDE1, 0x83EA, 0x01F3, 0x0A32, 0x0A32, 0x0A32, 0x0A32, 0x0A32, 0x01B4, 0xED83, 0xFDC2,   // 0x0B00 (2816) pixels
0xFDC2, 0xFDC2, 0xFDC2, 0xFDC2, 0xFDC2, 0xFDC2, 0xFDC2, 0xFDC2, 0xFDC2, 0xFDC2, 0xFDC2, 0xFDC2, 0xFDC2, 0xFDC2, 0xFDC2, 0xFDC2,   // 0x0B10 (2832) pixels
0xFDC2, 0xFE20, 0xAC87, 0x01B4, 0x0000, 0x0000, 0x0000, 0x0000, 0xE522, 0xFDC2, 0xFDC2, 0xFDC2, 0xFDC2, 0xFDC2, 0xFDC2, 0xFDC2,   // 0x0B20 (2848) pixels
0xFE20, 0x0212, 0x0212, 0x0A32, 0x0A32, 0x0A32, 0x0A32, 0x0A32, 0x0A32, 0x0A32, 0x0A32, 0x0A32, 0x0A32, 0x0A32, 0x0212, 0x0A32,   // 0x0B30 (2864) pixels
0xFE20, 0xFDC2, 0xFDC2, 0xFE00, 0x4B0E, 0x0213, 0x0A32, 0x0A32, 0x0A32, 0x0A32, 0x0A32, 0x0A32, 0x0A32, 0x0A32, 0x0A32, 0x0A32,   // 0x0B40 (2880) pixels
0x0A32, 0x0A32, 0x0A32, 0x0A32, 0x0A32, 0x01F3, 0x5B6C, 0xFE01, 0xFDC2, 0xFDC2, 0xFDC2, 0xFE20, 0x1A51, 0x0212, 0x0A32, 0x0A32,   // 0x0B50 (2896) pixels
0x0A32, 0x0A32, 0x0212, 0x1A51, 0xFE20, 0xFDC2, 0xFDC2, 0xFDC2, 0xFDC2, 0xFDC2, 0xFDC2, 0xFDC2, 0xFDC2, 0xFDC2, 0xFDC2, 0xFDC2,   // 0x0B60 (2912) pixels
0xFDC2, 0xFDC2, 0xFDC2, 0xFDC2, 0xFDC2, 0xFDC2, 0xFE20, 0x7BCB, 0x01B4, 0x0A32, 0x0000, 0x0000, 0x0000, 0x0000, 0xDD02, 0xFDC2,   // 0x0B70 (2928) pixels
0xFDC2, 0xFDC2, 0xFDC2, 0xFDC2, 0xFDC2, 0xFDC1, 0xDD44, 0x01D4, 0x0A32, 0x0A32, 0x0A32, 0x0A32, 0x0A32, 0x0A32, 0x0A32, 0x0A32,   // 0x0B80 (2944) pixels
0x0A32, 0x0A32, 0x0A32, 0x0A32, 0x01B4, 0xED63, 0xFDC1, 0xFDC2, 0xFDC2, 0xFE00, 0x01D3, 0x0A32, 0x0A32, 0x0A32, 0x0A32, 0x0A32,   // 0x0B90 (2960) pixels
0x0A32, 0x0A32, 0x0A32, 0x0A32, 0x0A32, 0x0A32, 0x0A32, 0x0A32, 0x0A32, 0x0A32, 0x0A32, 0x01D3, 0xC4E6, 0xFDE1, 0xFDC2, 0xFDC2,   // 0x0BA0 (2976) pixels
0xFDC2, 0xED63, 0x01B4, 0x0A32, 0x0A32, 0x0A32, 0x0A32, 0x0A32, 0x01F3, 0x83EA, 0xFDE1, 0xFDC2, 0xFDC2, 0xFDC2, 0xFDC2, 0xFDC2,   // 0x0BB0 (2992) pixels
0xFDC2, 0xFDC2, 0xFDC2, 0xFDC2, 0xFDC2, 0xFDC2, 0xFDC2, 0xFDC2, 0xFDC2, 0xFDC2, 0xFDE1, 0xFE00, 0x3AEE, 0x01D3, 0x0A32, 0x0A32,   // 0x0BC0 (3008) pixels
0x0000, 0x0000, 0x0000, 0x0000, 0xDD02, 0xFDC2, 0xFDC2, 0xFDC2, 0xFDC2, 0xFDC2, 0xFDC2, 0xFDE1, 0x7BCA, 0x01F3, 0x0A32, 0x0A32,   // 0x0BD0 (3024) pixels
0x0A32, 0x0A32, 0x0A32, 0x0A32, 0x0A32, 0x0A32, 0x0A32, 0x0A32, 0x0212, 0x0194, 0xB4A7, 0xFE01, 0xFDC2, 0xFDC2, 0xFDE1, 0xB4A6,   // 0x0BE0 (3040) pixels
0x01D3, 0x0A32, 0x0A32, 0x0A32, 0x0A32, 0x0A32, 0x0A32, 0x0A32, 0x0A32, 0x0A32, 0x0A32, 0x0A32, 0x0A32, 0x0A32, 0x0A32, 0x0A32,   // 0x0BF0 (3056) pixels
0x0A32, 0x01F3, 0xFE20, 0xFDC2, 0xFDC2, 0xFDC2, 0xFDE1, 0x7BEA, 0x01F3, 0x0A32, 0x0A32, 0x0A32, 0x0A32, 0x0A32, 0x01B4, 0xED63,   // 0x0C00 (3072) pixels
0xFDC2, 0xFDC2, 0xFDC2, 0xFDC2, 0xFDC2, 0xFDC2, 0xFDC2, 0xFDC2, 0xFDC2, 0xFDC2, 0xFDC2, 0xFDC2, 0xFDC2, 0xFDC2, 0xFDC2, 0xFE00,   // 0x0C10 (3088) pixels
0xE544, 0x0212, 0x01F3, 0x0A32, 0x0A32, 0x0A32, 0x0000, 0x0000, 0x0000, 0x0000, 0xDD02, 0xFDC2, 0xFDC2, 0xFDC2, 0xFDC2, 0xFDC2,   // 0x0C20 (3104) pixels
0xFDC2, 0xFE20, 0x0212, 0x01D3, 0x01F3, 0x0212, 0x0212, 0x0212, 0x0212, 0x0212, 0x0212, 0x0212, 0x01F3, 0x01D3, 0x01D3, 0xB4A7,   // 0x0C30 (3120) pixels
0xFE00, 0xFDC2, 0xFDC2, 0xFDC2, 0xFE01, 0x42EE, 0x01B4, 0x01F3, 0x01F3, 0x01F3, 0x01F3, 0x01F3, 0x01F3, 0x01F3, 0x01F3, 0x01F3,   // 0x0C40 (3136) pixels
0x01F3, 0x01F3, 0x01F3, 0x01F3, 0x01F3, 0x01F3, 0x01B4, 0x532D, 0xFE01, 0xFDC2, 0xFDC2, 0xFDC2, 0xFE20, 0x0212, 0x01D3, 0x01F3,   // 0x0C50 (3152) pixels
0x01F3, 0x01F3, 0x01F3, 0x01D3, 0x0A32, 0xFE20, 0xFDC2, 0xFDC2, 0xFDC2, 0xFDC2, 0xFDC2, 0xFDC2, 0xFDC2, 0xFDC2, 0xFDC2, 0xFDC2,   // 0x0C60 (3168) pixels
0xFDC2, 0xFDC2, 0xFDC2, 0xFDC1, 0xFE20, 0x7BCA, 0x01B4, 0x0212, 0x0A32, 0x0A32, 0x0A32, 0x0A32, 0x0000, 0x0000, 0x0000, 0x0000,   // 0x0C70 (3184) pixels
0xDD02, 0xFDC2, 0xFDC2, 0xFDC2, 0xFDC2, 0xFDC2, 0xFDC2, 0xFDC1, 0xAC87, 0x9429, 0x6B8B, 0x4B0E, 0x2290, 0x0A32, 0x1251, 0x1251,   // 0x0C80 (3200) pixels
0x2AB0, 0x4B0E, 0x73CB, 0xBCC6, 0xFE20, 0xFDE1, 0xFDC2, 0xFDC2, 0xFDC2, 0xFDC2, 0xFDE1, 0x9429, 0x9C48, 0x9C48, 0x9C48, 0x9C48,   // 0x0C90 (3216) pixels
0x9C48, 0x9449, 0x9429, 0x9429, 0x9429, 0x9429, 0x9429, 0x9429, 0x9429, 0x9429, 0x9429, 0x9429, 0x8C09, 0xDD44, 0xFDC2, 0xFDC2,   // 0x0CA0 (3232) pixels
0xFDC2, 0xFDC2, 0xF5A2, 0x73AB, 0x83EA, 0x83EA, 0x7BEA, 0x7BEA, 0x7BCA, 0x73CB, 0xB4A7, 0xFDE1, 0xFDC2, 0xFDC2, 0xFDC2, 0xFDC2,   // 0x0CB0 (3248) pixels
0xFDC2, 0xFDC2, 0xFDC2, 0xFDC2, 0xFDC2, 0xFDC2, 0xFDC2, 0xFDC2, 0xFE20, 0xDD44, 0x1251, 0x01D3, 0x0A32, 0x0A32, 0x0A32, 0x0A32,   // 0x0CC0 (3264) pixels
0x0A32, 0x0A32, 0x0000, 0x0000, 0x0000, 0x0000, 0xDD02, 0xFDC2, 0xFDC2, 0xFDC2, 0xFDC2, 0xFDC2, 0xFDC2, 0xFDC2, 0xFDE1, 0xFDE1,   // 0x0CD0 (3280) pixels
0xFE01, 0xFE00, 0xFE00, 0xFE20, 0xFE20, 0xFE20, 0xFE00, 0xFE00, 0xFDE1, 0xFDE1, 0xFDC2, 0xFDC2, 0xFDC2, 0xFDC2, 0xFDC2, 0xFDC2,   // 0x0CE0 (3296) pixels
0xFDC2, 0xFDE1, 0xFDE1, 0xFDE1, 0xFDE1, 0xFDE1, 0xFDE1, 0xFDE1, 0xFDE1, 0xFDE1, 0xFDE1, 0xFDE1, 0xFDE1, 0xFDE1, 0xFDE1, 0xFDE1,   // 0x0CF0 (3312) pixels
0xFDE1, 0xFDE1, 0xFDE1, 0xFDC2, 0xFDC2, 0xFDC2, 0xFDC2, 0xFDC2, 0xFDC2, 0xFDE1, 0xFDE1, 0xFDE1, 0xFDE1, 0xFDE1, 0xFDE1, 0xFDE1,   // 0x0D00 (3328) pixels
0xFDE1, 0xFDC2, 0xFDC2, 0xFDC2, 0xFDC2, 0xFDC2, 0xFDC2, 0xFDC2, 0xFDC2, 0xFDC2, 0xFDC2, 0xFDC2, 0xFE01, 0xFDC1, 0x532D, 0x01B4,   // 0x0D10 (3344) pixels
0x0212, 0x0A32, 0x0A32, 0x0A32, 0x0A32, 0x0A32, 0x0A32, 0x0A32, 0x0000, 0x0000, 0x0000, 0x0000, 0xED42, 0xFDC2, 0xFDC2, 0xFDC2,   // 0x0D20 (3360) pixels
0xFDC2, 0xFDC2, 0xFDC2, 0xFDC2, 0xFDC2, 0xFDC2, 0xFDC2, 0xFDC2, 0xFDC2, 0xFDC2, 0xFDC2, 0xFDC2, 0xFDC2, 0xFDC2, 0xFDC2, 0xFDC2,   // 0x0D30 (3376) pixels
0xFDC2, 0xFDC2, 0xFDC2, 0xFDC2, 0xFDC2, 0xFDC2, 0xFDC2, 0xFDC2, 0xFDC2, 0xFDC2, 0xFDC2, 0xFDC2, 0xFDC2, 0xFDC2, 0xFDC2, 0xFDC2,   // 0x0D40 (3392) pixels
0xFDC2, 0xFDC2, 0xFDC2, 0xFDC2, 0xFDC2, 0xFDC2, 0xFDC2, 0xFDC2, 0xFDC2, 0xFDC2, 0xFDC2, 0xFDC2, 0xFDC2, 0xFDC2, 0xFDC2, 0xFDC2,   // 0x0D50 (3408) pixels
0xFDC2, 0xFDC2, 0xFDC2, 0xFDC2, 0xFDC2, 0xFDC2, 0xFDC2, 0xFDC2, 0xFDC2, 0xFDC2, 0xFDC2, 0xFDC2, 0xFDC2, 0xFDC2, 0xFDC2, 0xFDC2,   // 0x0D60 (3424) pixels
0xFE01, 0xFE01, 0x7BCB, 0x01D4, 0x01F3, 0x0A32, 0x0A32, 0x0A32, 0x0A32, 0x0A32, 0x0A32, 0x0A32, 0x0A32, 0x0A32, 0x0000, 0x0000,   // 0x0D70 (3440) pixels
0x0000, 0x0000, 0x7281, 0xFE62, 0xFE02, 0xFDC2, 0xFDC2, 0xFDC2, 0xFDC2, 0xFDC2, 0xFDC2, 0xFDC2, 0xFDC2, 0xFDC2, 0xFDC2, 0xFDC2,   // 0x0D80 (3456) pixels
0xFDC2, 0xFDC2, 0xFDC2, 0xFDC2, 0xFDC2, 0xFDC2, 0xFDC2, 0xFDC2, 0xFDC2, 0xFDC2, 0xFDC2, 0xFDC2, 0xFDC2, 0xFDC2, 0xFDC2, 0xFDC2,   // 0x0D90 (3472) pixels
0xFDC2, 0xFDC2, 0xFDC2, 0xFDC2, 0xFDC2, 0xFDC2, 0xFDC2, 0xFDC2, 0xFDC2, 0xFDC2, 0xFDC2, 0xFDC2, 0xFDC2, 0xFDC2, 0xFDC2, 0xFDC2,   // 0x0DA0 (3488) pixels
0xFDC2, 0xFDC2, 0xFDC2, 0xFDC2, 0xFDC2, 0xFDC2, 0xFDC2, 0xFDC2, 0xFDC2, 0xFDC2, 0xFDC2, 0xFDC2, 0xFDC2, 0xFDC2, 0xFDC2, 0xFDC2,   // 0x0DB0 (3504) pixels
0xFDC2, 0xFDC2, 0xFDC2, 0xFDC2, 0xFE01, 0xFDE1, 0x7BEA, 0x01D3, 0x01F3, 0x0A32, 0x0A32, 0x0A32, 0x0A32, 0x0A32, 0x0A32, 0x0A32,   // 0x0DC0 (3520) pixels
0x0A32, 0x0A32, 0x0A33, 0x0A73, 0x0000, 0x0000, 0x0000, 0x0000, 0x0000, 0x0000, 0xABE1, 0xFE82, 0xFE02, 0xFDC2, 0xFDC2, 0xFDC2,   // 0x0DD0 (3536) pixels
0xFDC2, 0xFDC2, 0xFDC2, 0xFDC2, 0xFDC2, 0xFDC2, 0xFDC2, 0xFDC2, 0xFDC2, 0xFDC2, 0xFDC2, 0xFDC2, 0xFDC2, 0xFDC2, 0xFDC2, 0xFDC2,   // 0x0DE0 (3552) pixels
0xFDC2, 0xFDC2, 0xFDC2, 0xFDC2, 0xFDC2, 0xFDC2, 0xFDC2, 0xFDC2, 0xFDC2, 0xFDC2, 0xFDC2, 0xFDC2, 0xFDC2, 0xFDC2, 0xFDC2, 0xFDC2,   // 0x0DF0 (3568) pixels
0xFDC2, 0xFDC2, 0xFDC2, 0xFDC2, 0xFDC2, 0xFDC2, 0xFDC2, 0xFDC2, 0xFDC2, 0xFDC2, 0xFDC2, 0xFDC2, 0xFDC2, 0xFDC2, 0xFDC2, 0xFDC2,   // 0x0E00 (3584) pixels
0xFDC2, 0xFDC2, 0xFDC2, 0xFDC2, 0xFDC2, 0xFDC2, 0xFDC2, 0xFDE1, 0xFE20, 0xF5A2, 0x6BAB, 0x01D3, 0x01F3, 0x0A32, 0x0A32, 0x0A32,   // 0x0E10 (3600) pixels
0x0A32, 0x0A32, 0x0A32, 0x0A32, 0x0A32, 0x0A32, 0x0A53, 0x0A74, 0x118B, 0x0000, 0x0000, 0x0000, 0x0000, 0x0000, 0x0000, 0x0000,   // 0x0E20 (3616) pixels
0x0000, 0x0820, 0xABE1, 0xFE62, 0xFE02, 0xFDC2, 0xFDC2, 0xFDC2, 0xFDC2, 0xFDC2, 0xFDC2, 0xFDC2, 0xFDC2, 0xFDC2, 0xFDC2, 0xFDC2,   // 0x0E30 (3632) pixels
0xFDC2, 0xFDC2, 0xFDC2, 0xFDC2, 0xFDC2, 0xFDC2, 0xFDC2, 0xFDC2, 0xFDC2, 0xFDC2, 0xFDC2, 0xFDC2, 0xFDC2, 0xFDC2, 0xFDC2, 0xFDC2,   // 0x0E40 (3648) pixels
0xFDC2, 0xFDC2, 0xFDC2, 0xFDC2, 0xFDC2, 0xFDC2, 0xFDC2, 0xFDC2, 0xFDC2, 0xFDC2, 0xFDC2, 0xFDC2, 0xFDC2, 0xFDC2, 0xFDC2, 0xFDC2,   // 0x0E50 (3664) pixels
0xFDC2, 0xFDC2, 0xFDC2, 0xFDC2, 0xFDC2, 0xFDC2, 0xFDC2, 0xFDC2, 0xFDC2, 0xFDC2, 0xFDC1, 0xFE01, 0xFE20, 0xBCC6, 0x3AEF, 0x01B4,   // 0x0E60 (3680) pixels
0x01F3, 0x0A32, 0x0A32, 0x0A32, 0x0A32, 0x0A32, 0x0A32, 0x0A32, 0x0A32, 0x0A32, 0x0A53, 0x0A73, 0x1169, 0x0000, 0x0000, 0x0000,   // 0x0E70 (3696) pixels
0x0000, 0x0000, 0x0000, 0x0000, 0x0000, 0x0000, 0x0000, 0x0000, 0x0000, 0x0000, 0x9341, 0xFE42, 0xFE22, 0xFDE2, 0xFDC2, 0xFDC2,   // 0x0E80 (3712) pixels
0xFDC2, 0xFDC2, 0xFDC2, 0xFDC2, 0xFDC2, 0xFDC2, 0xFDC2, 0xFDC2, 0xFDC2, 0xFDC2, 0xFDC2, 0xFDC2, 0xFDC2, 0xFDC2, 0xFDC2, 0xFDC2,   // 0x0E90 (3728) pixels
0xFDC2, 0xFDC2, 0xFDC2, 0xFDC2, 0xFDC2, 0xFDC2, 0xFDC2, 0xFDC2, 0xFDC2, 0xFDC2, 0xFDC2, 0xFDC2, 0xFDC2, 0xFDC2, 0xFDC2, 0xFDC2,   // 0x0EA0 (3744) pixels
0xFDC2, 0xFDC2, 0xFDC2, 0xFDC2, 0xFDC2, 0xFDC2, 0xFDC2, 0xFDC2, 0xFDC2, 0xFDC2, 0xFDC2, 0xFDC2, 0xFDC2, 0xFDC1, 0xFDE1, 0xFE20,   // 0x0EB0 (3760) pixels
0xE544, 0x6BAB, 0x01F3, 0x01D3, 0x0212, 0x0A32, 0x0A32, 0x0A32, 0x0A32, 0x0A32, 0x0A32, 0x0A32, 0x0A32, 0x0A53, 0x0A74, 0x0A10,   // 0x0EC0 (3776) pixels
0x08E6, 0x0000, 0x0000, 0x0000, 0x0000, 0x0000, 0x0000, 0x0000, 0x0000, 0x0000, 0x0000, 0x0000, 0x0000, 0x0000, 0x0000, 0x0000,   // 0x0ED0 (3792) pixels
0x0000, 0x0000, 0x5A20, 0xDD02, 0xFE62, 0xFE02, 0xFDC2, 0xFDC2, 0xFDC2, 0xFDC2, 0xFDC2, 0xFDC2, 0xFDC2, 0xFDC2, 0xFDC2, 0xFDC2,   // 0x0EE0 (3808) pixels
0xFDC2, 0xFDC2, 0xFDC2, 0xFDC2, 0xFDC2, 0xFDC2, 0xFDC2, 0xFDC2, 0xFDC2, 0xFDC2, 0xFDC2, 0xFDC2, 0xFDC2, 0xFDC2, 0xFDC2, 0xFDC2,   // 0x0EF0 (3824) pixels
0xFDC2, 0xFDC2, 0xFDC2, 0xFDC2, 0xFDC2, 0xFDC2, 0xFDC2, 0xFDC2, 0xFDC2, 0xFDC2, 0xFDC2, 0xFDC2, 0xFDC2, 0xFDC2, 0xFDC2, 0xFDC2,   // 0x0F00 (3840) pixels
0xFDE1, 0xFE01, 0xFE20, 0xDD24, 0x7BCA, 0x0A31, 0x01B4, 0x01F3, 0x0212, 0x0A32, 0x0A32, 0x0A32, 0x0A32, 0x0A32, 0x0A32, 0x0A32,   // 0x0F10 (3856) pixels
0x0A53, 0x0A74, 0x0A53, 0x014A, 0x0021, 0x0000, 0x0000, 0x0000, 0x0000, 0x0000, 0x0000, 0x0000, 0x0000, 0x0000, 0x0000, 0x0000,   // 0x0F20 (3872) pixels
0x0000, 0x0000, 0x0000, 0x0000, 0x0000, 0x0000, 0x0000, 0x0000, 0x0000, 0x0000, 0x0840, 0x8301, 0xF582, 0xFE62, 0xFE02, 0xFDE2,   // 0x0F30 (3888) pixels
0xFDC2, 0xFDC2, 0xFDC2, 0xFDC2, 0xFDC2, 0xFDC2, 0xFDC2, 0xFDC2, 0xFDC2, 0xFDC2, 0xFDC2, 0xFDC2, 0xFDC2, 0xFDC2, 0xFDC2, 0xFDC2,   // 0x0F40 (3904) pixels
0xFDC2, 0xFDC2, 0xFDC2, 0xFDC2, 0xFDC2, 0xFDC2, 0xFDC2, 0xFDC2, 0xFDC2, 0xFDC2, 0xFDC2, 0xFDC2, 0xFDC2, 0xFDC2, 0xFDC2, 0xFDC2,   // 0x0F50 (3920) pixels
0xFDC2, 0xFDC1, 0xFDE1, 0xFE01, 0xFE20, 0xFDA2, 0xAC87, 0x534D, 0x0213, 0x01D4, 0x01F3, 0x0212, 0x0A32, 0x0A32, 0x0A32, 0x0A32,   // 0x0F60 (3936) pixels
0x0A32, 0x0A32, 0x0A33, 0x0A53, 0x0A74, 0x0A32, 0x014B, 0x0063, 0x0000, 0x0000, 0x0000, 0x0000, 0x0000, 0x0000, 0x0000, 0x0000,   // 0x0F70 (3952) pixels
0x0000, 0x0000, 0x0000, 0x0000, 0x0000, 0x0000, 0x0000, 0x0000, 0x0000, 0x0000, 0x0000, 0x0000, 0x0000, 0x0000, 0x0000, 0x0000,   // 0x0F80 (3968) pixels
0x0000, 0x0000, 0x0000, 0x1060, 0x7AC1, 0xD4C1, 0xFE62, 0xFE42, 0xFE02, 0xFDE2, 0xFDC2, 0xFDC2, 0xFDC2, 0xFDC2, 0xFDC2, 0xFDC2,   // 0x0F90 (3984) pixels
0xFDC2, 0xFDC2, 0xFDC2, 0xFDC2, 0xFDC2, 0xFDC2, 0xFDC2, 0xFDC2, 0xFDC2, 0xFDC2, 0xFDC2, 0xFDC2, 0xFDC2, 0xFDC2, 0xFDC2, 0xFDC2,   // 0x0FA0 (4000) pixels
0xFDC2, 0xFDC2, 0xFDE1, 0xFDE1, 0xFE01, 0xFE20, 0xFE00, 0xDD44, 0x9C48, 0x5B4D, 0x0A32, 0x01B4, 0x01D3, 0x01F3, 0x0212, 0x0A32,   // 0x0FB0 (4016) pixels
0x0A32, 0x0A32, 0x0A32, 0x0A32, 0x0A53, 0x0A53, 0x0A74, 0x0A53, 0x01AE, 0x00E8, 0x0042, 0x0000, 0x0000, 0x0000, 0x0000, 0x0000,   // 0x0FC0 (4032) pixels
0x0000, 0x0000, 0x0000, 0x0000, 0x0000, 0x0000, 0x0000, 0x0000, 0x0000, 0x0000, 0x0000, 0x0000, 0x0000, 0x0000, 0x0000, 0x0000,   // 0x0FD0 (4048) pixels
0x0000, 0x0000, 0x0000, 0x0000, 0x0000, 0x0000, 0x0000, 0x0000, 0x0000, 0x0000, 0x0000, 0x0000, 0x0000, 0x4180, 0x8B21, 0xDCE2,   // 0x0FE0 (4064) pixels
0xFE42, 0xFE42, 0xFE22, 0xFE02, 0xFDE2, 0xFDE1, 0xFDE1, 0xFDE1, 0xFDE1, 0xFDE1, 0xFDE1, 0xFDE1, 0xFDE1, 0xFDE1, 0xFDE1, 0xFDE1,   // 0x0FF0 (4080) pixels
0xFDE1, 0xFE01, 0xFE01, 0xFE00, 0xFE20, 0xFE20, 0xFDE1, 0xE544, 0xBCC6, 0x8C09, 0x534D, 0x1A71, 0x01D4, 0x01D4, 0x01F3, 0x01F3,   // 0x1000 (4096) pixels
0x0212, 0x0A32, 0x0A32, 0x0A32, 0x0A33, 0x0A53, 0x0A53, 0x0A74, 0x0A74, 0x09F0, 0x016B, 0x00C7, 0x0022, 0x0000, 0x0000, 0x0000,   // 0x1010 (4112) pixels
0x0000, 0x0000, 0x0000, 0x0000, 0x0000, 0x0000, 0x0000, 0x0000, 0x0000, 0x0000, 0x0000, 0x0000, 0x0000, 0x0000, 0x0000, 0x0000,   // 0x1020 (4128) pixels
0x0000, 0x0000, 0x0000, 0x0000, 0x0000, 0x0000, 0x0000, 0x0000, 0x0000, 0x0000, 0x0000, 0x0000, 0x0000, 0x0000, 0x0000, 0x0000,   // 0x1030 (4144) pixels
0x0000, 0x0000, 0x0000, 0x0000, 0x0000, 0x0000, 0x0000, 0x20C0, 0x6220, 0x9B82, 0xAC45, 0xACA8, 0xACC9, 0xACA9, 0xACA9, 0xACA9,   // 0x1040 (4160) pixels
0xACA8, 0xB4A8, 0xACA8, 0xA488, 0x9C69, 0x9429, 0x83EA, 0x6B8C, 0x534D, 0x3AEF, 0x1A71, 0x01F3, 0x01B4, 0x01D4, 0x01D3, 0x01F3,   // 0x1050 (4176) pixels
0x0213, 0x0233, 0x0A33, 0x0A53, 0x0A53, 0x0A53, 0x0A54, 0x0A74, 0x0A74, 0x0A10, 0x09AC, 0x0929, 0x00A5, 0x0021, 0x0000, 0x0000,   // 0x1060 (4192) pixels
0x0000, 0x0000, 0x0000, 0x0000, 0x0000, 0x0000, 0x0000, 0x0000, 0x0000, 0x0000, 0x0000, 0x0000, 0x0000, 0x0000, 0x0000, 0x0000,   // 0x1070 (4208) pixels
0x0000, 0x0000, 0x0000, 0x0000, 0x0000, 0x0000, 0x0000, 0x0000, 0x0000, 0x0000, 0x0000, 0x0000, 0x0000, 0x0000, 0x0000, 0x0000,   // 0x1080 (4224) pixels
0x0000, 0x0000, 0x0000, 0x0000, 0x0000, 0x0000, 0x0000, 0x0000, 0x0000, 0x0000, 0x0000, 0x0000, 0x0000, 0x0000, 0x0000, 0x0000,   // 0x1090 (4240) pixels
0x0000, 0x0000, 0x0000, 0x0002, 0x0045, 0x0087, 0x00C9, 0x00EB, 0x012C, 0x016E, 0x018F, 0x01B0, 0x01B1, 0x01F1, 0x0212, 0x0212,   // 0x10A0 (4256) pixels
0x0A12, 0x0A32, 0x0A11, 0x0A11, 0x09F0, 0x09CF, 0x01AE, 0x018D, 0x016B, 0x012A, 0x00E8, 0x00A5, 0x0063, 0x0021, 0x0000, 0x0000,   // 0x10B0 (4272) pixels
0x0000, 0x0000, 0x0000, 0x0000, 0x0000, 0x0000, 0x0000, 0x0000, 0x0000, 0x0000, 0x0000, 0x0000, 0x0000, 0x0000, 0x0000, 0x0000,   // 0x10C0 (4288) pixels
0x0000, 0x0000, 0x0000, 0x0000, 0x0000, 0x0000, 0x0000, 0x0000, 0x0000, 0x0000, 0x0000, 0x0000
};

static const uint16_t logo_total[STATION_LOGO_W * STATION_LOGO_H] PROGMEM = {
0x0000, 0x0000, 0x0000, 0x0000, 0x0000, 0x0000, 0x0000, 0x0000, 0x0000, 0x0000, 0x0000, 0x0000, 0x0000, 0x0000, 0x0000, 0x0000,   // 0x0010 (16) pixels
0x0000, 0x0000, 0x0000, 0x0000, 0x0000, 0x0000, 0x0000, 0x0000, 0x0000, 0x0000, 0x0000, 0x0000, 0x0000, 0x0000, 0x0000, 0x0000,   // 0x0020 (32) pixels
0x0000, 0x0000, 0x0000, 0x0000, 0x0000, 0x0000, 0x0000, 0x0000, 0x0000, 0x0000, 0x0000, 0x0000, 0x0000, 0x0000, 0x0000, 0x0000,   // 0x0030 (48) pixels
0x0000, 0x0000, 0x0000, 0x0000, 0x0000, 0x0000, 0x0000, 0x0000, 0x0000, 0x0000, 0x0000, 0x0000, 0x0000, 0x0000, 0x0000, 0x0000,   // 0x0040 (64) pixels
0x0000, 0x0000, 0x0000, 0x0000, 0x0000, 0x0000, 0x0000, 0x0000, 0x0000, 0x0000, 0x0000, 0x0000, 0x0000, 0x0000, 0x0000, 0x0000,   // 0x0050 (80) pixels
0x0000, 0x0000, 0x0000, 0x0000, 0x0000, 0x0000, 0x0000, 0x0000, 0x0000, 0x0000, 0x0000, 0x0000, 0x0000, 0x0000, 0x0000, 0x0000,   // 0x0060 (96) pixels
0x0000, 0x0000, 0x0000, 0x0000, 0x0000, 0x0000, 0x0000, 0x0000, 0x0000, 0x0000, 0x0000, 0x0000, 0x0000, 0x0000, 0x0000, 0x0000,   // 0x0070 (112) pixels
0x0000, 0x0000, 0x0000, 0x0000, 0x0000, 0x0000, 0x0000, 0x0000, 0x0000, 0x0000, 0x0000, 0x0000, 0x0000, 0x0000, 0x0000, 0x0000,   // 0x0080 (128) pixels
0x0000, 0x0000, 0x0000, 0x0000, 0x0000, 0x0000, 0x0000, 0x0000, 0x0000, 0x0000, 0x0000, 0x0000, 0x0000, 0x0000, 0x0000, 0x0000,   // 0x0090 (144) pixels
0x0000, 0x0000, 0x0000, 0x0000, 0x0000, 0x0000, 0x0000, 0x0000, 0x0000, 0x0000, 0x0000, 0x0000, 0x0000, 0x0000, 0x0000, 0x0000,   // 0x00A0 (160) pixels
0x0000, 0x0000, 0x0000, 0x0000, 0x0000, 0x0000, 0x0000, 0x0000, 0x0000, 0x0000, 0x0000, 0x0000, 0x0000, 0x0000, 0x0000, 0x0000,   // 0x00B0 (176) pixels
0x0000, 0x0000, 0x0000, 0x0000, 0x0000, 0x0000, 0x0000, 0x0000, 0x0000, 0x0000, 0x0000, 0x0000, 0x0000, 0x0000, 0x0000, 0x0000,   // 0x00C0 (192) pixels
0x0000, 0x0000, 0x0000, 0x0000, 0x0000, 0x0000, 0x0000, 0x0000, 0x0000, 0x0000, 0x0000, 0x0000, 0x0000, 0x0000, 0x0000, 0x0000,   // 0x00D0 (208) pixels
0x0000, 0x0000, 0x0000, 0x0000, 0x0000, 0x0000, 0x0000, 0x0000, 0x0000, 0x0000, 0x0000, 0x0000, 0x0000, 0x0000, 0x0000, 0x0000,   // 0x00E0 (224) pixels
0x0000, 0x0000, 0x0000, 0x0000, 0x0000, 0x0000, 0x0000, 0x0000, 0x0000, 0x0000, 0x0000, 0x0000, 0x0000, 0x0000, 0x0000, 0x0000,   // 0x00F0 (240) pixels
0x0000, 0x0000, 0x0000, 0x0000, 0x0000, 0x0000, 0x0000, 0x0000, 0x0000, 0x0000, 0x0000, 0x0000, 0x0000, 0x0000, 0x0000, 0x0000,   // 0x0100 (256) pixels
0x0000, 0x0000, 0x0000, 0x0000, 0x0000, 0x0000, 0x0000, 0x0000, 0x0000, 0x0000, 0x0000, 0x0000, 0x0000, 0x0000, 0x0000, 0x0000,   // 0x0110 (272) pixels
0x0000, 0x0000, 0x0000, 0x0000, 0x0000, 0x0000, 0x0000, 0x0000, 0x0000, 0x0000, 0x0000, 0x0000, 0x0000, 0x0000, 0x0000, 0x0000,   // 0x0120 (288) pixels
0x0000, 0x0000, 0x0000, 0x0000, 0x0000, 0x0000, 0x0000, 0x0000, 0x0000, 0x0000, 0x0000, 0x0000, 0x0000, 0x0000, 0x0000, 0x0000,   // 0x0130 (304) pixels
0x0000, 0x0000, 0x0000, 0x0000, 0x0000, 0x0000, 0x0000, 0x0000, 0x0000, 0x0000, 0x0000, 0x0000, 0x0000, 0x0000, 0x0000, 0x0000,   // 0x0140 (320) pixels
0x0000, 0x0000, 0x0000, 0x0000, 0x0000, 0x0000, 0x0000, 0x0000, 0x0000, 0x0000, 0x0000, 0x0000, 0x0000, 0x0000, 0x0000, 0x0000,   // 0x0150 (336) pixels
0x0000, 0x0000, 0x0000, 0x0000, 0x0000, 0x0000, 0x0000, 0x0000, 0x0000, 0x0000, 0x0000, 0x0000, 0x0000, 0x0000, 0x0000, 0x0000,   // 0x0160 (352) pixels
0x0000, 0x0000, 0x0000, 0x0000, 0x0000, 0x0000, 0x0000, 0x0000, 0x0000, 0x0000, 0x0000, 0x0000, 0x0000, 0x0000, 0x0000, 0x0000,   // 0x0170 (368) pixels
0x0000, 0x0000, 0x0000, 0x0000, 0x0000, 0x0000, 0x0000, 0x0000, 0x0000, 0x0000, 0x0000, 0x0000, 0x0000, 0x0000, 0x0000, 0x0000,   // 0x0180 (384) pixels
0x0000, 0x0000, 0x0000, 0x0000, 0x0000, 0x0000, 0x0000, 0x0000, 0x0000, 0x0000, 0x0000, 0x0000, 0x0000, 0x0000, 0x0000, 0x0000,   // 0x0190 (400) pixels
0x0000, 0x0000, 0x0000, 0x0000, 0x0000, 0x0000, 0x0000, 0x0000, 0x0000, 0x0000, 0x0000, 0x0000, 0x0000, 0x0000, 0x0000, 0x0000,   // 0x01A0 (416) pixels
0x0000, 0x0000, 0x0000, 0x0000, 0x0000, 0x0000, 0x0000, 0x0000, 0x0000, 0x0000, 0x0000, 0x0000, 0x0000, 0x0000, 0x0000, 0x0000,   // 0x01B0 (432) pixels
0x0000, 0x0000, 0x0000, 0x0000, 0x0000, 0x0000, 0x0000, 0x0000, 0x0000, 0x0000, 0x0000, 0x0000, 0x0000, 0x0000, 0x0000, 0x0000,   // 0x01C0 (448) pixels
0x0000, 0x0000, 0x0000, 0x0000, 0x0000, 0x0000, 0x0000, 0x0000, 0x0000, 0x0000, 0x0000, 0x0000, 0x0000, 0x0000, 0x0000, 0x0000,   // 0x01D0 (464) pixels
0x0000, 0x0000, 0x0000, 0x0000, 0x0000, 0x0000, 0x0000, 0x0000, 0x0000, 0x0000, 0x0000, 0x0000, 0x0000, 0x0000, 0x0000, 0x0000,   // 0x01E0 (480) pixels
0x0000, 0x0000, 0x0000, 0x0000, 0x0000, 0x0000, 0x0000, 0x0000, 0x0000, 0x0000, 0x0000, 0x0000, 0x0000, 0x0000, 0x0000, 0x0000,   // 0x01F0 (496) pixels
0x0000, 0x0000, 0x0000, 0x0000, 0x0000, 0x0000, 0x0000, 0x0000, 0x0000, 0x0000, 0x0000, 0x0000, 0x0000, 0x0000, 0x0000, 0x0000,   // 0x0200 (512) pixels
0x0000, 0x0000, 0x0000, 0x0000, 0x0000, 0x0000, 0x0000, 0x0000, 0x0000, 0x0000, 0x0000, 0x0000, 0x0000, 0x0000, 0x0000, 0x0000,   // 0x0210 (528) pixels
0x0000, 0x0000, 0x0000, 0x0000, 0x0000, 0x0000, 0x0000, 0x0000, 0x0000, 0x0000, 0x0000, 0x0000, 0x0000, 0x0000, 0x0000, 0x0000,   // 0x0220 (544) pixels
0x0000, 0x0000, 0x0000, 0x0000, 0x0000, 0x0000, 0x0000, 0x0000, 0x0000, 0x0000, 0x0000, 0x0000, 0x0000, 0x0000, 0x0000, 0x0000,   // 0x0230 (560) pixels
0x0000, 0x0000, 0x0000, 0x0000, 0x0000, 0x0000, 0x0000, 0x0000, 0x0000, 0x0000, 0x0000, 0x0000, 0x0000, 0x0000, 0x0000, 0x0000,   // 0x0240 (576) pixels
0x0000, 0x0000, 0x0000, 0x0000, 0x0000, 0x0000, 0x0000, 0x0000, 0x0000, 0x0000, 0x0000, 0x0000, 0x0000, 0x0000, 0x0000, 0x0000,   // 0x0250 (592) pixels
0x0000, 0x0000, 0x0000, 0x0000, 0x0000, 0x0000, 0x0000, 0x0000, 0x0000, 0x0000, 0x0000, 0x0000, 0x0000, 0x0000, 0x0000, 0x0000,   // 0x0260 (608) pixels
0x0000, 0x0000, 0x0000, 0x0000, 0x0000, 0x0000, 0x0000, 0x0000, 0x0000, 0x0000, 0x0000, 0x0000, 0x0000, 0x0000, 0x0000, 0x0000,   // 0x0270 (624) pixels
0x0000, 0x0000, 0x0000, 0x0000, 0x0000, 0x0000, 0x0000, 0x0000, 0x0000, 0x0000, 0x0000, 0x0000, 0x0000, 0x0000, 0x0000, 0x0000,   // 0x0280 (640) pixels
0x0000, 0x0000, 0x0000, 0x0000, 0x0000, 0x0000, 0x0000, 0x0000, 0x0000, 0x0000, 0x0000, 0x0000, 0x0000, 0x0000, 0x0000, 0x0000,   // 0x0290 (656) pixels
0x0000, 0x0000, 0x0000, 0x0000, 0x0000, 0x0000, 0x0000, 0x0000, 0x0000, 0x0000, 0x0000, 0x0000, 0x0000, 0x0000, 0x0000, 0x0000,   // 0x02A0 (672) pixels
0x0000, 0x0000, 0x0000, 0x0000, 0x0000, 0x0000, 0x0000, 0x0000, 0x0000, 0x0000, 0x0000, 0x0000, 0x0000, 0x0000, 0x0000, 0x0000,   // 0x02B0 (688) pixels
0x0000, 0x0000, 0x0000, 0x0000, 0x0000, 0x0000, 0x0000, 0x0000, 0x0000, 0x0000, 0x0000, 0x0000, 0x0000, 0x0000, 0x0000, 0x0000,   // 0x02C0 (704) pixels
0x0000, 0x0000, 0x0000, 0x0000, 0x0000, 0x0000, 0x0000, 0x0000, 0x0000, 0x0000, 0x0000, 0x0000, 0x0000, 0x0000, 0x0000, 0x0000,   // 0x02D0 (720) pixels
0x0000, 0x0000, 0x0000, 0x0000, 0x0000, 0x0000, 0x0000, 0x0000, 0x0000, 0x0000, 0x0000, 0x0000, 0x0000, 0x0000, 0x0000, 0x0000,   // 0x02E0 (736) pixels
0x0000, 0x0000, 0x0000, 0x0000, 0x0000, 0x0000, 0x0000, 0x0000, 0x0000, 0x0000, 0x0000, 0x0000, 0x0000, 0x0000, 0x0000, 0x0000,   // 0x02F0 (752) pixels
0x0000, 0x0000, 0x0000, 0x0000, 0x0000, 0x0000, 0x0000, 0x0000, 0x0000, 0x0000, 0x0000, 0x0000, 0x0000, 0x0000, 0x0000, 0x0000,   // 0x0300 (768) pixels
0x0000, 0x0000, 0x0000, 0x0000, 0x0000, 0x0000, 0x0000, 0x0000, 0x0000, 0x0000, 0x0000, 0x0000, 0x0000, 0x0000, 0x0000, 0x0000,   // 0x0310 (784) pixels
0x0000, 0x0000, 0x0000, 0x0000, 0x0000, 0x0000, 0x0000, 0x0000, 0x0000, 0x0000, 0x0000, 0x0000, 0x0000, 0x0000, 0x0000, 0x0000,   // 0x0320 (800) pixels
0x0000, 0x0000, 0x0000, 0x0000, 0x0000, 0x0000, 0x0000, 0x0000, 0x0000, 0x0000, 0x0000, 0x0000, 0x0000, 0x0000, 0x0000, 0x0000,   // 0x0330 (816) pixels
0x0000, 0x0000, 0x0000, 0x0000, 0x0000, 0x0000, 0x0000, 0x0000, 0x0000, 0x0000, 0x0000, 0x0000, 0x0000, 0x0000, 0x0000, 0x0000,   // 0x0340 (832) pixels
0x0000, 0x0000, 0x0000, 0x0000, 0x0000, 0x0000, 0x0000, 0x0000, 0x0000, 0x0000, 0x0000, 0x0000, 0x0000, 0x0000, 0x0000, 0x0000,   // 0x0350 (848) pixels
0x0000, 0x0000, 0x0000, 0x0000, 0x0000, 0x0000, 0x0000, 0x0000, 0x0000, 0x0000, 0x0000, 0x0000, 0x0000, 0x0000, 0x0000, 0x0000,   // 0x0360 (864) pixels
0x0000, 0x0000, 0x0000, 0x0000, 0x0000, 0x0000, 0x0000, 0x0000, 0x0000, 0x0000, 0x0000, 0x0000, 0x0000, 0x0000, 0x0000, 0x0000,   // 0x0370 (880) pixels
0x0000, 0x0000, 0x0000, 0x0000, 0x0000, 0x0000, 0x0000, 0x0000, 0x0000, 0x0000, 0x0000, 0x0000, 0x0000, 0x0000, 0x0000, 0x0000,   // 0x0380 (896) pixels
0x0000, 0x0000, 0x0000, 0x0000, 0x0000, 0x0000, 0x0000, 0x0000, 0x0000, 0x0000, 0x0000, 0x0000, 0x0000, 0x0000, 0x0000, 0x0000,   // 0x0390 (912) pixels
0x0000, 0x0000, 0x0000, 0x0000, 0x0000, 0x0000, 0x0000, 0x0000, 0x0000, 0x0000, 0x0000, 0x0000, 0x0000, 0x0000, 0x0000, 0x0000,   // 0x03A0 (928) pixels
0x0000, 0x0000, 0x0000, 0x0000, 0x0000, 0x0000, 0x0000, 0x0000, 0x0000, 0x0000, 0x0000, 0x0000, 0x0000, 0x0000, 0x0000, 0x0000,   // 0x03B0 (944) pixels
0x0000, 0x0000, 0x0000, 0x0000, 0x0000, 0x0000, 0x0000, 0x0000, 0x0000, 0x0000, 0x0000, 0x0000, 0x0000, 0x0000, 0x0000, 0x0000,   // 0x03C0 (960) pixels
0x0000, 0x0000, 0x0000, 0x0000, 0x0000, 0x0000, 0x0000, 0x0000, 0x0000, 0x0000, 0x0000, 0x0000, 0x0000, 0x0000, 0x0000, 0x0000,   // 0x03D0 (976) pixels
0x0000, 0x0000, 0x0000, 0x0000, 0x0000, 0x0000, 0x0000, 0x0000, 0x0000, 0x0000, 0x0000, 0x0000, 0x0000, 0x0000, 0x0000, 0x0000,   // 0x03E0 (992) pixels
0x0000, 0x0000, 0x0000, 0x0000, 0x0000, 0x0000, 0x0000, 0x0000, 0x0000, 0x0000, 0x0000, 0x0000, 0x0000, 0x0000, 0x0000, 0x0000,   // 0x03F0 (1008) pixels
0x0000, 0x0000, 0x0000, 0x0000, 0x0000, 0x0000, 0x0000, 0x0000, 0x0000, 0x0000, 0x0000, 0x0000, 0x0000, 0x0000, 0x0000, 0x0000,   // 0x0400 (1024) pixels
0x0000, 0x0000, 0x0000, 0x0000, 0x0000, 0x0000, 0x0000, 0x0000, 0x0000, 0x0000, 0x0000, 0x0000, 0x0000, 0x0000, 0x0000, 0x0000,   // 0x0410 (1040) pixels
0x0000, 0x0000, 0x0000, 0x0000, 0x0000, 0x0000, 0x0000, 0x0000, 0x0000, 0x0000, 0x0000, 0x0000, 0x0000, 0x0000, 0x0000, 0x0000,   // 0x0420 (1056) pixels
0x0000, 0x0000, 0x0000, 0x0000, 0x0000, 0x0000, 0x0000, 0x0000, 0x0000, 0x0000, 0x0000, 0x0000, 0x0000, 0x0000, 0x0000, 0x0000,   // 0x0430 (1072) pixels
0x0000, 0x0000, 0x0000, 0x0000, 0x0000, 0x0000, 0x0000, 0x0000, 0x0000, 0x0000, 0x0000, 0x0000, 0x0000, 0x0000, 0x0000, 0x0000,   // 0x0440 (1088) pixels
0x0000, 0x0000, 0x0000, 0x0000, 0x0000, 0x0000, 0x0000, 0x0000, 0x0000, 0x0000, 0x0000, 0x0000, 0x0000, 0x0000, 0x0000, 0x0000,   // 0x0450 (1104) pixels
0x0000, 0x0000, 0x0000, 0x0000, 0x0000, 0x0000, 0x0000, 0x0000, 0x0000, 0x0000, 0x0000, 0x0000, 0x0000, 0x0000, 0x0000, 0x0000,   // 0x0460 (1120) pixels
0x0000, 0x0000, 0x0000, 0x0000, 0x0000, 0x0000, 0x0000, 0x0000, 0x0000, 0x0000, 0x0000, 0x0000, 0x0000, 0x0000, 0x0000, 0x0000,   // 0x0470 (1136) pixels
0x0000, 0x0000, 0x0000, 0x0000, 0x0000, 0x0000, 0x0000, 0x0000, 0x0000, 0x0000, 0x0000, 0x0000, 0x0000, 0x0000, 0x0000, 0x0000,   // 0x0480 (1152) pixels
0x0000, 0x0000, 0x0000, 0x0000, 0x0000, 0x0000, 0x0000, 0x0000, 0x0000, 0x0000, 0x0000, 0x0000, 0x0000, 0x0000, 0x0000, 0x0000,   // 0x0490 (1168) pixels
0x0000, 0x0000, 0x0000, 0x0000, 0x0000, 0x0000, 0x0000, 0x0000, 0x0000, 0x0000, 0x0000, 0x0000, 0x0000, 0x0000, 0x0000, 0x0000,   // 0x04A0 (1184) pixels
0x0000, 0x0000, 0x0000, 0x0000, 0x0000, 0x0000, 0x0000, 0x0000, 0x0000, 0x0000, 0x0000, 0x0000, 0x0000, 0x0000, 0x0000, 0x0000,   // 0x04B0 (1200) pixels
0x0000, 0x0000, 0x0000, 0x0000, 0x0000, 0x0000, 0x0000, 0x0000, 0x0000, 0x0000, 0x0000, 0x0000, 0x0000, 0x0000, 0x0000, 0x0000,   // 0x04C0 (1216) pixels
0x0000, 0x0000, 0x0000, 0x0000, 0x0000, 0x0000, 0x0000, 0x0000, 0x0000, 0x0000, 0x0000, 0x0000, 0x0000, 0x0000, 0x0000, 0x00C6,   // 0x04D0 (1232) pixels
0x0210, 0x02D8, 0x037D, 0x039F, 0x037F, 0x035F, 0x02FF, 0x0239, 0x0170, 0x0043, 0x0000, 0x0000, 0x0000, 0x0000, 0x0000, 0x0000,   // 0x04E0 (1248) pixels
0x0000, 0x0000, 0x0000, 0x0000, 0x0000, 0x0000, 0x0000, 0x0000, 0x0000, 0x0000, 0x0000, 0x0000, 0x0000, 0x0000, 0x0000, 0x0000,   // 0x04F0 (1264) pixels
0x0000, 0x0000, 0x0000, 0x0000, 0x0000, 0x0000, 0x0000, 0x0000, 0x0000, 0x0000, 0x0000, 0x0000, 0x0000, 0x0000, 0x0000, 0x0000,   // 0x0500 (1280) pixels
0x0000, 0x0000, 0x0000, 0x0000, 0x0000, 0x0000, 0x0000, 0x0000, 0x0000, 0x0000, 0x0000, 0x0000, 0x0000, 0x0000, 0x0000, 0x0000,   // 0x0510 (1296) pixels
0x0000, 0x0000, 0x0000, 0x0000, 0x0000, 0x0000, 0x0000, 0x0000, 0x0000, 0x0000, 0x0000, 0x0000, 0x0000, 0x0000, 0x0000, 0x0000,   // 0x0520 (1312) pixels
0x0000, 0x0000, 0x0000, 0x020F, 0x047F, 0x049F, 0x043F, 0x03FF, 0x03BF, 0x039F, 0x035F, 0x033F, 0x031F, 0x02FF, 0x02DF, 0x02FF,   // 0x0530 (1328) pixels
0x025B, 0x0022, 0x0000, 0x0000, 0x0000, 0x0000, 0x0000, 0x0000, 0x0000, 0x0000, 0x0000, 0x0000, 0x0000, 0x0000, 0x0000, 0x0000,   // 0x0540 (1344) pixels
0x0000, 0x0000, 0x0000, 0x0000, 0x0000, 0x0000, 0x0000, 0x0000, 0x0000, 0x0000, 0x0000, 0x0000, 0x0000, 0x0000, 0x0000, 0x0000,   // 0x0550 (1360) pixels
0x0000, 0x0000, 0x0000, 0x0000, 0x0000, 0x0000, 0x0000, 0x0000, 0x0000, 0x0000, 0x0000, 0x0000, 0x0000, 0x0000, 0x0000, 0x0000,   // 0x0560 (1376) pixels
0x0000, 0x0000, 0x0000, 0x0000, 0x0000, 0x0000, 0x0000, 0x0000, 0x0000, 0x0000, 0x0000, 0x0000, 0x0000, 0x0000, 0x0000, 0x0000,   // 0x0570 (1392) pixels
0x0000, 0x0000, 0x0000, 0x0000, 0x0000, 0x0000, 0x0000, 0x00A5, 0x047F, 0x049F, 0x045F, 0x043F, 0x03FF, 0x03BF, 0x03BF, 0x037F,   // 0x0580 (1408) pixels
0x033F, 0x031F, 0x02FF, 0x02DF, 0x029F, 0x02BF, 0x02BF, 0x031F, 0x00C9, 0x0000, 0x0000, 0x0000, 0x0000, 0x0000, 0x0000, 0x0000,   // 0x0590 (1424) pixels
0x0000, 0x0000, 0x0000, 0x0000, 0x0000, 0x0000, 0x0000, 0x0000, 0x0000, 0x0000, 0x0000, 0x0000, 0x0000, 0x0000, 0x0000, 0x0000,   // 0x05A0 (1440) pixels
0x0000, 0x0000, 0x0000, 0x0000, 0x0000, 0x0000, 0x0000, 0x0000, 0x0000, 0x0000, 0x0000, 0x0000, 0x0000, 0x0000, 0x0000, 0x0000,   // 0x05B0 (1456) pixels
0x0000, 0x0000, 0x0000, 0x0000, 0x0000, 0x0000, 0x0000, 0x0000, 0x0000, 0x0000, 0x0000, 0x0000, 0x0000, 0x0000, 0x0000, 0x0000,   // 0x05C0 (1472) pixels
0x0000, 0x0000, 0x0000, 0x0000, 0x0000, 0x0000, 0x0000, 0x0000, 0x0000, 0x0000, 0x0000, 0x0000, 0x016A, 0x04DF, 0x045F, 0x045F,   // 0x05D0 (1488) pixels
0x045F, 0x043F, 0x03FF, 0x03BF, 0x03BF, 0x039F, 0x035F, 0x031F, 0x02FF, 0x02DF, 0x029F, 0x02BF, 0x02BF, 0x02BF, 0x031F, 0x0043,   // 0x05E0 (1504) pixels
0x0000, 0x0000, 0x0000, 0x0000, 0x0000, 0x0000, 0x0000, 0x0000, 0x0000, 0x0000, 0x0000, 0x0000, 0x0000, 0x0000, 0x0000, 0x0000,   // 0x05F0 (1520) pixels
0x0000, 0x0000, 0x0000, 0x0000, 0x0000, 0x0000, 0x0000, 0x0000, 0x0000, 0x0000, 0x0000, 0x0000, 0x0000, 0x0000, 0x0000, 0x0000,   // 0x0600 (1536) pixels
0x0000, 0x0000, 0x0000, 0x0000, 0x0000, 0x0000, 0x0000, 0x0000, 0x0000, 0x0000, 0x0000, 0x0000, 0x0000, 0x2000, 0xF800, 0xF800,   // 0x0610 (1552) pixels
0xF800, 0xF800, 0xD800, 0xA000, 0x6800, 0x3000, 0x0000, 0x0000, 0x0000, 0x0000, 0x0000, 0x0000, 0x0000, 0x0000, 0x0000, 0x0000,   // 0x0620 (1568) pixels
0x0000, 0x0128, 0x04DF, 0x045F, 0x045F, 0x045F, 0x045F, 0x043F, 0x043F, 0x043F, 0x03DF, 0x035E, 0x033F, 0x037F, 0x035F, 0x02FF,   // 0x0630 (1584) pixels
0x02BF, 0x02BF, 0x02BF, 0x02BF, 0x02BF, 0x0219, 0x0000, 0x0000, 0x0000, 0x0000, 0x0000, 0x0000, 0x0000, 0x0000, 0x0000, 0x0000,   // 0x0640 (1600) pixels
0x0000, 0x0000, 0x0000, 0x0000, 0x0000, 0x0000, 0x0000, 0x0000, 0x0000, 0x0000, 0x0000, 0x0000, 0x0000, 0x0000, 0x0000, 0x0000,   // 0x0650 (1616) pixels
0x0000, 0x0000, 0x0000, 0x0000, 0x0000, 0x0000, 0x0000, 0x0000, 0x0000, 0x0000, 0x0000, 0x0000, 0x0000, 0x0000, 0x0000, 0x0000,   // 0x0660 (1632) pixels
0x0000, 0x0000, 0x0000, 0xF800, 0xF800, 0xF800, 0xF800, 0xF800, 0xF800, 0xF800, 0xF800, 0xF800, 0xF800, 0xF800, 0xC000, 0x8000,   // 0x0670 (1648) pixels
0x4800, 0x0800, 0x0000, 0x0000, 0x0000, 0x0000, 0x0021, 0x04DF, 0x045F, 0x045F, 0x045F, 0x045F, 0x04BF, 0x03BC, 0x014A, 0x0000,   // 0x0680 (1664) pixels
0x0000, 0x0000, 0x0000, 0x0000, 0x0042, 0x012D, 0x029F, 0x02BF, 0x02BF, 0x02BF, 0x02BF, 0x02FF, 0x0000, 0x0000, 0x0000, 0x0000,   // 0x0690 (1680) pixels
0x0000, 0x0000, 0x0000, 0x0000, 0x0000, 0x0000, 0x0000, 0x0000, 0x0000, 0x0000, 0x0000, 0x0000, 0x0000, 0x0000, 0x0000, 0x0000,   // 0x06A0 (1696) pixels
0x0000, 0x0000, 0x0000, 0x0000, 0x0000, 0x0000, 0x0000, 0x0000, 0x0000, 0x0000, 0x0000, 0x0000, 0x0000, 0x0000, 0x0000, 0x0000,   // 0x06B0 (1712) pixels
0x0000, 0x0000, 0x0000, 0x0000, 0x0000, 0x0000, 0x0000, 0x0000, 0x4000, 0xF800, 0xF800, 0xF800, 0xF800, 0xF800, 0xF800, 0xF800,   // 0x06C0 (1728) pixels
0xF800, 0xF800, 0xF800, 0xF800, 0xF800, 0xF800, 0xF800, 0xF800, 0xF800, 0xD800, 0x9800, 0x6800, 0x3A72, 0x0C5F, 0x04DF, 0x04BF,   // 0x06D0 (1744) pixels
0x04BF, 0x04BF, 0x0128, 0x0000, 0x0000, 0x0000, 0x0000, 0x0000, 0x0000, 0x0000, 0x0000, 0x0000, 0x0000, 0x027D, 0x02BF, 0x02BF,   // 0x06E0 (1760) pixels
0x02BF, 0x02FF, 0x0021, 0x0000, 0x0000, 0x0000, 0x0000, 0x0000, 0x0000, 0x0000, 0x0000, 0x0000, 0x0000, 0x0000, 0x0000, 0x0000,   // 0x06F0 (1776) pixels
0x0000, 0x0000, 0x0000, 0x0000, 0x0000, 0x0000, 0x0000, 0x0000, 0x0000, 0x0000, 0x0000, 0x0000, 0x0000, 0x0000, 0x0000, 0x0000,   // 0x0700 (1792) pixels
0x0000, 0x0000, 0x0000, 0x0000, 0x0000, 0x0000, 0x0000, 0x0000, 0x0000, 0x0000, 0x0000, 0x0000, 0x0000, 0x0000, 0x3800, 0xF800,   // 0x0710 (1808) pixels
0xF800, 0xF800, 0xF800, 0xF800, 0xF800, 0xF800, 0xF800, 0xF800, 0xF800, 0xF800, 0xF800, 0xF800, 0xF800, 0xF800, 0xF800, 0xF800,   // 0x0720 (1824) pixels
0xF800, 0xF800, 0xF800, 0xF800, 0xF800, 0xF021, 0xC907, 0xA084, 0x7800, 0x5000, 0x3001, 0x1800, 0x0000, 0x0000, 0x0000, 0x0000,   // 0x0730 (1840) pixels
0x1002, 0x2846, 0x38EE, 0x4A5F, 0x129F, 0x02BF, 0x02BF, 0x02FF, 0x0000, 0x5800, 0xE800, 0xC000, 0xE800, 0x5000, 0x0000, 0x0000,   // 0x0740 (1856) pixels
0x0800, 0xA000, 0x0000, 0x0000, 0x0000, 0x0000, 0x0000, 0x4000, 0x5000, 0xB000, 0xE800, 0xF800, 0x2800, 0x0000, 0x0000, 0x0000,   // 0x0750 (1872) pixels
0x0000, 0x0000, 0x0000, 0x0000, 0x0000, 0x0000, 0x0000, 0x0000, 0x0000, 0x0000, 0x0000, 0xF800, 0x0000, 0x0000, 0x0000, 0x0000,   // 0x0760 (1888) pixels
0x0000, 0x0000, 0x0000, 0x0000, 0x0000, 0xF800, 0xF800, 0xF800, 0xF800, 0xF800, 0xF800, 0xF800, 0xF800, 0xF800, 0xF800, 0xF800,   // 0x0770 (1904) pixels
0xF800, 0xF800, 0xF800, 0xF800, 0xF800, 0xF800, 0xF800, 0xF800, 0xF800, 0xF800, 0xF800, 0xF800, 0xF800, 0xF800, 0xF800, 0xF801,   // 0x0780 (1920) pixels
0xF805, 0xF809, 0xF84D, 0xF891, 0xF8D4, 0xF0F7, 0xD95B, 0xC17D, 0xB19D, 0x999C, 0x71FE, 0x423F, 0x129F, 0x029F, 0x0000, 0x0000,   // 0x0790 (1936) pixels
0x0000, 0xF800, 0x0000, 0x4800, 0xC000, 0x3000, 0x6800, 0xF800, 0xB800, 0x0000, 0x9800, 0x9800, 0x7000, 0x6000, 0x8000, 0xF000,   // 0x07A0 (1952) pixels
0x1800, 0x0000, 0x0000, 0x9800, 0xC000, 0x7800, 0x0000, 0x5000, 0xD000, 0x3800, 0x2800, 0x8800, 0xB000, 0x1000, 0xA800, 0x8000,   // 0x07B0 (1968) pixels
0x2000, 0x6800, 0x0000, 0x8800, 0xC800, 0x0800, 0x3800, 0xD000, 0xA000, 0x0000, 0x0000, 0x0000, 0xA800, 0xE800, 0xF800, 0xF800,   // 0x07C0 (1984) pixels
0xF800, 0xF800, 0xF800, 0xF800, 0xF800, 0xF800, 0xF800, 0xF800, 0xF800, 0xF800, 0xF800, 0xF800, 0xF800, 0xF800, 0xF800, 0xF800,   // 0x07D0 (2000) pixels
0xF800, 0xF800, 0xF800, 0xF800, 0xF800, 0xF801, 0xF804, 0xF808, 0xF82C, 0xF86F, 0xE8B2, 0xD8F5, 0xC138, 0xB15B, 0xB15B, 0xB15B,   // 0x07E0 (2016) pixels
0xB17B, 0x999C, 0x823F, 0x18CB, 0x0000, 0x0000, 0x0000, 0xF800, 0x0000, 0xF800, 0x2800, 0xF800, 0x3800, 0xE000, 0x0000, 0xA000,   // 0x07F0 (2032) pixels
0xB000, 0x6000, 0xF800, 0x5000, 0x7800, 0xD800, 0xF800, 0xF800, 0x0000, 0xF800, 0x0000, 0xF800, 0x3000, 0xF800, 0x5800, 0xF800,   // 0x0800 (2048) pixels
0x5000, 0xE800, 0x0000, 0xF800, 0x4000, 0xF000, 0x3800, 0xF800, 0x5800, 0xF000, 0x7800, 0xE000, 0xE800, 0xA000, 0x5000, 0x0000,   // 0x0810 (2064) pixels
0x0000, 0x0000, 0x0000, 0x0000, 0x0000, 0x0000, 0x0000, 0x3000, 0x7800, 0xF800, 0xF800, 0xF800, 0xF800, 0xF800, 0xF800, 0xF800,   // 0x0820 (2080) pixels
0xF800, 0xF800, 0xF800, 0xF800, 0xF800, 0xF800, 0xF800, 0xF800, 0xF800, 0xF800, 0xF800, 0xF801, 0xF804, 0xF808, 0xF82B, 0xF86F,   // 0x0830 (2096) pixels
0xE8B2, 0xD8D5, 0xC138, 0xB15B, 0xB17B, 0xB17B, 0xB17C, 0xC99F, 0x60CF, 0x0000, 0x0000, 0x0000, 0x0000, 0xF800, 0x1000, 0xF800,   // 0x0840 (2112) pixels
0x0000, 0xF800, 0x3800, 0xE800, 0x0000, 0xB800, 0x8000, 0x2800, 0xF800, 0x5000, 0x8000, 0xF000, 0x2800, 0x0800, 0x1000, 0xF000,   // 0x0850 (2128) pixels
0x0000, 0xD000, 0x5800, 0xF800, 0x3000, 0x6800, 0x6000, 0x8800, 0x0000, 0xF800, 0x0000, 0xC800, 0x3800, 0xF800, 0x7000, 0xD800,   // 0x0860 (2144) pixels
0x3000, 0x5800, 0x2800, 0x5800, 0xF800, 0x0800, 0x0000, 0x0000, 0x0000, 0x0000, 0x0000, 0x0000, 0x0000, 0x0000, 0x0000, 0x0000,   // 0x0870 (2160) pixels
0xC000, 0xF800, 0xF800, 0xF800, 0xF800, 0x6000, 0x4000, 0x6800, 0x8800, 0xB084, 0xD0C6, 0xF021, 0xF800, 0xF800, 0xF800, 0xF800,   // 0x0880 (2176) pixels
0xF800, 0xF801, 0xF804, 0xF809, 0xF82C, 0xF86F, 0xF0B3, 0xE0F5, 0xD139, 0xB97C, 0xB97D, 0xC99F, 0x9938, 0x2045, 0x0000, 0x0000,   // 0x0890 (2192) pixels
0x0000, 0x0000, 0x0000, 0xD000, 0x0000, 0x7000, 0xF000, 0x6800, 0x0000, 0xC800, 0xF000, 0x0000, 0xC800, 0xC000, 0xB000, 0x4000,   // 0x08A0 (2208) pixels
0x6000, 0xA000, 0xD800, 0xE800, 0x4000, 0xA800, 0x0000, 0xA000, 0x0000, 0x8000, 0xF800, 0xA000, 0x3800, 0x6800, 0x0000, 0x3800,   // 0x08B0 (2224) pixels
0xC800, 0xD800, 0x4000, 0xC000, 0x0000, 0xC000, 0xF800, 0x5800, 0x8000, 0xF000, 0xA800, 0x0000, 0x0000, 0x0000, 0x0000, 0x0000,   // 0x08C0 (2240) pixels
0x0000, 0x0000, 0x0000, 0x0000, 0x0000, 0x0000, 0x0000, 0xF820, 0xF820, 0xF820, 0xF820, 0x8000, 0x0000, 0x0000, 0x0000, 0x014A,   // 0x08D0 (2256) pixels
0x053F, 0x055F, 0x05FE, 0x05F9, 0x1573, 0x3000, 0x5000, 0x7000, 0x8002, 0x9804, 0xA027, 0xA84A, 0xA86C, 0x988E, 0x78AF, 0x58AE,   // 0x08E0 (2272) pixels
0x3869, 0x0000, 0x0000, 0x0000, 0x0000, 0x0000, 0x0000, 0x0000, 0x0000, 0x0000, 0x0000, 0x0000, 0x0000, 0x0000, 0x0000, 0x0000,   // 0x08F0 (2288) pixels
0x0000, 0x0000, 0x0000, 0x0000, 0x0000, 0x0000, 0x0000, 0x0000, 0x0000, 0x0000, 0x0000, 0x0000, 0x0000, 0x0000, 0x0000, 0x0000,   // 0x0900 (2304) pixels
0x0000, 0x0000, 0x0000, 0x0000, 0x0000, 0xF000, 0xB000, 0xF800, 0x0000, 0x0000, 0x0000, 0x0000, 0x0000, 0x0000, 0x0000, 0x0000,   // 0x0910 (2320) pixels
0x0000, 0x0000, 0x0000, 0x0000, 0x0000, 0x0000, 0x0000, 0x0000, 0x0000, 0x0000, 0x0000, 0x0000, 0x0000, 0xB8A0, 0xF8E0, 0xF8E0,   // 0x0920 (2336) pixels
0xF8E0, 0xC0A0, 0x0000, 0x0000, 0x0000, 0x0000, 0x057F, 0x057A, 0x05B8, 0x0635, 0x06F4, 0x0226, 0x0000, 0x0000, 0x0000, 0x0000,   // 0x0930 (2352) pixels
0x0000, 0x0000, 0x0000, 0x0000, 0x0000, 0x0000, 0x0000, 0x0000, 0x0000, 0x0000, 0x0000, 0x0000, 0x0000, 0x0000, 0x0000, 0x0000,   // 0x0940 (2368) pixels
0x0000, 0x0000, 0x0000, 0x0000, 0x0000, 0x0000, 0x0000, 0x0000, 0x0000, 0x0000, 0x0000, 0x0000, 0x0000, 0x0000, 0x0000, 0x0000,   // 0x0950 (2384) pixels
0x0000, 0x0000, 0x0000, 0x0000, 0x0000, 0x0000, 0x0000, 0x0000, 0x0000, 0x0000, 0x0000, 0x0000, 0x1000, 0x0000, 0x0000, 0x0000,   // 0x0960 (2400) pixels
0x0000, 0x0000, 0x0000, 0x0000, 0x0000, 0x0000, 0x0000, 0x0000, 0x0000, 0x0000, 0x0000, 0x0000, 0x0000, 0x0000, 0x0000, 0x0000,   // 0x0970 (2416) pixels
0x0000, 0x0000, 0x0000, 0x4060, 0xF9C0, 0xF9A0, 0xF9A0, 0xF9A0, 0x0000, 0x0000, 0x0000, 0x0000, 0x0433, 0x05F9, 0x0635, 0x0652,   // 0x0980 (2432) pixels
0x0650, 0x072F, 0x0244, 0x0000, 0x0000, 0x0000, 0x0000, 0x0000, 0x0000, 0x0000, 0x0000, 0x0000, 0x0000, 0x0000, 0x0000, 0x0000,   // 0x0990 (2448) pixels
0x0000, 0x0000, 0x0000, 0x0000, 0x0000, 0x0000, 0x0000, 0x0000, 0x0000, 0x0000, 0x0000, 0x0000, 0x0000, 0x0000, 0x0000, 0x0000,   // 0x09A0 (2464) pixels
0x0000, 0x0000, 0x0000, 0x0000, 0x0000, 0x0000, 0x0000, 0x0000, 0x0000, 0x0000, 0x0000, 0x0000, 0x0000, 0x0000, 0x0000, 0x0000,   // 0x09B0 (2480) pixels
0x0000, 0x0000, 0x0000, 0x0000, 0x0000, 0x0000, 0x0000, 0x0000, 0x0000, 0x0000, 0x0000, 0x0000, 0x0000, 0x0000, 0x0000, 0x0000,   // 0x09C0 (2496) pixels
0x0000, 0x0000, 0x0000, 0x0000, 0x0000, 0x0000, 0x0000, 0x0000, 0x0000, 0x0000, 0xFA80, 0xFA40, 0xFA40, 0xFA80, 0x0000, 0x0000,   // 0x09D0 (2512) pixels
0x0000, 0x0000, 0x00A2, 0x0718, 0x0652, 0x0650, 0x066D, 0x068B, 0x0727, 0x0602, 0x1260, 0x0000, 0x0000, 0x0000, 0x0000, 0x0000,   // 0x09E0 (2528) pixels
0x0840, 0x5A80, 0xBD00, 0xE600, 0x1080, 0x0000, 0x0000, 0x0000, 0x0000, 0x0000, 0x0000, 0x0000, 0x0000, 0x0000, 0x0000, 0x0000,   // 0x09F0 (2544) pixels
0x0000, 0x0000, 0x0000, 0x0000, 0x0000, 0x0000, 0x0000, 0x0000, 0x0000, 0x0000, 0x0000, 0x0000, 0x0000, 0x0000, 0x0000, 0x0000,   // 0x0A00 (2560) pixels
0x0000, 0x0000, 0x0000, 0x0000, 0x0000, 0x0000, 0x0000, 0x0000, 0x0000, 0x0000, 0x0000, 0x0000, 0x0000, 0x0000, 0x0000, 0x0000,   // 0x0A10 (2576) pixels
0x0000, 0x0000, 0x0000, 0x0000, 0x0000, 0x0000, 0x0000, 0x0000, 0x0000, 0x0000, 0x0000, 0x0000, 0x0000, 0x0000, 0x0000, 0x0000,   // 0x0A20 (2592) pixels
0xA9E0, 0xFB00, 0xFAC0, 0xFB00, 0x48C0, 0x0000, 0x0000, 0x0000, 0x0000, 0x0349, 0x0712, 0x066D, 0x066A, 0x0685, 0x06A2, 0x3EE0,   // 0x0A30 (2608) pixels
0x7740, 0xA7A0, 0xA6C0, 0xADE0, 0xC620, 0xFF20, 0xFF80, 0xFF40, 0xFF00, 0xFF40, 0xCD60, 0x0000, 0x0000, 0x0000, 0x0000, 0x0000,   // 0x0A40 (2624) pixels
0x0000, 0x0000, 0x0000, 0x0000, 0x0000, 0x0000, 0x0000, 0x0000, 0x0000, 0x0000, 0x0000, 0x0000, 0x0000, 0x0000, 0x0000, 0x0000,   // 0x0A50 (2640) pixels
0x0000, 0x0000, 0x0000, 0x0000, 0x0000, 0x0000, 0x0000, 0x0000, 0x0000, 0x0000, 0x0000, 0x0000, 0x0000, 0x0000, 0x0000, 0x0000,   // 0x0A60 (2656) pixels
0x0000, 0x0000, 0x0000, 0x0000, 0x0000, 0x0000, 0x0000, 0x0000, 0x0000, 0x0000, 0x0000, 0x0000, 0x0000, 0x0000, 0x0000, 0x0000,   // 0x0A70 (2672) pixels
0x0000, 0x0000, 0x0000, 0x0000, 0x0000, 0x0000, 0x38C0, 0xFBC0, 0xFB60, 0xFBA0, 0x9200, 0x0000, 0x0000, 0x0000, 0x0000, 0x0000,   // 0x0A80 (2688) pixels
0x0306, 0x076B, 0x06C5, 0x06A2, 0x3EA0, 0x76C0, 0x96C0, 0xAEC0, 0xCEE0, 0xDEE0, 0xF6E0, 0xFEC0, 0xFEC0, 0xFEC0, 0xFEC0, 0xFF80,   // 0x0A90 (2704) pixels
0xA440, 0x0000, 0x0000, 0x0000, 0x0000, 0x0000, 0x0000, 0x0000, 0x0000, 0x0000, 0x0000, 0x0000, 0x0000, 0x0000, 0x0000, 0x0000,   // 0x0AA0 (2720) pixels
0x0000, 0x0000, 0x0000, 0x0000, 0x0000, 0x0000, 0x0000, 0x0000, 0x0000, 0x0000, 0x0000, 0x0000, 0x0000, 0x0000, 0x0000, 0x0000,   // 0x0AB0 (2736) pixels
0x0000, 0x0000, 0x0000, 0x0000, 0x0000, 0x0000, 0x0000, 0x0000, 0x0000, 0x0000, 0x0000, 0x0000, 0x0000, 0x0000, 0x0000, 0x0000,   // 0x0AC0 (2752) pixels
0x0000, 0x0000, 0x0000, 0x0000, 0x0000, 0x0000, 0x0000, 0x0000, 0x0000, 0x0000, 0x0000, 0x0000, 0x0000, 0xFC40, 0xFC20, 0xFC60,   // 0x0AD0 (2768) pixels
0x79E0, 0x0000, 0x0000, 0x0000, 0x0000, 0x0000, 0x0000, 0x0060, 0x0501, 0x57A0, 0x8740, 0x9F00, 0xB6E0, 0xCEE0, 0xDEC0, 0xF6C0,   // 0x0AE0 (2784) pixels
0xFEE0, 0xFF00, 0xFF20, 0xFF80, 0xFF00, 0x7B60, 0x0000, 0x0000, 0x0000, 0x0000, 0x0000, 0x0000, 0x0000, 0x0000, 0x0000, 0x0000,   // 0x0AF0 (2800) pixels
0x0000, 0x0000, 0x0000, 0x0000, 0x0000, 0x0000, 0x0000, 0x0000, 0x0000, 0x0000, 0x0000, 0x0000, 0x0000, 0x0000, 0x0000, 0x0000,   // 0x0B00 (2816) pixels
0x0000, 0x0000, 0x0000, 0x0000, 0x0000, 0x0000, 0x0000, 0x0000, 0x0000, 0x0000, 0x0000, 0x0000, 0x0000, 0x0000, 0x0000, 0x0000,   // 0x0B10 (2832) pixels
0x0000, 0x0000, 0x0000, 0x0000, 0x0000, 0x0000, 0x0000, 0x0000, 0x0000, 0x0000, 0x0000, 0x0000, 0x0000, 0x0000, 0x0000, 0x0000,   // 0x0B20 (2848) pixels
0x0000, 0x0000, 0x0000, 0x4100, 0xCB00, 0x8A00, 0x0000, 0x0000, 0x0000, 0x0000, 0x0000, 0x0000, 0x0000, 0x0000, 0x0000, 0x0000,   // 0x0B30 (2864) pixels
0x42E0, 0x7CE0, 0xBE40, 0xE700, 0xFF40, 0xFF00, 0xEE40, 0xC520, 0x8360, 0x2920, 0x0000, 0x0000, 0x0000, 0x0000, 0x0000, 0x0000,   // 0x0B40 (2880) pixels
0x0000, 0x0000, 0x0000, 0x0000, 0x0000, 0x0000, 0x0000, 0x0000, 0x0000, 0x0000, 0x0000, 0x0000, 0x0000, 0x0000, 0x0000, 0x0000,   // 0x0B50 (2896) pixels
0x0000, 0x0000, 0x0000, 0x0000, 0x0000, 0x0000, 0x0000, 0x0000, 0x0000, 0x0000, 0x0000, 0x0000, 0x0000, 0x0000, 0x0000, 0x0000,   // 0x0B60 (2912) pixels
0x0000, 0x0000, 0x0000, 0x0000, 0x0000, 0x0000, 0x0000, 0x0000, 0x0000, 0x0000, 0x0000, 0x0000, 0x0000, 0x0000, 0x0000, 0x0000,   // 0x0B70 (2928) pixels
0x0000, 0x0000, 0x0000, 0x0000, 0x0000, 0x0000, 0x0000, 0x0000, 0x0000, 0x0000, 0x0000, 0x0000, 0x0000, 0x0000, 0x0000, 0x0000,   // 0x0B80 (2944) pixels
0x0000, 0x0000, 0x0000, 0x0000, 0x0000, 0x0000, 0x0000, 0x0000, 0x0000, 0x0000, 0x0000, 0x0000, 0x0000, 0x0000, 0x0000, 0x0000,   // 0x0B90 (2960) pixels
0x0000, 0x0000, 0x0000, 0x0000, 0x0000, 0x0000, 0x0000, 0x0000, 0x0000, 0x0000, 0x0000, 0x0000, 0x0000, 0x0000, 0x0000, 0x0000,   // 0x0BA0 (2976) pixels
0x0000, 0x0000, 0x0000, 0x0000, 0x0000, 0x0000, 0x0000, 0x0000, 0x0000, 0x0000, 0x0000, 0x0000, 0x0000, 0x0000, 0x0000, 0x0000,   // 0x0BB0 (2992) pixels
0x0000, 0x0000, 0x0000, 0x0000, 0x0000, 0x0000, 0x0000, 0x0000, 0x0000, 0x0000, 0x0000, 0x0000, 0x0000, 0x0000, 0x0000, 0x0000,   // 0x0BC0 (3008) pixels
0x0000, 0x0000, 0x0000, 0x0000, 0x0000, 0x0000, 0x0000, 0x0000, 0x0000, 0x0000, 0x0000, 0x0000, 0x0000, 0x0000, 0x0000, 0x0000,   // 0x0BD0 (3024) pixels
0x0000, 0x0000, 0x0000, 0x0000, 0x0000, 0x0000, 0x0000, 0x0000, 0x0000, 0x0000, 0x0000, 0x0000, 0x0000, 0x0000, 0x0000, 0x0000,   // 0x0BE0 (3040) pixels
0x0000, 0x0000, 0x0000, 0x0000, 0x0000, 0x0000, 0x0000, 0x0000, 0x0000, 0x0000, 0x0000, 0x0000, 0x0000, 0x0000, 0x0000, 0x0000,   // 0x0BF0 (3056) pixels
0x0000, 0x0000, 0x0000, 0x0000, 0x0000, 0x0000, 0x0000, 0x0000, 0x0000, 0x0000, 0x0000, 0x0000, 0x0000, 0x0000, 0x0000, 0x0000,   // 0x0C00 (3072) pixels
0x0000, 0x0000, 0x0000, 0x0000, 0x0000, 0x0000, 0x0000, 0x0000, 0x0000, 0x0000, 0x0000, 0x0000, 0x0000, 0x0000, 0x0000, 0x0000,   // 0x0C10 (3088) pixels
0x0000, 0x0000, 0x0000, 0x0000, 0x0000, 0x0000, 0x0000, 0x0000, 0x0000, 0x0000, 0x0000, 0x0000, 0x0000, 0x0000, 0x0000, 0x0000,   // 0x0C20 (3104) pixels
0x0000, 0x0000, 0x0000, 0x0000, 0x0000, 0x0000, 0x0000, 0x0000, 0x0000, 0x0000, 0x0000, 0x0000, 0x0000, 0x0000, 0x0000, 0x0000,   // 0x0C30 (3120) pixels
0x0000, 0x0000, 0x0000, 0x0000, 0x0000, 0x0000, 0x0000, 0x0000, 0x0000, 0x0000, 0x0000, 0x0000, 0x0000, 0x0000, 0x0000, 0x0000,   // 0x0C40 (3136) pixels
0x0000, 0x0000, 0x0000, 0x0000, 0x0000, 0x0000, 0x0000, 0x0000, 0x0000, 0x0000, 0x0000, 0x0000, 0x0000, 0x0000, 0x0000, 0x0000,   // 0x0C50 (3152) pixels
0x0000, 0x0000, 0x0000, 0x0000, 0x0000, 0x0000, 0x0000, 0x0000, 0x0000, 0x0000, 0x0000, 0x0000, 0x0000, 0x0000, 0x0000, 0x0000,   // 0x0C60 (3168) pixels
0x0000, 0x0000, 0x0000, 0x0000, 0x0000, 0x0000, 0x0000, 0x0000, 0x0000, 0x0000, 0x0000, 0x0000, 0x0000, 0x0000, 0x0000, 0x0000,   // 0x0C70 (3184) pixels
0x0000, 0x0000, 0x0000, 0x0000, 0x0000, 0x0000, 0x0000, 0x0000, 0x0000, 0x0000, 0x0000, 0x0000, 0x0000, 0x0000, 0x0000, 0x0000,   // 0x0C80 (3200) pixels
0x0000, 0x0000, 0x0000, 0x0000, 0x0000, 0x0000, 0x0000, 0x0000, 0x0000, 0x0000, 0x0000, 0x0000, 0x0000, 0x0000, 0x0000, 0x0000,   // 0x0C90 (3216) pixels
0x0000, 0x0000, 0x0000, 0x0000, 0x0000, 0x0000, 0x0000, 0x0000, 0x0000, 0x0000, 0x0000, 0x0000, 0x0000, 0x0000, 0x0000, 0x0000,   // 0x0CA0 (3232) pixels
0x0000, 0x0000, 0x0000, 0x0000, 0x0000, 0x0000, 0x0000, 0x0000, 0x0000, 0x0000, 0x0000, 0x0000, 0x0000, 0x0000, 0x0000, 0x0000,   // 0x0CB0 (3248) pixels
0x0000, 0x0000, 0x0000, 0x0000, 0x0000, 0x0000, 0x0000, 0x0000, 0x0000, 0x0000, 0x0000, 0x0000, 0x0000, 0x0000, 0x0000, 0x0000,   // 0x0CC0 (3264) pixels
0x0000, 0x0000, 0x0000, 0x0000, 0x0000, 0x0000, 0x0000, 0x0000, 0x0000, 0x0000, 0x0000, 0x0000, 0x0000, 0x0000, 0x0000, 0x0000,   // 0x0CD0 (3280) pixels
0x0000, 0x0000, 0x0000, 0x0000, 0x0000, 0x0000, 0x0000, 0x0000, 0x0000, 0x0000, 0x0000, 0x0000, 0x0000, 0x0000, 0x0000, 0x0000,   // 0x0CE0 (3296) pixels
0x0000, 0x0000, 0x0000, 0x0000, 0x0000, 0x0000, 0x0000, 0x0000, 0x0000, 0x0000, 0x0000, 0x0000, 0x0000, 0x0000, 0x0000, 0x0000,   // 0x0CF0 (3312) pixels
0x0000, 0x0000, 0x0000, 0x0000, 0x0000, 0x0000, 0x0000, 0x0000, 0x0000, 0x0000, 0x0000, 0x0000, 0x0000, 0x0000, 0x0000, 0x0000,   // 0x0D00 (3328) pixels
0x0000, 0x0000, 0x0000, 0x0000, 0x0000, 0x0000, 0x0000, 0x0000, 0x0000, 0x0000, 0x0000, 0x0000, 0x0000, 0x0000, 0x0000, 0x0000,   // 0x0D10 (3344) pixels
0x0000, 0x0000, 0x0000, 0x0000, 0x0000, 0x0000, 0x0000, 0x0000, 0x0000, 0x0000, 0x0000, 0x0000, 0x0000, 0x0000, 0x0000, 0x0000,   // 0x0D20 (3360) pixels
0x0000, 0x0000, 0x0000, 0x0000, 0x0000, 0x0000, 0x0000, 0x0000, 0x0000, 0x0000, 0x0000, 0x0000, 0x0000, 0x0000, 0x0000, 0x0000,   // 0x0D30 (3376) pixels
0x0000, 0x0000, 0x0000, 0x0000, 0x0000, 0x0000, 0x0000, 0x0000, 0x0000, 0x0000, 0x0000, 0x0000, 0x0000, 0x0000, 0x0000, 0x0000,   // 0x0D40 (3392) pixels
0x0000, 0x0000, 0x0000, 0x0000, 0x0000, 0x0000, 0x0000, 0x0000, 0x0000, 0x0000, 0x0000, 0x0000, 0x0000, 0x0000, 0x0000, 0x0000,   // 0x0D50 (3408) pixels
0x0000, 0x0000, 0x0000, 0x0000, 0x0000, 0x0000, 0x0000, 0x0000, 0x0000, 0x0000, 0x0000, 0x0000, 0x0000, 0x0000, 0x0000, 0x0000,   // 0x0D60 (3424) pixels
0x0000, 0x0000, 0x0000, 0x0000, 0x0000, 0x0000, 0x0000, 0x0000, 0x0000, 0x0000, 0x0000, 0x0000, 0x0000, 0x0000, 0x0000, 0x0000,   // 0x0D70 (3440) pixels
0x0000, 0x0000, 0x0000, 0x0000, 0x0000, 0x0000, 0x0000, 0x0000, 0x0000, 0x0000, 0x0000, 0x0000, 0x0000, 0x0000, 0x0000, 0x0000,   // 0x0D80 (3456) pixels
0x0000, 0x0000, 0x0000, 0x0000, 0x0000, 0x0000, 0x0000, 0x0000, 0x0000, 0x0000, 0x0000, 0x0000, 0x0000, 0x0000, 0x0000, 0x0000,   // 0x0D90 (3472) pixels
0x0000, 0x0000, 0x0000, 0x0000, 0x0000, 0x0000, 0x0000, 0x0000, 0x0000, 0x0000, 0x0000, 0x0000, 0x0000, 0x0000, 0x0000, 0x0000,   // 0x0DA0 (3488) pixels
0x0000, 0x0000, 0x0000, 0x0000, 0x0000, 0x0000, 0x0000, 0x0000, 0x0000, 0x0000, 0x0000, 0x0000, 0x0000, 0x0000, 0x0000, 0x0000,   // 0x0DB0 (3504) pixels
0x0000, 0x0000, 0x0000, 0x0000, 0x0000, 0x0000, 0x0000, 0x0000, 0x0000, 0x0000, 0x0000, 0x0000, 0x0000, 0x0000, 0x0000, 0x0000,   // 0x0DC0 (3520) pixels
0x0000, 0x0000, 0x0000, 0x0000, 0x0000, 0x0000, 0x0000, 0x0000, 0x0000, 0x0000, 0x0000, 0x0000, 0x0000, 0x0000, 0x0000, 0x0000,   // 0x0DD0 (3536) pixels
0x0000, 0x0000, 0x0000, 0x0000, 0x0000, 0x0000, 0x0000, 0x0000, 0x0000, 0x0000, 0x0000, 0x0000, 0x0000, 0x0000, 0x0000, 0x0000,   // 0x0DE0 (3552) pixels
0x0000, 0x0000, 0x0000, 0x0000, 0x0000, 0x0000, 0x0000, 0x0000, 0x0000, 0x0000, 0x0000, 0x0000, 0x0000, 0x0000, 0x0000, 0x0000,   // 0x0DF0 (3568) pixels
0x0000, 0x0000, 0x0000, 0x0000, 0x0000, 0x0000, 0x0000, 0x0000, 0x0000, 0x0000, 0x0000, 0x0000, 0x0000, 0x0000, 0x0000, 0x0000,   // 0x0E00 (3584) pixels
0x0000, 0x0000, 0x0000, 0x0000, 0x0000, 0x0000, 0x0000, 0x0000, 0x0000, 0x0000, 0x0000, 0x0000, 0x0000, 0x0000, 0x0000, 0x0000,   // 0x0E10 (3600) pixels
0x0000, 0x0000, 0x0000, 0x0000, 0x0000, 0x0000, 0x0000, 0x0000, 0x0000, 0x0000, 0x0000, 0x0000, 0x0000, 0x0000, 0x0000, 0x0000,   // 0x0E20 (3616) pixels
0x0000, 0x0000, 0x0000, 0x0000, 0x0000, 0x0000, 0x0000, 0x0000, 0x0000, 0x0000, 0x0000, 0x0000, 0x0000, 0x0000, 0x0000, 0x0000,   // 0x0E30 (3632) pixels
0x0000, 0x0000, 0x0000, 0x0000, 0x0000, 0x0000, 0x0000, 0x0000, 0x0000, 0x0000, 0x0000, 0x0000, 0x0000, 0x0000, 0x0000, 0x0000,   // 0x0E40 (3648) pixels
0x0000, 0x0000, 0x0000, 0x0000, 0x0000, 0x0000, 0x0000, 0x0000, 0x0000, 0x0000, 0x0000, 0x0000, 0x0000, 0x0000, 0x0000, 0x0000,   // 0x0E50 (3664) pixels
0x0000, 0x0000, 0x0000, 0x0000, 0x0000, 0x0000, 0x0000, 0x0000, 0x0000, 0x0000, 0x0000, 0x0000, 0x0000, 0x0000, 0x0000, 0x0000,   // 0x0E60 (3680) pixels
0x0000, 0x0000, 0x0000, 0x0000, 0x0000, 0x0000, 0x0000, 0x0000, 0x0000, 0x0000, 0x0000, 0x0000, 0x0000, 0x0000, 0x0000, 0x0000,   // 0x0E70 (3696) pixels
0x0000, 0x0000, 0x0000, 0x0000, 0x0000, 0x0000, 0x0000, 0x0000, 0x0000, 0x0000, 0x0000, 0x0000, 0x0000, 0x0000, 0x0000, 0x0000,   // 0x0E80 (3712) pixels
0x0000, 0x0000, 0x0000, 0x0000, 0x0000, 0x0000, 0x0000, 0x0000, 0x0000, 0x0000, 0x0000, 0x0000, 0x0000, 0x0000, 0x0000, 0x0000,   // 0x0E90 (3728) pixels
0x0000, 0x0000, 0x0000, 0x0000, 0x0000, 0x0000, 0x0000, 0x0000, 0x0000, 0x0000, 0x0000, 0x0000, 0x0000, 0x0000, 0x0000, 0x0000,   // 0x0EA0 (3744) pixels
0x0000, 0x0000, 0x0000, 0x0000, 0x0000, 0x0000, 0x0000, 0x0000, 0x0000, 0x0000, 0x0000, 0x0000, 0x0000, 0x0000, 0x0000, 0x0000,   // 0x0EB0 (3760) pixels
0x0000, 0x0000, 0x0000, 0x0000, 0x0000, 0x0000, 0x0000, 0x0000, 0x0000, 0x0000, 0x0000, 0x0000, 0x0000, 0x0000, 0x0000, 0x0000,   // 0x0EC0 (3776) pixels
0x0000, 0x0000, 0x0000, 0x0000, 0x0000, 0x0000, 0x0000, 0x0000, 0x0000, 0x0000, 0x0000, 0x0000, 0x0000, 0x0000, 0x0000, 0x0000,   // 0x0ED0 (3792) pixels
0x0000, 0x0000, 0x0000, 0x0000, 0x0000, 0x0000, 0x0000, 0x0000, 0x0000, 0x0000, 0x0000, 0x0000, 0x0000, 0x0000, 0x0000, 0x0000,   // 0x0EE0 (3808) pixels
0x0000, 0x0000, 0x0000, 0x0000, 0x0000, 0x0000, 0x0000, 0x0000, 0x0000, 0x0000, 0x0000, 0x0000, 0x0000, 0x0000, 0x0000, 0x0000,   // 0x0EF0 (3824) pixels
0x0000, 0x0000, 0x0000, 0x0000, 0x0000, 0x0000, 0x0000, 0x0000, 0x0000, 0x0000, 0x0000, 0x0000, 0x0000, 0x0000, 0x0000, 0x0000,   // 0x0F00 (3840) pixels
0x0000, 0x0000, 0x0000, 0x0000, 0x0000, 0x0000, 0x0000, 0x0000, 0x0000, 0x0000, 0x0000, 0x0000, 0x0000, 0x0000, 0x0000, 0x0000,   // 0x0F10 (3856) pixels
0x0000, 0x0000, 0x0000, 0x0000, 0x0000, 0x0000, 0x0000, 0x0000, 0x0000, 0x0000, 0x0000, 0x0000, 0x0000, 0x0000, 0x0000, 0x0000,   // 0x0F20 (3872) pixels
0x0000, 0x0000, 0x0000, 0x0000, 0x0000, 0x0000, 0x0000, 0x0000, 0x0000, 0x0000, 0x0000, 0x0000, 0x0000, 0x0000, 0x0000, 0x0000,   // 0x0F30 (3888) pixels
0x0000, 0x0000, 0x0000, 0x0000, 0x0000, 0x0000, 0x0000, 0x0000, 0x0000, 0x0000, 0x0000, 0x0000, 0x0000, 0x0000, 0x0000, 0x0000,   // 0x0F40 (3904) pixels
0x0000, 0x0000, 0x0000, 0x0000, 0x0000, 0x0000, 0x0000, 0x0000, 0x0000, 0x0000, 0x0000, 0x0000, 0x0000, 0x0000, 0x0000, 0x0000,   // 0x0F50 (3920) pixels
0x0000, 0x0000, 0x0000, 0x0000, 0x0000, 0x0000, 0x0000, 0x0000, 0x0000, 0x0000, 0x0000, 0x0000, 0x0000, 0x0000, 0x0000, 0x0000,   // 0x0F60 (3936) pixels
0x0000, 0x0000, 0x0000, 0x0000, 0x0000, 0x0000, 0x0000, 0x0000, 0x0000, 0x0000, 0x0000, 0x0000, 0x0000, 0x0000, 0x0000, 0x0000,   // 0x0F70 (3952) pixels
0x0000, 0x0000, 0x0000, 0x0000, 0x0000, 0x0000, 0x0000, 0x0000, 0x0000, 0x0000, 0x0000, 0x0000, 0x0000, 0x0000, 0x0000, 0x0000,   // 0x0F80 (3968) pixels
0x0000, 0x0000, 0x0000, 0x0000, 0x0000, 0x0000, 0x0000, 0x0000, 0x0000, 0x0000, 0x0000, 0x0000, 0x0000, 0x0000, 0x0000, 0x0000,   // 0x0F90 (3984) pixels
0x0000, 0x0000, 0x0000, 0x0000, 0x0000, 0x0000, 0x0000, 0x0000, 0x0000, 0x0000, 0x0000, 0x0000, 0x0000, 0x0000, 0x0000, 0x0000,   // 0x0FA0 (4000) pixels
0x0000, 0x0000, 0x0000, 0x0000, 0x0000, 0x0000, 0x0000, 0x0000, 0x0000, 0x0000, 0x0000, 0x0000, 0x0000, 0x0000, 0x0000, 0x0000,   // 0x0FB0 (4016) pixels
0x0000, 0x0000, 0x0000, 0x0000, 0x0000, 0x0000, 0x0000, 0x0000, 0x0000, 0x0000, 0x0000, 0x0000, 0x0000, 0x0000, 0x0000, 0x0000,   // 0x0FC0 (4032) pixels
0x0000, 0x0000, 0x0000, 0x0000, 0x0000, 0x0000, 0x0000, 0x0000, 0x0000, 0x0000, 0x0000, 0x0000, 0x0000, 0x0000, 0x0000, 0x0000,   // 0x0FD0 (4048) pixels
0x0000, 0x0000, 0x0000, 0x0000, 0x0000, 0x0000, 0x0000, 0x0000, 0x0000, 0x0000, 0x0000, 0x0000, 0x0000, 0x0000, 0x0000, 0x0000,   // 0x0FE0 (4064) pixels
0x0000, 0x0000, 0x0000, 0x0000, 0x0000, 0x0000, 0x0000, 0x0000, 0x0000, 0x0000, 0x0000, 0x0000, 0x0000, 0x0000, 0x0000, 0x0000,   // 0x0FF0 (4080) pixels
0x0000, 0x0000, 0x0000, 0x0000, 0x0000, 0x0000, 0x0000, 0x0000, 0x0000, 0x0000, 0x0000, 0x0000, 0x0000, 0x0000, 0x0000, 0x0000,   // 0x1000 (4096) pixels
0x0000, 0x0000, 0x0000, 0x0000, 0x0000, 0x0000, 0x0000, 0x0000, 0x0000, 0x0000, 0x0000, 0x0000, 0x0000, 0x0000, 0x0000, 0x0000,   // 0x1010 (4112) pixels
0x0000, 0x0000, 0x0000, 0x0000, 0x0000, 0x0000, 0x0000, 0x0000, 0x0000, 0x0000, 0x0000, 0x0000, 0x0000, 0x0000, 0x0000, 0x0000,   // 0x1020 (4128) pixels
0x0000, 0x0000, 0x0000, 0x0000, 0x0000, 0x0000, 0x0000, 0x0000, 0x0000, 0x0000, 0x0000, 0x0000, 0x0000, 0x0000, 0x0000, 0x0000,   // 0x1030 (4144) pixels
0x0000, 0x0000, 0x0000, 0x0000, 0x0000, 0x0000, 0x0000, 0x0000, 0x0000, 0x0000, 0x0000, 0x0000, 0x0000, 0x0000, 0x0000, 0x0000,   // 0x1040 (4160) pixels
0x0000, 0x0000, 0x0000, 0x0000, 0x0000, 0x0000, 0x0000, 0x0000, 0x0000, 0x0000, 0x0000, 0x0000, 0x0000, 0x0000, 0x0000, 0x0000,   // 0x1050 (4176) pixels
0x0000, 0x0000, 0x0000, 0x0000, 0x0000, 0x0000, 0x0000, 0x0000, 0x0000, 0x0000, 0x0000, 0x0000, 0x0000, 0x0000, 0x0000, 0x0000,   // 0x1060 (4192) pixels
0x0000, 0x0000, 0x0000, 0x0000, 0x0000, 0x0000, 0x0000, 0x0000, 0x0000, 0x0000, 0x0000, 0x0000, 0x0000, 0x0000, 0x0000, 0x0000,   // 0x1070 (4208) pixels
0x0000, 0x0000, 0x0000, 0x0000, 0x0000, 0x0000, 0x0000, 0x0000, 0x0000, 0x0000, 0x0000, 0x0000, 0x0000, 0x0000, 0x0000, 0x0000,   // 0x1080 (4224) pixels
0x0000, 0x0000, 0x0000, 0x0000, 0x0000, 0x0000, 0x0000, 0x0000, 0x0000, 0x0000, 0x0000, 0x0000, 0x0000, 0x0000, 0x0000, 0x0000,   // 0x1090 (4240) pixels
0x0000, 0x0000, 0x0000, 0x0000, 0x0000, 0x0000, 0x0000, 0x0000, 0x0000, 0x0000, 0x0000, 0x0000, 0x0000, 0x0000, 0x0000, 0x0000,   // 0x10A0 (4256) pixels
0x0000, 0x0000, 0x0000, 0x0000, 0x0000, 0x0000, 0x0000, 0x0000, 0x0000, 0x0000, 0x0000, 0x0000, 0x0000, 0x0000, 0x0000, 0x0000,   // 0x10B0 (4272) pixels
0x0000, 0x0000, 0x0000, 0x0000, 0x0000, 0x0000, 0x0000, 0x0000, 0x0000, 0x0000, 0x0000, 0x0000, 0x0000, 0x0000, 0x0000, 0x0000,   // 0x10C0 (4288) pixels
0x0000, 0x0000, 0x0000, 0x0000, 0x0000, 0x0000, 0x0000, 0x0000, 0x0000, 0x0000, 0x0000, 0x0000
};

static const uint16_t logo_star[STATION_LOGO_W * STATION_LOGO_H] PROGMEM = {
0x0000, 0x0000, 0x0000, 0x0000, 0x0000, 0x0000, 0x0000, 0x0000, 0x0000, 0x0000, 0x0000, 0x0000, 0x0000, 0x0000, 0x0000, 0x0000,   // 0x0010 (16) pixels
0x0000, 0x0000, 0x0000, 0x0000, 0x0000, 0x0000, 0x0000, 0x0000, 0x0000, 0x0000, 0x0000, 0x0000, 0x0000, 0x0000, 0x0000, 0x0000,   // 0x0020 (32) pixels
0x0000, 0x0000, 0x0000, 0x0000, 0x0000, 0x0000, 0x0000, 0x0000, 0x0000, 0x0000, 0x0000, 0x0000, 0x0000, 0x0000, 0x0000, 0x0000,   // 0x0030 (48) pixels
0x0000, 0x0000, 0x0000, 0x0000, 0x0000, 0x0000, 0x0000, 0x0000, 0x0000, 0x0000, 0x0000, 0x0000, 0x0000, 0x0000, 0x0000, 0x0000,   // 0x0040 (64) pixels
0x0000, 0x0000, 0x0000, 0x0000, 0x0000, 0x0000, 0x0000, 0x0000, 0x0000, 0x0000, 0x0000, 0x0000, 0x0000, 0x0000, 0x0000, 0x0000,   // 0x0050 (80) pixels
0x0000, 0x0000, 0x0000, 0x0000, 0x0000, 0x0000, 0x0000, 0x0000, 0x0000, 0x0000, 0x0000, 0x0000, 0x0000, 0x0000, 0x0000, 0x0000,   // 0x0060 (96) pixels
0x0000, 0x0000, 0x0000, 0x0000, 0x0000, 0x0000, 0x0000, 0x0000, 0x0000, 0x0000, 0x0000, 0x0000, 0x0000, 0x0000, 0x0000, 0x0000,   // 0x0070 (112) pixels
0x0000, 0x0000, 0x0000, 0x0000, 0x0000, 0x0000, 0x0000, 0x0000, 0x0000, 0x0000, 0x0000, 0x0000, 0x0000, 0x0000, 0x0000, 0x0000,   // 0x0080 (128) pixels
0x0000, 0x0000, 0x0000, 0x0000, 0x0000, 0x0000, 0x0000, 0x0000, 0x0000, 0x0000, 0x0000, 0x0000, 0x0000, 0x0000, 0x0000, 0x0000,   // 0x0090 (144) pixels
0x0000, 0x0000, 0x0000, 0x0000, 0x0000, 0x0000, 0x0000, 0x0000, 0x0000, 0x0000, 0x0000, 0x0000, 0x0000, 0x0000, 0x0000, 0x0000,   // 0x00A0 (160) pixels
0x0000, 0x0000, 0x0000, 0x0000, 0x0000, 0x0000, 0x0000, 0x0000, 0x0000, 0x0000, 0x0000, 0x0000, 0x0000, 0x0000, 0x0000, 0x0000,   // 0x00B0 (176) pixels
0x0000, 0x0000, 0x0000, 0x0000, 0x0000, 0x0000, 0x0000, 0x0000, 0x0000, 0x0000, 0x0000, 0x0000, 0x0000, 0x0000, 0x0000, 0x0000,   // 0x00C0 (192) pixels
0x0000, 0x0000, 0x0000, 0x0000, 0x0000, 0x0000, 0x0000, 0x0000, 0x0000, 0x0000, 0x0000, 0x0000, 0x0000, 0x0000, 0x0000, 0x0000,   // 0x00D0 (208) pixels
0x0000, 0x0000, 0x0000, 0x0000, 0x0000, 0x0000, 0x0000, 0x0000, 0x0000, 0x0000, 0x0000, 0x0000, 0x0000, 0x0000, 0x0000, 0x0000,   // 0x00E0 (224) pixels
0x0000, 0x0000, 0x0000, 0x0000, 0x0000, 0x0000, 0x0000, 0x0000, 0x0000, 0x0000, 0x0000, 0x0000, 0x0000, 0x0000, 0x0000, 0x0000,   // 0x00F0 (240) pixels
0x0000, 0x0000, 0x0000, 0x0000, 0x0000, 0x0000, 0x0000, 0x0000, 0x0000, 0x0000, 0x0000, 0x0000, 0x0000, 0x0000, 0x0000, 0x0000,   // 0x0100 (256) pixels
0x0000, 0x0000, 0x0000, 0x0000, 0x0000, 0x0000, 0x0000, 0x0000, 0x0000, 0x0000, 0x0000, 0x0000, 0x0000, 0x0000, 0x0000, 0x0000,   // 0x0110 (272) pixels
0x0000, 0x0000, 0x0000, 0x0000, 0x0000, 0x0000, 0x0000, 0x0000, 0x0000, 0x0000, 0x0000, 0x0000, 0x0000, 0x0000, 0x0000, 0x0000,   // 0x0120 (288) pixels
0x0000, 0x0000, 0x0000, 0x0000, 0x0000, 0x0000, 0x0000, 0x0000, 0x0000, 0x0000, 0x0000, 0x0000, 0x0000, 0x0000, 0x0000, 0x0000,   // 0x0130 (304) pixels
0x0000, 0x0000, 0x0000, 0x0000, 0x0000, 0x0000, 0x0000, 0x0000, 0x0000, 0x0000, 0x0000, 0x0000, 0x0000, 0x0000, 0x0000, 0x0000,   // 0x0140 (320) pixels
0x0000, 0x0000, 0x0000, 0x0000, 0x0000, 0x0000, 0x0000, 0x0000, 0x0000, 0x0000, 0x0000, 0x0000, 0x0000, 0x0000, 0x0000, 0x0000,   // 0x0150 (336) pixels
0x0000, 0x0000, 0x0000, 0x0000, 0x0000, 0x0000, 0x0000, 0x0000, 0x0000, 0x0000, 0x0000, 0x0000, 0x0000, 0x0000, 0x0000, 0x0000,   // 0x0160 (352) pixels
0x0000, 0x0000, 0x0000, 0x0000, 0x0000, 0x0000, 0x0000, 0x0000, 0x0000, 0x0000, 0x0000, 0x0000, 0x0000, 0x0000, 0x0000, 0x0000,   // 0x0170 (368) pixels
0x0000, 0x0000, 0x0000, 0x0000, 0x0000, 0x0000, 0x0000, 0x0000, 0x0000, 0x0000, 0x0000, 0x0000, 0x0000, 0x0000, 0x0000, 0x0000,   // 0x0180 (384) pixels
0x0000, 0x0000, 0x0000, 0x0000, 0x0000, 0x0000, 0x0000, 0x0000, 0x0000, 0x0000, 0x0000, 0x0000, 0x0000, 0x0000, 0x0000, 0x0000,   // 0x0190 (400) pixels
0x0000, 0x0000, 0x0000, 0x0000, 0x0000, 0x0000, 0x0000, 0x0000, 0x0000, 0x0000, 0x0000, 0x0000, 0x0000, 0x0000, 0x0000, 0x0000,   // 0x01A0 (416) pixels
0x0000, 0x0000, 0x0000, 0x0000, 0x0000, 0x0000, 0x0000, 0x0000, 0x0000, 0x0000, 0x0000, 0x0000, 0x0000, 0x0000, 0x0000, 0x0000,   // 0x01B0 (432) pixels
0x0000, 0x0000, 0x0000, 0x0000, 0x0000, 0x0000, 0x0000, 0x0000, 0x0000, 0x0000, 0x0000, 0x0000, 0x0000, 0x0000, 0x0000, 0x0000,   // 0x01C0 (448) pixels
0x0000, 0x0000, 0x0000, 0x0000, 0x0000, 0x0000, 0x0000, 0x0000, 0x0000, 0x0000, 0x0000, 0x0000, 0x0000, 0x0000, 0x0000, 0x0000,   // 0x01D0 (464) pixels
0x0000, 0x0000, 0x0000, 0x0000, 0x0000, 0x0000, 0x0000, 0x0000, 0x0000, 0x0000, 0x0000, 0x0000, 0x0000, 0x0000, 0x0000, 0x0000,   // 0x01E0 (480) pixels
0x0000, 0x0000, 0x0000, 0x0000, 0x0000, 0x0000, 0x0000, 0x0000, 0x0000, 0x0000, 0x0000, 0x0000, 0x0000, 0x0000, 0x0000, 0x0000,   // 0x01F0 (496) pixels
0x0000, 0x0000, 0x0000, 0x0000, 0x0000, 0x0000, 0x0000, 0x0000, 0x0000, 0x0000, 0x0000, 0x0000, 0x0000, 0x0000, 0x0000, 0x0000,   // 0x0200 (512) pixels
0x0000, 0x0000, 0x0000, 0x0000, 0x0000, 0x0000, 0x0000, 0x0000, 0x0000, 0x0000, 0x0000, 0x0000, 0x0000, 0x0000, 0x0000, 0x0000,   // 0x0210 (528) pixels
0x0000, 0x0000, 0x0000, 0x0000, 0x0000, 0x0000, 0x0000, 0x0000, 0x0000, 0x0000, 0x0000, 0x0000, 0x0000, 0x0000, 0x0000, 0x0000,   // 0x0220 (544) pixels
0x0000, 0x0000, 0x0000, 0x0000, 0x0000, 0x0000, 0x0000, 0x0000, 0x0000, 0x0000, 0x0000, 0x0000, 0x0000, 0x0000, 0x0000, 0x0000,   // 0x0230 (560) pixels
0x0000, 0x0000, 0x0000, 0x0000, 0x0000, 0x0000, 0x0000, 0x0000, 0x0000, 0x0000, 0x0000, 0x0000, 0x0000, 0x0000, 0x0000, 0x0000,   // 0x0240 (576) pixels
0x0000, 0x0000, 0x0000, 0x0000, 0x0000, 0x0000, 0x0000, 0x0000, 0x0000, 0x0000, 0x0000, 0x0000, 0x0000, 0x0000, 0x0000, 0x0000,   // 0x0250 (592) pixels
0x0000, 0x0000, 0x0000, 0x0000, 0x0000, 0x0000, 0x0000, 0x0000, 0x0000, 0x0000, 0x0000, 0x0000, 0x0000, 0x0000, 0x0000, 0x0000,   // 0x0260 (608) pixels
0x0000, 0x0000, 0x0000, 0x0000, 0x0000, 0x0000, 0x0000, 0x0000, 0x0000, 0x0000, 0x0000, 0x0000, 0x0000, 0x0000, 0x0000, 0x0000,   // 0x0270 (624) pixels
0x0000, 0x0000, 0x0000, 0x0000, 0x0000, 0x0000, 0x0000, 0x0000, 0x0000, 0x0000, 0x0000, 0x0000, 0x0000, 0x0000, 0x0000, 0x0000,   // 0x0280 (640) pixels
0x0000, 0x0000, 0x0000, 0x0000, 0x0000, 0x0000, 0x0000, 0x0000, 0x0000, 0x0000, 0x0000, 0x0000, 0x0000, 0x0000, 0x0000, 0x0000,   // 0x0290 (656) pixels
0x0000, 0x0000, 0x0000, 0x0000, 0x0000, 0x0000, 0x0000, 0x0000, 0x0000, 0x0000, 0x0000, 0x0000, 0x0000, 0x0000, 0x0000, 0x0000,   // 0x02A0 (672) pixels
0x0000, 0x0000, 0x0000, 0x0000, 0x0000, 0x0000, 0x0000, 0x0000, 0x0000, 0x0000, 0x0000, 0x0000, 0x0000, 0x0000, 0x0000, 0x0000,   // 0x02B0 (688) pixels
0x0000, 0x0000, 0x0000, 0x0000, 0x0000, 0x0000, 0x0000, 0x0000, 0x0000, 0x0000, 0x0000, 0x0000, 0x0000, 0x0000, 0x0000, 0x0000,   // 0x02C0 (704) pixels
0x0000, 0x0000, 0x0000, 0x0000, 0x0000, 0x0000, 0x0000, 0x0000, 0x0000, 0x0000, 0x0000, 0x0000, 0x0000, 0x0000, 0x0000, 0x0000,   // 0x02D0 (720) pixels
0x0000, 0x0000, 0x0000, 0x0000, 0x0000, 0x0000, 0x0000, 0x0000, 0x0000, 0x0000, 0x0000, 0x0000, 0x0000, 0x0000, 0x0000, 0x0000,   // 0x02E0 (736) pixels
0x0000, 0x0000, 0x0000, 0x0000, 0x0000, 0x0000, 0x0000, 0x0000, 0x0000, 0x0000, 0x0000, 0x0000, 0x0000, 0x0000, 0x0000, 0x0000,   // 0x02F0 (752) pixels
0x0000, 0x0000, 0x0000, 0x0000, 0x0000, 0x0000, 0x0000, 0xA002, 0xE003, 0xC002, 0x0000, 0x0000, 0x0000, 0x0000, 0x0000, 0x0000,   // 0x0300 (768) pixels
0x0000, 0x0000, 0x0000, 0x0000, 0x0000, 0x0000, 0x0000, 0x0000, 0x0000, 0x0000, 0x0000, 0x0000, 0x0000, 0x0000, 0x0000, 0x0000,   // 0x0310 (784) pixels
0x0000, 0x0000, 0x0000, 0x0000, 0x0000, 0x0000, 0x0000, 0x0000, 0x0000, 0x0000, 0x0000, 0x0000, 0x0000, 0x0000, 0x0000, 0x0000,   // 0x0320 (800) pixels
0x0000, 0x0000, 0x0000, 0x0000, 0x0000, 0x0000, 0x0000, 0x0000, 0x0000, 0x0000, 0x0000, 0x0000, 0x0000, 0x0000, 0x0000, 0x0000,   // 0x0330 (816) pixels
0x0000, 0x0000, 0x0000, 0x0000, 0x0000, 0x0000, 0x0000, 0x0000, 0x0000, 0x0000, 0x0000, 0x0000, 0x0000, 0x0000, 0x0000, 0x0000,   // 0x0340 (832) pixels
0x0000, 0x0000, 0x0000, 0x0000, 0x0000, 0x0000, 0x0000, 0x0000, 0x0000, 0x0000, 0x0000, 0x0000, 0xC803, 0xE803, 0xE003, 0xF803,   // 0x0350 (848) pixels
0x0800, 0x0000, 0x0000, 0x0000, 0x0000, 0x0000, 0x0000, 0x0000, 0x0000, 0x0000, 0x0000, 0x0000, 0x0000, 0x0000, 0x0000, 0x0000,   // 0x0360 (864) pixels
0x0000, 0x0000, 0x0000, 0x0000, 0x0000, 0x0000, 0x0000, 0x0000, 0x0000, 0x0000, 0x0000, 0x0000, 0x0000, 0x0000, 0x0000, 0x0000,   // 0x0370 (880) pixels
0x0000, 0x0000, 0x0000, 0x0000, 0x0000, 0x0000, 0x0000, 0x0000, 0x0000, 0x0000, 0x0000, 0x0000, 0x0000, 0x0000, 0x0000, 0x0000,   // 0x0380 (896) pixels
0x0000, 0x0000, 0x0000, 0x0000, 0x0000, 0x0000, 0x0000, 0x0000, 0x0000, 0x0000, 0x0000, 0x0000, 0x0000, 0x0000, 0x0000, 0x0000,   // 0x0390 (912) pixels
0x0000, 0x0000, 0x0000, 0x0000, 0x0000, 0x0000, 0x0000, 0x0000, 0x0000, 0x0000, 0x0000, 0x0000, 0x0000, 0x0000, 0x0000, 0x0000,   // 0x03A0 (928) pixels
0x0000, 0xB802, 0xE803, 0xE003, 0xE003, 0xF003, 0x1800, 0x0000, 0x0000, 0x0000, 0x0000, 0x0000, 0x0000, 0x0000, 0x0000, 0x0000,   // 0x03B0 (944) pixels
0x0000, 0x0000, 0x0000, 0x0000, 0x0000, 0x0000, 0x0000, 0x0000, 0x0000, 0x0000, 0x0000, 0x0000, 0x0000, 0x0000, 0x0000, 0x0000,   // 0x03C0 (960) pixels
0x0000, 0x0000, 0x0000, 0x0000, 0x0000, 0x0000, 0x0000, 0x0000, 0x0000, 0x0000, 0x0000, 0x0000, 0x0000, 0x0000, 0x0000, 0x0000,   // 0x03D0 (976) pixels
0x0000, 0x0000, 0x0000, 0x0000, 0x0000, 0x0000, 0x0000, 0x0000, 0x0000, 0x0000, 0x0000, 0x0000, 0x0000, 0x0000, 0x0000, 0x0000,   // 0x03E0 (992) pixels
0x0000, 0x0000, 0x0000, 0x0000, 0x0000, 0x0000, 0x0000, 0x0000, 0x0000, 0x0000, 0x0000, 0x0000, 0x0000, 0x0000, 0x0000, 0x0000,   // 0x03F0 (1008) pixels
0x0000, 0x0000, 0x0000, 0x0000, 0x0000, 0x0000, 0xA002, 0xF003, 0xE803, 0xE003, 0xE003, 0xF003, 0x0000, 0x0000, 0x0000, 0x0000,   // 0x0400 (1024) pixels
0x0000, 0x0000, 0x0000, 0x0000, 0x0000, 0x0000, 0x0000, 0x0000, 0x0000, 0x0000, 0x0000, 0x0000, 0x0000, 0x0000, 0x0000, 0x0000,   // 0x0410 (1040) pixels
0x0000, 0x0000, 0x0000, 0x0000, 0x0000, 0x0000, 0x0000, 0x0000, 0x0000, 0x0000, 0x0000, 0x0000, 0x0000, 0x0000, 0x0000, 0x0000,   // 0x0420 (1056) pixels
0x0000, 0x0000, 0x0000, 0x0000, 0x0000, 0x0000, 0x0000, 0x0000, 0x0000, 0x0000, 0x0000, 0x0000, 0x0000, 0x0000, 0x0000, 0x0000,   // 0x0430 (1072) pixels
0x0000, 0x0000, 0x0000, 0x0000, 0x0000, 0x0000, 0x0000, 0x0000, 0x0000, 0x0000, 0x0000, 0x0000, 0x0000, 0x0000, 0x0000, 0x0000,   // 0x0440 (1088) pixels
0x0000, 0x0000, 0x0000, 0x0000, 0x0000, 0x0000, 0x0000, 0x0000, 0x0000, 0x0000, 0x0000, 0x8002, 0xF803, 0xD002, 0x5801, 0xE803,   // 0x0450 (1104) pixels
0xE003, 0xF003, 0x0000, 0x0000, 0x0000, 0x0000, 0x0000, 0x0000, 0x0000, 0x0000, 0x0000, 0x0000, 0x0000, 0x0000, 0x0000, 0x0000,   // 0x0460 (1120) pixels
0x0000, 0x0000, 0x0000, 0x0000, 0x0000, 0x0000, 0x0000, 0x0000, 0x0000, 0x0000, 0x0000, 0x0000, 0x0000, 0x0000, 0x0000, 0x0000,   // 0x0470 (1136) pixels
0x0000, 0x0000, 0x0000, 0x0000, 0x0000, 0x0000, 0x0000, 0x0000, 0x0000, 0x0000, 0x0000, 0x0000, 0x0000, 0x0000, 0x0000, 0x0000,   // 0x0480 (1152) pixels
0x0000, 0x0000, 0x0000, 0x0000, 0x0000, 0x0000, 0x0000, 0x0000, 0x0000, 0x0000, 0x0000, 0x0000, 0x0000, 0x0000, 0x0000, 0x0000,   // 0x0490 (1168) pixels
0x0000, 0x0000, 0x0000, 0x0000, 0x0061, 0x02C6, 0x0347, 0x0347, 0x0307, 0x02A6, 0x0245, 0x01E4, 0x0183, 0x0122, 0x0000, 0x0000,   // 0x04A0 (1184) pixels
0x6001, 0xF803, 0xF003, 0x0000, 0x6001, 0xF003, 0xE003, 0xF003, 0x0000, 0x0000, 0x0000, 0x0000, 0x0000, 0x0000, 0x0000, 0x0000,   // 0x04B0 (1200) pixels
0x0000, 0x0000, 0x0000, 0x0000, 0x0000, 0x0000, 0x0000, 0x0000, 0x0000, 0x0000, 0x0000, 0x0000, 0x0000, 0x0000, 0x0000, 0x0000,   // 0x04C0 (1216) pixels
0x0000, 0x0000, 0x0000, 0x0000, 0x0000, 0x0000, 0x0000, 0x0000, 0x3000, 0x0000, 0x0000, 0x0000, 0x0000, 0x0000, 0x0000, 0x0000,   // 0x04D0 (1232) pixels
0x0000, 0x0000, 0x0000, 0x0000, 0x0000, 0x0000, 0x0000, 0x0000, 0x0000, 0x0000, 0x0000, 0x0000, 0x0000, 0x0000, 0x0000, 0x0000,   // 0x04E0 (1248) pixels
0x0000, 0x0000, 0x0000, 0x0000, 0x0000, 0x0000, 0x0000, 0x0000, 0x0000, 0x0000, 0x0327, 0x0307, 0x0327, 0x0347, 0x0347, 0x0347,   // 0x04F0 (1264) pixels
0x0368, 0x0368, 0x0368, 0x0388, 0x0204, 0x3000, 0xF803, 0xF003, 0x1800, 0x0000, 0x5801, 0xF003, 0xE003, 0xF003, 0x0000, 0x0000,   // 0x0500 (1280) pixels
0x0000, 0x0000, 0x0000, 0x0000, 0x0000, 0x0000, 0x0000, 0x0000, 0x0000, 0x0000, 0x0000, 0x0000, 0x0000, 0x0000, 0x0000, 0x0000,   // 0x0510 (1296) pixels
0x0000, 0x0000, 0x0000, 0x0000, 0x0000, 0x0000, 0x0000, 0x0000, 0x0000, 0x0000, 0x0800, 0x6001, 0xB802, 0xF803, 0xB802, 0x0000,   // 0x0520 (1312) pixels
0x0000, 0x0000, 0x0000, 0x0000, 0x0000, 0x0000, 0x0000, 0x0000, 0x0000, 0x0000, 0x0000, 0x0000, 0x0000, 0x0000, 0x0000, 0x0000,   // 0x0530 (1328) pixels
0x0000, 0x0000, 0x0000, 0x0000, 0x0000, 0x0000, 0x0000, 0x0000, 0x0000, 0x0000, 0x0000, 0x0000, 0x0000, 0x0000, 0x0000, 0x00A1,   // 0x0540 (1344) pixels
0x0347, 0x0327, 0x0123, 0x0000, 0x0000, 0x0020, 0x0000, 0x0000, 0x0000, 0x0000, 0x0800, 0xF803, 0xF803, 0x2000, 0x0000, 0x0000,   // 0x0550 (1360) pixels
0x5801, 0xF003, 0xE003, 0xF003, 0x1800, 0x0000, 0x0000, 0x0000, 0x0000, 0x0000, 0x0000, 0x0000, 0x0000, 0x0000, 0x0000, 0x0000,   // 0x0560 (1376) pixels
0x0000, 0x0000, 0x0000, 0x0000, 0x0000, 0x0000, 0x0000, 0x0000, 0x0000, 0x0000, 0x0000, 0x0000, 0x0000, 0x0000, 0x5001, 0xD003,   // 0x0570 (1392) pixels
0xF003, 0xF003, 0xE803, 0xE803, 0xA802, 0x0000, 0x0000, 0x0000, 0x0000, 0x0000, 0x0000, 0x0000, 0x0000, 0x0000, 0x0000, 0x0000,   // 0x0580 (1408) pixels
0x0000, 0x0000, 0x0000, 0x0000, 0x0000, 0x0000, 0x0000, 0x0000, 0x0000, 0x0000, 0x0000, 0x0000, 0x0000, 0x0000, 0x0000, 0x0000,   // 0x0590 (1424) pixels
0x0000, 0x0000, 0x0000, 0x0000, 0x0000, 0x00C1, 0x0347, 0x0307, 0x0327, 0x0225, 0x0000, 0x0000, 0x0000, 0x0000, 0x0000, 0x0000,   // 0x05A0 (1440) pixels
0x3800, 0xD803, 0x3800, 0x0000, 0x0000, 0x0000, 0x3800, 0xF003, 0xE003, 0xF003, 0x3081, 0x0307, 0x0102, 0x0020, 0x0000, 0x0000,   // 0x05B0 (1456) pixels
0x0000, 0x0000, 0x0000, 0x0000, 0x0000, 0x0000, 0x0000, 0x0000, 0x0000, 0x0000, 0x0000, 0x0000, 0x0000, 0x0000, 0x0000, 0x0000,   // 0x05C0 (1472) pixels
0x0000, 0x0000, 0x0000, 0x0000, 0x9002, 0xF003, 0xE003, 0xE003, 0xE003, 0xE803, 0xA802, 0x0000, 0x0000, 0x0000, 0x0000, 0x0000,   // 0x05D0 (1488) pixels
0x0000, 0x0000, 0x0000, 0x0000, 0x0000, 0x0000, 0x0000, 0x0000, 0x0000, 0x0000, 0x0000, 0x0000, 0x0000, 0x0000, 0x0000, 0x0000,   // 0x05E0 (1504) pixels
0x0000, 0x0000, 0x0000, 0x0000, 0x0000, 0x0000, 0x0000, 0x0000, 0x0000, 0x0000, 0x0000, 0x0000, 0x0347, 0x0307, 0x0307, 0x0327,   // 0x05F0 (1520) pixels
0x0347, 0x01A4, 0x0000, 0x0000, 0x0000, 0x0000, 0x0000, 0x0000, 0x0000, 0x0000, 0x0000, 0x0000, 0x2800, 0xF003, 0xE003, 0xF003,   // 0x0600 (1536) pixels
0x4800, 0x0142, 0x0368, 0x03A8, 0x0368, 0x0307, 0x02A6, 0x0225, 0x01A4, 0x00E2, 0x0000, 0x0000, 0x0000, 0x0000, 0x0000, 0x0000,   // 0x0610 (1552) pixels
0x0000, 0x0000, 0x0000, 0x0000, 0x0000, 0x0000, 0x0000, 0x0000, 0x0000, 0x0000, 0x8001, 0xE803, 0xE003, 0xE003, 0xE003, 0xE803,   // 0x0620 (1568) pixels
0xA802, 0x0000, 0x0000, 0x0000, 0x0000, 0x0000, 0x0000, 0x0000, 0x0000, 0x0000, 0x0000, 0x0000, 0x0000, 0x0000, 0x0000, 0x0000,   // 0x0630 (1584) pixels
0x0000, 0x0000, 0x0000, 0x0000, 0x0000, 0x0000, 0x0000, 0x0000, 0x0000, 0x0000, 0x0000, 0x0000, 0x0000, 0x0000, 0x0000, 0x0000,   // 0x0640 (1600) pixels
0x0000, 0x0000, 0x0143, 0x0347, 0x0307, 0x0307, 0x0307, 0x0327, 0x0327, 0x0183, 0x0000, 0x0000, 0x0000, 0x0000, 0x0000, 0x0000,   // 0x0650 (1616) pixels
0x0000, 0x0000, 0x1000, 0xF003, 0xE003, 0xF003, 0x6801, 0x0000, 0x0000, 0x0081, 0x0163, 0x0205, 0x02A6, 0x02C6, 0x0327, 0x0347,   // 0x0660 (1632) pixels
0x0307, 0x0061, 0x0000, 0x0000, 0x0000, 0x2000, 0x9002, 0xD003, 0xE803, 0xF003, 0xF003, 0xE803, 0xE003, 0xC802, 0xA002, 0x9802,   // 0x0670 (1648) pixels
0xC802, 0xE003, 0xE003, 0xE003, 0xE003, 0xE003, 0xD003, 0x9802, 0xA002, 0xA002, 0xC002, 0xD003, 0xD803, 0xE003, 0xE003, 0xD803,   // 0x0680 (1664) pixels
0xD803, 0xC002, 0x9002, 0x3800, 0x0000, 0x0000, 0x0000, 0x4801, 0x9802, 0x9002, 0x9002, 0x9002, 0xA002, 0x2800, 0x0000, 0x6001,   // 0x0690 (1680) pixels
0xC802, 0xE003, 0x1000, 0x0000, 0x0000, 0x0000, 0x0000, 0x0000, 0x0000, 0x0060, 0x02C6, 0x0347, 0x0307, 0x0307, 0x0307, 0x0327,   // 0x06A0 (1696) pixels
0x0307, 0x0102, 0x0000, 0x0000, 0x0000, 0x0000, 0x0000, 0x0000, 0x0000, 0xE803, 0xE003, 0xE803, 0x9002, 0x0000, 0x0000, 0x0000,   // 0x06B0 (1712) pixels
0x0000, 0x0000, 0x0000, 0x01A3, 0x0327, 0x0307, 0x0327, 0x0327, 0x0000, 0x0000, 0x9002, 0xF803, 0xE803, 0xE003, 0xE003, 0xE003,   // 0x06C0 (1728) pixels
0xE003, 0xE003, 0xE003, 0xE003, 0xE803, 0xE803, 0xE003, 0xE003, 0xE003, 0xE003, 0xE003, 0xE003, 0xE003, 0xE803, 0xE803, 0xE803,   // 0x06D0 (1744) pixels
0xE803, 0xE003, 0xE003, 0xE003, 0xE003, 0xE003, 0xE003, 0xE003, 0xE803, 0xF803, 0xD803, 0x1000, 0x0000, 0x7001, 0xF803, 0xE803,   // 0x06E0 (1760) pixels
0xE803, 0xE803, 0xF803, 0x2800, 0xA002, 0xF803, 0xE003, 0xF803, 0x1800, 0x0000, 0x0000, 0x0000, 0x0000, 0x0000, 0x0000, 0x0000,   // 0x06F0 (1776) pixels
0x0000, 0x00E2, 0x02C6, 0x0347, 0x0307, 0x0307, 0x0307, 0x0347, 0x0245, 0x0000, 0x0000, 0x0000, 0x0000, 0x0000, 0x0000, 0xE003,   // 0x0700 (1792) pixels
0xE003, 0xE803, 0xB002, 0x0000, 0x0000, 0x0000, 0x0000, 0x0163, 0x0347, 0x0327, 0x0307, 0x0347, 0x0286, 0x0020, 0x0000, 0x5801,   // 0x0710 (1808) pixels
0xF803, 0xE003, 0xE003, 0xE003, 0xE003, 0xF003, 0xF003, 0xF003, 0xF003, 0xE803, 0xE003, 0xE003, 0xE003, 0xE003, 0xE003, 0xE003,   // 0x0720 (1824) pixels
0xE003, 0xE003, 0xE003, 0xE003, 0xE003, 0xE003, 0xE803, 0xE803, 0xF003, 0xF003, 0xF003, 0xE803, 0xE003, 0xE003, 0xE003, 0xE003,   // 0x0730 (1840) pixels
0xE803, 0xE803, 0x0000, 0x6801, 0xF003, 0xE003, 0xE003, 0xE003, 0xE803, 0xA002, 0xF003, 0xE003, 0xE003, 0xF803, 0x1800, 0x0000,   // 0x0740 (1856) pixels
0x0000, 0x0000, 0x0000, 0x0000, 0x0000, 0x0000, 0x0000, 0x0000, 0x0000, 0x0102, 0x0307, 0x0327, 0x0307, 0x0307, 0x0327, 0x02E6,   // 0x0750 (1872) pixels
0x0000, 0x0000, 0x0000, 0x0000, 0x0000, 0xB802, 0xE803, 0xE003, 0xC803, 0x0000, 0x0000, 0x0000, 0x02A6, 0x0347, 0x0307, 0x0327,   // 0x0760 (1888) pixels
0x0307, 0x0102, 0x0000, 0x0000, 0x0000, 0xC803, 0xE003, 0xE003, 0xE003, 0xE003, 0xE003, 0x4801, 0x1000, 0x2000, 0x4801, 0x9002,   // 0x0770 (1904) pixels
0xE003, 0xE003, 0xE003, 0xE003, 0xE003, 0xE003, 0xE003, 0xE003, 0xE803, 0xF803, 0xF803, 0xF003, 0xB802, 0x7801, 0x5001, 0x4001,   // 0x0780 (1920) pixels
0x4801, 0x6801, 0xD003, 0xE003, 0xE003, 0xE003, 0xE003, 0xF003, 0x7001, 0x6001, 0xF003, 0xE003, 0xE003, 0xE003, 0xE003, 0xE803,   // 0x0790 (1936) pixels
0xE003, 0xE003, 0xE003, 0xF803, 0x1800, 0x0000, 0x0000, 0x0000, 0x0000, 0x0000, 0x0000, 0x0000, 0x0000, 0x0000, 0x0000, 0x0000,   // 0x07A0 (1952) pixels
0x0000, 0x0163, 0x0347, 0x0307, 0x0307, 0x0307, 0x0307, 0x0000, 0x0000, 0x0000, 0x0000, 0xA802, 0xE803, 0xE003, 0xE803, 0x0000,   // 0x07B0 (1968) pixels
0x0040, 0x0327, 0x0307, 0x0307, 0x0347, 0x0204, 0x0000, 0x0000, 0x0000, 0x0000, 0x0000, 0xD803, 0xE003, 0xE003, 0xE003, 0xE003,   // 0x07C0 (1984) pixels
0xE003, 0x7001, 0x4000, 0x0800, 0x0000, 0x0000, 0x0000, 0x0000, 0x8002, 0xE803, 0xE003, 0xE003, 0xE003, 0xE803, 0xA802, 0x0000,   // 0x07D0 (2000) pixels
0x0000, 0x0000, 0x0000, 0x0000, 0x0000, 0x0000, 0x0000, 0x0000, 0x0000, 0xE803, 0xE003, 0xE003, 0xE003, 0xE803, 0xA802, 0x5801,   // 0x07E0 (2016) pixels
0xF003, 0xE003, 0xE003, 0xE003, 0xE003, 0xE003, 0xE003, 0xE803, 0xF003, 0xF803, 0x2000, 0x0000, 0x0000, 0x0000, 0x0000, 0x0000,   // 0x07F0 (2032) pixels
0x0000, 0x0000, 0x0000, 0x0000, 0x0000, 0x0000, 0x0122, 0x0204, 0x0060, 0x0265, 0x0347, 0x0307, 0x0307, 0x02E7, 0x0000, 0x0000,   // 0x0800 (2048) pixels
0x0000, 0x9002, 0xE803, 0xE003, 0xF003, 0x0800, 0x0307, 0x0307, 0x0307, 0x0327, 0x00A1, 0x0000, 0x0000, 0x0000, 0x0000, 0x0000,   // 0x0810 (2064) pixels
0x0000, 0xA802, 0xE803, 0xE003, 0xE003, 0xE003, 0xE003, 0xE803, 0xF003, 0xF803, 0xE003, 0xA802, 0x1800, 0x0000, 0x8802, 0xE803,   // 0x0820 (2080) pixels
0xE003, 0xE003, 0xE003, 0xE803, 0xA802, 0x0000, 0x0000, 0x0000, 0x4000, 0xB002, 0xE003, 0xF803, 0xF803, 0xF803, 0xE803, 0xE003,   // 0x0830 (2096) pixels
0xE003, 0xE003, 0xE003, 0xE803, 0xA802, 0x5801, 0xF003, 0xE003, 0xE003, 0xE003, 0xE003, 0xE003, 0xF803, 0x8001, 0x3000, 0x4001,   // 0x0840 (2112) pixels
0x0800, 0x0000, 0x0000, 0x0000, 0x0000, 0x0000, 0x0000, 0x0000, 0x0000, 0x0000, 0x0000, 0x02A6, 0x0347, 0x0368, 0x0061, 0x0000,   // 0x0850 (2128) pixels
0x00E2, 0x0307, 0x0347, 0x0347, 0x02A6, 0x0000, 0x0000, 0x6801, 0xF003, 0xE003, 0xF003, 0x3841, 0x0245, 0x0368, 0x0286, 0x0000,   // 0x0860 (2144) pixels
0x0000, 0x0000, 0x0000, 0x0000, 0x0000, 0x0000, 0x0000, 0x1000, 0xF003, 0xF003, 0xE003, 0xE003, 0xE003, 0xE003, 0xE003, 0xE003,   // 0x0870 (2160) pixels
0xE003, 0xE803, 0xF803, 0x3000, 0x8001, 0xE803, 0xE003, 0xE003, 0xE003, 0xE803, 0xA802, 0x0000, 0x0000, 0xA002, 0xF803, 0xE803,   // 0x0880 (2176) pixels
0xE003, 0xE003, 0xE003, 0xE803, 0xF003, 0xE003, 0xE003, 0xE003, 0xE003, 0xE803, 0xA802, 0x5801, 0xF003, 0xE003, 0xE003, 0xE003,   // 0x0890 (2192) pixels
0xE003, 0xF003, 0x4001, 0x0000, 0x0000, 0x0000, 0x0000, 0x0000, 0x0000, 0x0000, 0x0000, 0x0000, 0x0000, 0x0000, 0x0000, 0x0000,   // 0x08A0 (2208) pixels
0x0307, 0x0327, 0x0327, 0x01C4, 0x0000, 0x0000, 0x0000, 0x0000, 0x0163, 0x0142, 0x02E6, 0x0204, 0x0000, 0x4801, 0xF003, 0xE003,   // 0x08B0 (2224) pixels
0xE803, 0x8001, 0x0163, 0x0163, 0x0000, 0x0000, 0x0000, 0x0000, 0x0000, 0x0000, 0x0000, 0x0000, 0x0000, 0x0000, 0x0000, 0x8001,   // 0x08C0 (2240) pixels
0xD803, 0xF803, 0xF003, 0xF003, 0xE003, 0xE003, 0xE003, 0xE003, 0xE803, 0xB802, 0x7801, 0xE803, 0xE003, 0xE003, 0xE003, 0xE803,   // 0x08D0 (2256) pixels
0xA802, 0x0000, 0x5001, 0xF803, 0xE003, 0xE003, 0xE003, 0xE803, 0xC002, 0x7001, 0x5801, 0xE003, 0xE003, 0xE003, 0xE003, 0xE803,   // 0x08E0 (2272) pixels
0xA802, 0x5801, 0xF003, 0xE003, 0xE003, 0xE003, 0xE003, 0xC002, 0x0000, 0x0000, 0x0000, 0x0000, 0x0000, 0x0000, 0x0000, 0x0000,   // 0x08F0 (2288) pixels
0x0000, 0x0000, 0x0000, 0x0000, 0x0000, 0x02A6, 0x0327, 0x0307, 0x0347, 0x0040, 0x0000, 0x0000, 0x0000, 0x0000, 0x0000, 0x0000,   // 0x0900 (2304) pixels
0x0000, 0x0265, 0x0060, 0x2000, 0xF803, 0xE003, 0xE803, 0xB802, 0x0000, 0x0000, 0x0000, 0x0000, 0x0000, 0x0000, 0x0000, 0x0000,   // 0x0910 (2320) pixels
0x0000, 0x0000, 0xE003, 0x4000, 0x0000, 0x0000, 0x0000, 0x0000, 0x1800, 0x5801, 0xE003, 0xE003, 0xE003, 0xE003, 0xE003, 0xD803,   // 0x0920 (2336) pixels
0x7801, 0xE803, 0xE003, 0xE003, 0xE003, 0xE003, 0xD803, 0x0000, 0xA802, 0xE803, 0xE003, 0xE003, 0xE003, 0xD003, 0x0000, 0x0000,   // 0x0930 (2352) pixels
0x0000, 0xF003, 0xE003, 0xE003, 0xE003, 0xE803, 0xA802, 0x5801, 0xF003, 0xE003, 0xE003, 0xE003, 0xE803, 0xA802, 0x0000, 0x0000,   // 0x0940 (2368) pixels
0x0000, 0x0000, 0x0000, 0x0000, 0x0000, 0x0000, 0x0000, 0x0000, 0x0000, 0x0000, 0x0265, 0x0327, 0x0307, 0x0307, 0x0286, 0x0000,   // 0x0950 (2384) pixels
0x0000, 0x0000, 0x0000, 0x0000, 0x0000, 0x0000, 0x0000, 0x0000, 0x0000, 0x0000, 0xF003, 0xE003, 0xE003, 0xF803, 0x0000, 0x0000,   // 0x0960 (2400) pixels
0x0000, 0x0000, 0x0000, 0x0000, 0x0000, 0x0000, 0x0000, 0x0000, 0xE003, 0xF003, 0xD803, 0x7801, 0x4000, 0x2000, 0x2000, 0x4001,   // 0x0970 (2416) pixels
0xE003, 0xE003, 0xE003, 0xE003, 0xE003, 0xC002, 0x6801, 0xE803, 0xE003, 0xE003, 0xE003, 0xE003, 0xE003, 0xF003, 0xE003, 0xE003,   // 0x0980 (2432) pixels
0xE003, 0xE003, 0xE003, 0xE803, 0x3800, 0x0000, 0xB002, 0xE803, 0xE003, 0xE003, 0xE003, 0xE803, 0xA802, 0x5801, 0xF003, 0xE003,   // 0x0990 (2448) pixels
0xE003, 0xE003, 0xE803, 0xA802, 0x0000, 0x0000, 0x0000, 0x0000, 0x0000, 0x0000, 0x0000, 0x0000, 0x0000, 0x0000, 0x0000, 0x01E4,   // 0x09A0 (2464) pixels
0x0327, 0x0307, 0x0307, 0x0347, 0x0081, 0x0000, 0x0000, 0x0000, 0x0000, 0x0000, 0x0000, 0x0000, 0x0000, 0x0000, 0x0000, 0x0000,   // 0x09B0 (2480) pixels
0xC802, 0xE003, 0xE003, 0xF003, 0x3800, 0x0000, 0x0000, 0x0000, 0x0000, 0x0000, 0x0000, 0x0000, 0x0000, 0x0000, 0xD803, 0xE003,   // 0x09C0 (2496) pixels
0xE003, 0xE803, 0xF003, 0xF003, 0xF003, 0xF003, 0xE003, 0xE003, 0xE003, 0xE003, 0xF803, 0x4001, 0x2800, 0xF803, 0xE003, 0xE003,   // 0x09D0 (2512) pixels
0xE003, 0xE003, 0xE003, 0xE003, 0xE003, 0xE003, 0xE003, 0xE003, 0xE003, 0xE003, 0xF003, 0xF803, 0xE803, 0xE003, 0xE003, 0xE003,   // 0x09E0 (2528) pixels
0xE003, 0xE803, 0xA802, 0x5801, 0xF003, 0xE003, 0xE003, 0xE003, 0xE803, 0xA802, 0x0000, 0x0000, 0x0000, 0x0000, 0x0000, 0x0000,   // 0x09F0 (2544) pixels
0x0000, 0x0000, 0x0000, 0x0000, 0x0163, 0x0347, 0x0307, 0x0307, 0x0327, 0x0183, 0x0000, 0x0081, 0x0143, 0x01E4, 0x0265, 0x02E6,   // 0x0A00 (2560) pixels
0x0347, 0x0388, 0x02E7, 0x0205, 0x0163, 0x0000, 0x9802, 0xE803, 0xE003, 0xE803, 0x8802, 0x0000, 0x0000, 0x0000, 0x0000, 0x0000,   // 0x0A10 (2576) pixels
0x0000, 0x0000, 0x0000, 0x0000, 0xE003, 0xF003, 0xE803, 0xE803, 0xE003, 0xE003, 0xE003, 0xE003, 0xE003, 0xE803, 0xF003, 0xF803,   // 0x0A20 (2592) pixels
0x6001, 0x0000, 0x0000, 0xA802, 0xF003, 0xE003, 0xE003, 0xE003, 0xE003, 0xE003, 0xE803, 0xE803, 0xE803, 0xE003, 0xE003, 0xE003,   // 0x0A30 (2608) pixels
0xE003, 0xF003, 0xB802, 0xE803, 0xE003, 0xE003, 0xE003, 0xE803, 0xB002, 0x5801, 0xF003, 0xE003, 0xE003, 0xE003, 0xE803, 0xA802,   // 0x0A40 (2624) pixels
0x0000, 0x0000, 0x0000, 0x0000, 0x0000, 0x0000, 0x0000, 0x0000, 0x0000, 0x00C1, 0x0347, 0x0307, 0x0307, 0x0307, 0x0307, 0x0245,   // 0x0A50 (2640) pixels
0x0327, 0x0347, 0x0347, 0x0347, 0x0368, 0x02A6, 0x0163, 0x0040, 0x0000, 0x0000, 0x0000, 0x0000, 0x5801, 0xF003, 0xE003, 0xE003,   // 0x0A60 (2656) pixels
0xE003, 0x0000, 0x0000, 0x0000, 0x0000, 0x0000, 0x0000, 0x0000, 0x0000, 0x0000, 0x0000, 0x3000, 0x8001, 0xB802, 0xE803, 0xF803,   // 0x0A70 (2672) pixels
0xF803, 0xF003, 0xE803, 0xC002, 0x7001, 0x0000, 0x0000, 0x0000, 0x0000, 0x0000, 0x7801, 0xE803, 0xF803, 0xF803, 0xF803, 0xE803,   // 0x0A80 (2688) pixels
0xA802, 0x0800, 0xA802, 0xF803, 0xF803, 0xF803, 0xE803, 0x7801, 0x0000, 0xF003, 0xE003, 0xE003, 0xE003, 0xE803, 0xB002, 0x5801,   // 0x0A90 (2704) pixels
0xF003, 0xE803, 0xE803, 0xE803, 0xF003, 0xB002, 0x0000, 0x0000, 0x0000, 0x0000, 0x0000, 0x0000, 0x0000, 0x0000, 0x0000, 0x0327,   // 0x0AA0 (2720) pixels
0x0327, 0x0307, 0x0307, 0x0307, 0x0307, 0x0327, 0x0327, 0x0347, 0x0307, 0x0163, 0x0061, 0x0000, 0x0000, 0x0000, 0x0000, 0x0000,   // 0x0AB0 (2736) pixels
0x0000, 0x0000, 0x1000, 0xF003, 0xE003, 0xE003, 0xF803, 0x0800, 0x0000, 0x0000, 0x0000, 0x0000, 0x0000, 0x0000, 0x0000, 0x0000,   // 0x0AC0 (2752) pixels
0x0000, 0x0000, 0x0000, 0x0000, 0x0000, 0x0000, 0x0000, 0x0000, 0x0000, 0x0000, 0x0000, 0x0000, 0x0000, 0x0000, 0x0000, 0x0000,   // 0x0AD0 (2768) pixels
0x0000, 0x0000, 0x0000, 0x1000, 0x0000, 0x0000, 0x0000, 0x0000, 0x0000, 0x0000, 0x0800, 0x0000, 0x0000, 0x0000, 0x0000, 0x0000,   // 0x0AE0 (2784) pixels
0x0000, 0x0000, 0x0000, 0x0000, 0x0000, 0x0000, 0x0000, 0x0000, 0x0000, 0x0000, 0x0000, 0x0000, 0x0000, 0x0000, 0x0000, 0x0000,   // 0x0AF0 (2800) pixels
0x0000, 0x0000, 0x0000, 0x0000, 0x0000, 0x00E2, 0x0265, 0x02E7, 0x02C6, 0x0286, 0x0245, 0x01E4, 0x0143, 0x0061, 0x0000, 0x0000,   // 0x0B00 (2816) pixels
0x0000, 0x0000, 0x0000, 0x0000, 0x0000, 0x0000, 0x0000, 0x0000, 0x0000, 0xD003, 0xE003, 0xE003, 0xF003, 0x6001, 0x0000, 0x0000,   // 0x0B10 (2832) pixels
0x0000, 0x0000, 0x0000, 0x0000, 0x0000, 0x0000, 0x0000, 0x0000, 0x0000, 0x0000, 0x0000, 0x0000, 0x0000, 0x0000, 0x0000, 0x0000,   // 0x0B20 (2848) pixels
0x0000, 0x0000, 0x0000, 0x0000, 0x0000, 0x0000, 0x0000, 0x0000, 0x0000, 0x0000, 0x0000, 0x0000, 0x0000, 0x0000, 0x0000, 0x0000,   // 0x0B30 (2864) pixels
0x0000, 0x0000, 0x0000, 0x0000, 0x0000, 0x0000, 0x0000, 0x0000, 0x0000, 0x0000, 0x0000, 0x0000, 0x0000, 0x0000, 0x0000, 0x0000,   // 0x0B40 (2880) pixels
0x0000, 0x0000, 0x0000, 0x0000, 0x0000, 0x0000, 0x0000, 0x0000, 0x0000, 0x0000, 0x0000, 0x0000, 0x0000, 0x0000, 0x0000, 0x0000,   // 0x0B50 (2896) pixels
0x0000, 0x0000, 0x0000, 0x0000, 0x0000, 0x0000, 0x0000, 0x0000, 0x0000, 0x0000, 0x0000, 0x0000, 0x0000, 0x0000, 0x0000, 0x8001,   // 0x0B60 (2912) pixels
0xE803, 0xE003, 0xF003, 0x3000, 0x0000, 0x0000, 0x0000, 0x0000, 0x0000, 0x0000, 0x0000, 0x0000, 0x0000, 0x0000, 0x0000, 0x0000,   // 0x0B70 (2928) pixels
0x0000, 0x0000, 0x0000, 0x0000, 0x0000, 0x0000, 0x0000, 0x0000, 0x0000, 0x0000, 0x0000, 0x0000, 0x0000, 0x0000, 0x0000, 0x0000,   // 0x0B80 (2944) pixels
0x0000, 0x0000, 0x0000, 0x0000, 0x0000, 0x0000, 0x0000, 0x0000, 0x0000, 0x0000, 0x0000, 0x0000, 0x0000, 0x0000, 0x0000, 0x0000,   // 0x0B90 (2960) pixels
0x0000, 0x0000, 0x0000, 0x0000, 0x0000, 0x0000, 0x0000, 0x0000, 0x0000, 0x0000, 0x0000, 0x0000, 0x0000, 0x0000, 0x0000, 0x0000,   // 0x0BA0 (2976) pixels
0x0000, 0x0000, 0x0000, 0x0000, 0x0000, 0x0000, 0x0000, 0x0000, 0x0000, 0x0000, 0x0000, 0x0000, 0x0000, 0x0000, 0x0000, 0x0000,   // 0x0BB0 (2992) pixels
0x0000, 0x0000, 0x0000, 0x0000, 0x0000, 0x2800, 0xF803, 0xE003, 0xE803, 0x7001, 0x0000, 0x0000, 0x0000, 0x0000, 0x0000, 0x0000,   // 0x0BC0 (3008) pixels
0x0000, 0x0000, 0x0000, 0x0000, 0x0000, 0x0000, 0x0000, 0x0000, 0x0000, 0x0000, 0x0000, 0x0000, 0x0000, 0x0000, 0x0000, 0x0000,   // 0x0BD0 (3024) pixels
0x0000, 0x0000, 0x0000, 0x0000, 0x0000, 0x0000, 0x0000, 0x0000, 0x0000, 0x0000, 0x0000, 0x0000, 0x0000, 0x0000, 0x0000, 0x0000,   // 0x0BE0 (3040) pixels
0x0000, 0x0000, 0x0000, 0x0000, 0x0000, 0x0000, 0x0000, 0x0000, 0x0000, 0x0000, 0x0000, 0x0000, 0x0000, 0x0000, 0x0000, 0x0000,   // 0x0BF0 (3056) pixels
0x0000, 0x0000, 0x0000, 0x0000, 0x0000, 0x0000, 0x0000, 0x0000, 0x0000, 0x0000, 0x0000, 0x0000, 0x0000, 0x0000, 0x0000, 0x0000,   // 0x0C00 (3072) pixels
0x0000, 0x0000, 0x0000, 0x0000, 0x0000, 0x0000, 0x0000, 0x0000, 0x0000, 0x0000, 0x0000, 0x0000, 0xE803, 0xE803, 0xD803, 0x0000,   // 0x0C10 (3088) pixels
0x0000, 0x0000, 0x0000, 0x0000, 0x0000, 0x0000, 0x0000, 0x0000, 0x0000, 0x0000, 0x0000, 0x0000, 0x0000, 0x0000, 0x0000, 0x0000,   // 0x0C20 (3104) pixels
0x0000, 0x0000, 0x0000, 0x0000, 0x0000, 0x0000, 0x0000, 0x0000, 0x0000, 0x0000, 0x0000, 0x0000, 0x0000, 0x0000, 0x0000, 0x0000,   // 0x0C30 (3120) pixels
0x0000, 0x0000, 0x0000, 0x0000, 0x0000, 0x0000, 0x0000, 0x0000, 0x0000, 0x0000, 0x0000, 0x0000, 0x0000, 0x0000, 0x0000, 0x0000,   // 0x0C40 (3136) pixels
0x0000, 0x0000, 0x0000, 0x0000, 0x0000, 0x0000, 0x0000, 0x0000, 0x0000, 0x0000, 0x0000, 0x0000, 0x0000, 0x0000, 0x0000, 0x0000,   // 0x0C50 (3152) pixels
0x0000, 0x0000, 0x0000, 0x0000, 0x0000, 0x0000, 0x0000, 0x0000, 0x0000, 0x0000, 0x0000, 0x0000, 0x0000, 0x0000, 0x0000, 0x0000,   // 0x0C60 (3168) pixels
0x0000, 0x0000, 0x0000, 0xE803, 0xD003, 0x0000, 0x0000, 0x0000, 0x0000, 0x0000, 0x0000, 0x0000, 0x0000, 0x0000, 0x0000, 0x0000,   // 0x0C70 (3184) pixels
0x0000, 0x0000, 0x0000, 0x0000, 0x0000, 0x0000, 0x0000, 0x0000, 0x0000, 0x0000, 0x0000, 0x0000, 0x0000, 0x0000, 0x0000, 0x0000,   // 0x0C80 (3200) pixels
0x0000, 0x0000, 0x0000, 0x0000, 0x0000, 0x0000, 0x0000, 0x0000, 0x0000, 0x0000, 0x0000, 0x0000, 0x0000, 0x0000, 0x0000, 0x0000,   // 0x0C90 (3216) pixels
0x0000, 0x0000, 0x0000, 0x0000, 0x0000, 0x0000, 0x0000, 0x0000, 0x0000, 0x0000, 0x0000, 0x0000, 0x0000, 0x0000, 0x0000, 0x0000,   // 0x0CA0 (3232) pixels
0x0000, 0x0000, 0x0000, 0x0000, 0x0000, 0x0000, 0x0000, 0x0000, 0x0000, 0x0000, 0x0000, 0x0000, 0x0000, 0x0000, 0x0000, 0x0000,   // 0x0CB0 (3248) pixels
0x0000, 0x0000, 0x0000, 0x0000, 0x0000, 0x0000, 0x0000, 0x0000, 0x0000, 0x9802, 0xD002, 0x0000, 0x0000, 0x0000, 0x0000, 0x0000,   // 0x0CC0 (3264) pixels
0x0000, 0x0000, 0x0000, 0x0000, 0x0000, 0x0000, 0x0000, 0x0000, 0x0000, 0x0000, 0x0000, 0x0000, 0x0000, 0x0000, 0x0000, 0x0000,   // 0x0CD0 (3280) pixels
0x0000, 0x0000, 0x0000, 0x0000, 0x0000, 0x0000, 0x0000, 0x0000, 0x0000, 0x0000, 0x0000, 0x0000, 0x0000, 0x0000, 0x0000, 0x0000,   // 0x0CE0 (3296) pixels
0x0000, 0x0000, 0x0000, 0x0000, 0x0000, 0x0000, 0x0000, 0x0000, 0x0000, 0x0000, 0x0000, 0x0000, 0x0000, 0x0000, 0x0000, 0x0000,   // 0x0CF0 (3312) pixels
0x0000, 0x0000, 0x0000, 0x0000, 0x0000, 0x0000, 0x0000, 0x0000, 0x0000, 0x0000, 0x0000, 0x0000, 0x0000, 0x0000, 0x0000, 0x0000,   // 0x0D00 (3328) pixels
0x0000, 0x0000, 0x0000, 0x0000, 0x0000, 0x0000, 0x0000, 0x0000, 0x0000, 0x0000, 0x0000, 0x0000, 0x0000, 0x0000, 0x0000, 0x0800,   // 0x0D10 (3344) pixels
0xD003, 0x0000, 0x0000, 0x0000, 0x0000, 0x0000, 0x0000, 0x0000, 0x0000, 0x0000, 0x0000, 0x0000, 0x0000, 0x0000, 0x0000, 0x0000,   // 0x0D20 (3360) pixels
0x0000, 0x0000, 0x0000, 0x0000, 0x0000, 0x0000, 0x0000, 0x0000, 0x0000, 0x0000, 0x0000, 0x0000, 0x0000, 0x0000, 0x0000, 0x0000,   // 0x0D30 (3376) pixels
0x0000, 0x0000, 0x0000, 0x0000, 0x0000, 0x0000, 0x0000, 0x0000, 0x0000, 0x0000, 0x0000, 0x0000, 0x0000, 0x0000, 0x0000, 0x0000,   // 0x0D40 (3392) pixels
0x0000, 0x0000, 0x0000, 0x0000, 0x0000, 0x0000, 0x0000, 0x0000, 0x0000, 0x0000, 0x0000, 0x0000, 0x0000, 0x0000, 0x0000, 0x0000,   // 0x0D50 (3408) pixels
0x0000, 0x0000, 0x0000, 0x0000, 0x0000, 0x0000, 0x0000, 0x0000, 0x0000, 0x0000, 0x0000, 0x0000, 0x0000, 0x0000, 0x0000, 0x0000,   // 0x0D60 (3424) pixels
0x0000, 0x0000, 0x0000, 0x0000, 0x0000, 0x0000, 0x0000, 0x0000, 0x0000, 0x0000, 0x0000, 0x0000, 0x0000, 0x0000, 0x0000, 0x0000,   // 0x0D70 (3440) pixels
0x0000, 0x0000, 0x0000, 0x0000, 0x0000, 0x0000, 0x0000, 0x0000, 0x0000, 0x0000, 0x0000, 0x0000, 0x0000, 0x0000, 0x0000, 0x0000,   // 0x0D80 (3456) pixels
0x0000, 0x0000, 0x0000, 0x0000, 0x0000, 0x0000, 0x0000, 0x0000, 0x0000, 0x0000, 0x0000, 0x0000, 0x0000, 0x0000, 0x0000, 0x0000,   // 0x0D90 (3472) pixels
0x0000, 0x0000, 0x0000, 0x0000, 0x0000, 0x0000, 0x0000, 0x0000, 0x0000, 0x0000, 0x0000, 0x0000, 0x0000, 0x0000, 0x0000, 0x0000,   // 0x0DA0 (3488) pixels
0x0000, 0x0000, 0x0000, 0x0000, 0x0000, 0x0000, 0x0000, 0x0000, 0x0000, 0x0000, 0x0000, 0x0000, 0x0000, 0x0000, 0x0000, 0x0000,   // 0x0DB0 (3504) pixels
0x0000, 0x0000, 0x0000, 0x0000, 0x0000, 0x0000, 0x0000, 0x0000, 0x0000, 0x0000, 0x0000, 0x0000, 0x0000, 0x0000, 0x0000, 0x0000,   // 0x0DC0 (3520) pixels
0x0000, 0x0000, 0x0000, 0x0000, 0x0000, 0x0000, 0x0000, 0x0000, 0x0000, 0x0000, 0x0000, 0x0000, 0x0000, 0x0000, 0x0000, 0x0000,   // 0x0DD0 (3536) pixels
0x0000, 0x0000, 0x0000, 0x0000, 0x0000, 0x0000, 0x0000, 0x0000, 0x0000, 0x0000, 0x0000, 0x0000, 0x0000, 0x0000, 0x0000, 0x0000,   // 0x0DE0 (3552) pixels
0x0000, 0x0000, 0x0000, 0x0000, 0x0000, 0x0000, 0x0000, 0x0000, 0x0000, 0x0000, 0x0000, 0x0000, 0x0000, 0x0000, 0x0000, 0x0000,   // 0x0DF0 (3568) pixels
0x0000, 0x0000, 0x0000, 0x0000, 0x0000, 0x0000, 0x0000, 0x0000, 0x0000, 0x0000, 0x0000, 0x0000, 0x0000, 0x0000, 0x0000, 0x0000,   // 0x0E00 (3584) pixels
0x0000, 0x0000, 0x0000, 0x0000, 0x0000, 0x0000, 0x0000, 0x0000, 0x0000, 0x0000, 0x0000, 0x0000, 0x0000, 0x0000, 0x0000, 0x0000,   // 0x0E10 (3600) pixels
0x0000, 0x0000, 0x0000, 0x0000, 0x0000, 0x0000, 0x0000, 0x0000, 0x0000, 0x0000, 0x0000, 0x0000, 0x0000, 0x0000, 0x0000, 0x0000,   // 0x0E20 (3616) pixels
0x0000, 0x0000, 0x0000, 0x0000, 0x0000, 0x0000, 0x0000, 0x0000, 0x0000, 0x0000, 0x0000, 0x0000, 0x0000, 0x0000, 0x0000, 0x0000,   // 0x0E30 (3632) pixels
0x0000, 0x0000, 0x0000, 0x0000, 0x0000, 0x0000, 0x0000, 0x0000, 0x0000, 0x0000, 0x0000, 0x0000, 0x0000, 0x0000, 0x0000, 0x0000,   // 0x0E40 (3648) pixels
0x0000, 0x0000, 0x0000, 0x0000, 0x0000, 0x0000, 0x0000, 0x0000, 0x0000, 0x0000, 0x0000, 0x0000, 0x0000, 0x0000, 0x0000, 0x0000,   // 0x0E50 (3664) pixels
0x0000, 0x0000, 0x0000, 0x0000, 0x0000, 0x0000, 0x0000, 0x0000, 0x0000, 0x0000, 0x0000, 0x0000, 0x0000, 0x0000, 0x0000, 0x0000,   // 0x0E60 (3680) pixels
0x0000, 0x0000, 0x0000, 0x0000, 0x0000, 0x0000, 0x0000, 0x0000, 0x0000, 0x0000, 0x0000, 0x0000, 0x0000, 0x0000, 0x0000, 0x0000,   // 0x0E70 (3696) pixels
0x0000, 0x0000, 0x0000, 0x0000, 0x0000, 0x0000, 0x0000, 0x0000, 0x0000, 0x0000, 0x0000, 0x0000, 0x0000, 0x0000, 0x0000, 0x0000,   // 0x0E80 (3712) pixels
0x0000, 0x0000, 0x0000, 0x0000, 0x0000, 0x0000, 0x0000, 0x0000, 0x0000, 0x0000, 0x0000, 0x0000, 0x0000, 0x0000, 0x0000, 0x0000,   // 0x0E90 (3728) pixels
0x0000, 0x0000, 0x0000, 0x0000, 0x0000, 0x0000, 0x0000, 0x0000, 0x0000, 0x0000, 0x0000, 0x0000, 0x0000, 0x0000, 0x0000, 0x0000,   // 0x0EA0 (3744) pixels
0x0000, 0x0000, 0x0000, 0x0000, 0x0000, 0x0000, 0x0000, 0x0000, 0x0000, 0x0000, 0x0000, 0x0000, 0x0000, 0x0000, 0x0000, 0x0000,   // 0x0EB0 (3760) pixels
0x0000, 0x0000, 0x0000, 0x0000, 0x0000, 0x0000, 0x0000, 0x0000, 0x0000, 0x0000, 0x0000, 0x0000, 0x0000, 0x0000, 0x0000, 0x0000,   // 0x0EC0 (3776) pixels
0x0000, 0x0000, 0x0000, 0x0000, 0x0000, 0x0000, 0x0000, 0x0000, 0x0000, 0x0000, 0x0000, 0x0000, 0x0000, 0x0000, 0x0000, 0x0000,   // 0x0ED0 (3792) pixels
0x0000, 0x0000, 0x0000, 0x0000, 0x0000, 0x0000, 0x0000, 0x0000, 0x0000, 0x0000, 0x0000, 0x0000, 0x0000, 0x0000, 0x0000, 0x0000,   // 0x0EE0 (3808) pixels
0x0000, 0x0000, 0x0000, 0x0000, 0x0000, 0x0000, 0x0000, 0x0000, 0x0000, 0x0000, 0x0000, 0x0000, 0x0000, 0x0000, 0x0000, 0x0000,   // 0x0EF0 (3824) pixels
0x0000, 0x0000, 0x0000, 0x0000, 0x0000, 0x0000, 0x0000, 0x0000, 0x0000, 0x0000, 0x0000, 0x0000, 0x0000, 0x0000, 0x0000, 0x0000,   // 0x0F00 (3840) pixels
0x0000, 0x0000, 0x0000, 0x0000, 0x0000, 0x0000, 0x0000, 0x0000, 0x0000, 0x0000, 0x0000, 0x0000, 0x0000, 0x0000, 0x0000, 0x0000,   // 0x0F10 (3856) pixels
0x0000, 0x0000, 0x0000, 0x0000, 0x0000, 0x0000, 0x0000, 0x0000, 0x0000, 0x0000, 0x0000, 0x0000, 0x0000, 0x0000, 0x0000, 0x0000,   // 0x0F20 (3872) pixels
0x0000, 0x0000, 0x0000, 0x0000, 0x0000, 0x0000, 0x0000, 0x0000, 0x0000, 0x0000, 0x0000, 0x0000, 0x0000, 0x0000, 0x0000, 0x0000,   // 0x0F30 (3888) pixels
0x0000, 0x0000, 0x0000, 0x0000, 0x0000, 0x0000, 0x0000, 0x0000, 0x0000, 0x0000, 0x0000, 0x0000, 0x0000, 0x0000, 0x0000, 0x0000,   // 0x0F40 (3904) pixels
0x0000, 0x0000, 0x0000, 0x0000, 0x0000, 0x0000, 0x0000, 0x0000, 0x0000, 0x0000, 0x0000, 0x0000, 0x0000, 0x0000, 0x0000, 0x0000,   // 0x0F50 (3920) pixels
0x0000, 0x0000, 0x0000, 0x0000, 0x0000, 0x0000, 0x0000, 0x0000, 0x0000, 0x0000, 0x0000, 0x0000, 0x0000, 0x0000, 0x0000, 0x0000,   // 0x0F60 (3936) pixels
0x0000, 0x0000, 0x0000, 0x0000, 0x0000, 0x0000, 0x0000, 0x0000, 0x0000, 0x0000, 0x0000, 0x0000, 0x0000, 0x0000, 0x0000, 0x0000,   // 0x0F70 (3952) pixels
0x0000, 0x0000, 0x0000, 0x0000, 0x0000, 0x0000, 0x0000, 0x0000, 0x0000, 0x0000, 0x0000, 0x0000, 0x0000, 0x0000, 0x0000, 0x0000,   // 0x0F80 (3968) pixels
0x0000, 0x0000, 0x0000, 0x0000, 0x0000, 0x0000, 0x0000, 0x0000, 0x0000, 0x0000, 0x0000, 0x0000, 0x0000, 0x0000, 0x0000, 0x0000,   // 0x0F90 (3984) pixels
0x0000, 0x0000, 0x0000, 0x0000, 0x0000, 0x0000, 0x0000, 0x0000, 0x0000, 0x0000, 0x0000, 0x0000, 0x0000, 0x0000, 0x0000, 0x0000,   // 0x0FA0 (4000) pixels
0x0000, 0x0000, 0x0000, 0x0000, 0x0000, 0x0000, 0x0000, 0x0000, 0x0000, 0x0000, 0x0000, 0x0000, 0x0000, 0x0000, 0x0000, 0x0000,   // 0x0FB0 (4016) pixels
0x0000, 0x0000, 0x0000, 0x0000, 0x0000, 0x0000, 0x0000, 0x0000, 0x0000, 0x0000, 0x0000, 0x0000, 0x0000, 0x0000, 0x0000, 0x0000,   // 0x0FC0 (4032) pixels
0x0000, 0x0000, 0x0000, 0x0000, 0x0000, 0x0000, 0x0000, 0x0000, 0x0000, 0x0000, 0x0000, 0x0000, 0x0000, 0x0000, 0x0000, 0x0000,   // 0x0FD0 (4048) pixels
0x0000, 0x0000, 0x0000, 0x0000, 0x0000, 0x0000, 0x0000, 0x0000, 0x0000, 0x0000, 0x0000, 0x0000, 0x0000, 0x0000, 0x0000, 0x0000,   // 0x0FE0 (4064) pixels
0x0000, 0x0000, 0x0000, 0x0000, 0x0000, 0x0000, 0x0000, 0x0000, 0x0000, 0x0000, 0x0000, 0x0000, 0x0000, 0x0000, 0x0000, 0x0000,   // 0x0FF0 (4080) pixels
0x0000, 0x0000, 0x0000, 0x0000, 0x0000, 0x0000, 0x0000, 0x0000, 0x0000, 0x0000, 0x0000, 0x0000, 0x0000, 0x0000, 0x0000, 0x0000,   // 0x1000 (4096) pixels
0x0000, 0x0000, 0x0000, 0x0000, 0x0000, 0x0000, 0x0000, 0x0000, 0x0000, 0x0000, 0x0000, 0x0000, 0x0000, 0x0000, 0x0000, 0x0000,   // 0x1010 (4112) pixels
0x0000, 0x0000, 0x0000, 0x0000, 0x0000, 0x0000, 0x0000, 0x0000, 0x0000, 0x0000, 0x0000, 0x0000, 0x0000, 0x0000, 0x0000, 0x0000,   // 0x1020 (4128) pixels
0x0000, 0x0000, 0x0000, 0x0000, 0x0000, 0x0000, 0x0000, 0x0000, 0x0000, 0x0000, 0x0000, 0x0000, 0x0000, 0x0000, 0x0000, 0x0000,   // 0x1030 (4144) pixels
0x0000, 0x0000, 0x0000, 0x0000, 0x0000, 0x0000, 0x0000, 0x0000, 0x0000, 0x0000, 0x0000, 0x0000, 0x0000, 0x0000, 0x0000, 0x0000,   // 0x1040 (4160) pixels
0x0000, 0x0000, 0x0000, 0x0000, 0x0000, 0x0000, 0x0000, 0x0000, 0x0000, 0x0000, 0x0000, 0x0000, 0x0000, 0x0000, 0x0000, 0x0000,   // 0x1050 (4176) pixels
0x0000, 0x0000, 0x0000, 0x0000, 0x0000, 0x0000, 0x0000, 0x0000, 0x0000, 0x0000, 0x0000, 0x0000, 0x0000, 0x0000, 0x0000, 0x0000,   // 0x1060 (4192) pixels
0x0000, 0x0000, 0x0000, 0x0000, 0x0000, 0x0000, 0x0000, 0x0000, 0x0000, 0x0000, 0x0000, 0x0000, 0x0000, 0x0000, 0x0000, 0x0000,   // 0x1070 (4208) pixels
0x0000, 0x0000, 0x0000, 0x0000, 0x0000, 0x0000, 0x0000, 0x0000, 0x0000, 0x0000, 0x0000, 0x0000, 0x0000, 0x0000, 0x0000, 0x0000,   // 0x1080 (4224) pixels
0x0000, 0x0000, 0x0000, 0x0000, 0x0000, 0x0000, 0x0000, 0x0000, 0x0000, 0x0000, 0x0000, 0x0000, 0x0000, 0x0000, 0x0000, 0x0000,   // 0x1090 (4240) pixels
0x0000, 0x0000, 0x0000, 0x0000, 0x0000, 0x0000, 0x0000, 0x0000, 0x0000, 0x0000, 0x0000, 0x0000, 0x0000, 0x0000, 0x0000, 0x0000,   // 0x10A0 (4256) pixels
0x0000, 0x0000, 0x0000, 0x0000, 0x0000, 0x0000, 0x0000, 0x0000, 0x0000, 0x0000, 0x0000, 0x0000, 0x0000, 0x0000, 0x0000, 0x0000,   // 0x10B0 (4272) pixels
0x0000, 0x0000, 0x0000, 0x0000, 0x0000, 0x0000, 0x0000, 0x0000, 0x0000, 0x0000, 0x0000, 0x0000, 0x0000, 0x0000, 0x0000, 0x0000,   // 0x10C0 (4288) pixels
0x0000, 0x0000, 0x0000, 0x0000, 0x0000, 0x0000, 0x0000, 0x0000, 0x0000, 0x0000, 0x0000, 0x0000
};

static const uint16_t logo_avia[STATION_LOGO_W * STATION_LOGO_H] PROGMEM = {
0x0000, 0x0000, 0x0000, 0x0000, 0x0000, 0x0000, 0x0000, 0x0000, 0x0000, 0x0000, 0x0000, 0x0000, 0x0000, 0x0000, 0x0000, 0x0000,   // 0x0010 (16) pixels
0x0000, 0x0000, 0x0000, 0x0000, 0x0000, 0x0000, 0x0000, 0x0000, 0x0000, 0x0000, 0x0000, 0x0000, 0x0000, 0x0000, 0x0000, 0x0000,   // 0x0020 (32) pixels
0x0000, 0x0000, 0x0000, 0x0000, 0x0000, 0x0000, 0x0000, 0x0000, 0x0000, 0x0000, 0x0000, 0x0000, 0x0000, 0x0000, 0x0000, 0x0000,   // 0x0030 (48) pixels
0x0000, 0x0000, 0x0000, 0x0000, 0x1800, 0xF8E4, 0xE8E4, 0xE8E4, 0xE8E4, 0xE8E4, 0xF0E4, 0xC0A3, 0x0000, 0x0000, 0x0000, 0x0000,   // 0x0040 (64) pixels
0x0000, 0x0000, 0x0000, 0x0000, 0x0000, 0x0000, 0x0000, 0x0000, 0x0000, 0x0000, 0x0000, 0x0000, 0x0000, 0x0000, 0x0000, 0x0000,   // 0x0050 (80) pixels
0x0000, 0x0000, 0x0000, 0x0000, 0x0000, 0x0000, 0x0000, 0x0000, 0x0000, 0x0000, 0x0000, 0x0000, 0x0000, 0x0000, 0x0000, 0x0000,   // 0x0060 (96) pixels
0x0000, 0x0000, 0x0000, 0x0000, 0x0000, 0x0000, 0x0000, 0x0000, 0x0000, 0x0000, 0x0000, 0x0000, 0x0000, 0x0000, 0x0000, 0x0000,   // 0x0070 (112) pixels
0x0000, 0x0000, 0x0000, 0x0000, 0x0000, 0x0000, 0x0000, 0x0000, 0x0000, 0x0000, 0x0000, 0x0000, 0x0000, 0x0000, 0x0000, 0x0000,   // 0x0080 (128) pixels
0x0000, 0x0000, 0x0000, 0x0000, 0x0000, 0x0000, 0x0000, 0x0000, 0x0000, 0x0000, 0x8062, 0xF8E4, 0xE8E4, 0xE8E4, 0xE8E4, 0xE8E4,   // 0x0090 (144) pixels
0xF8E4, 0x5041, 0x0000, 0x0000, 0x0000, 0x0000, 0x0000, 0x0000, 0x0000, 0x0000, 0x0000, 0x0000, 0x0000, 0x0000, 0x0000, 0x0000,   // 0x00A0 (160) pixels
0x0000, 0x0000, 0x0000, 0x0000, 0x0000, 0x0000, 0x0000, 0x0000, 0x0000, 0x0000, 0x0000, 0x0000, 0x0000, 0x0000, 0x0000, 0x0000,   // 0x00B0 (176) pixels
0x0000, 0x0000, 0x0000, 0x0000, 0x0000, 0x0000, 0x0000, 0x0000, 0x0000, 0x0000, 0x0000, 0x0000, 0x0000, 0x0000, 0x0000, 0x0000,   // 0x00C0 (192) pixels
0x0000, 0x0000, 0x0000, 0x0000, 0x0000, 0x0000, 0x0000, 0x0000, 0x0000, 0x0000, 0x0000, 0x0000, 0x0000, 0x0000, 0x0000, 0x0000,   // 0x00D0 (208) pixels
0x0000, 0x0000, 0x0000, 0x0000, 0x0000, 0x0000, 0x0000, 0x0000, 0x0000, 0x0000, 0x0000, 0x0000, 0x0000, 0x0000, 0x0000, 0x0000,   // 0x00E0 (224) pixels
0xF0E4, 0xF8E4, 0xF8E4, 0xF8E4, 0xF8E4, 0xF8E4, 0xF905, 0x0000, 0x0000, 0x0000, 0x0000, 0x0000, 0x0000, 0x0000, 0x0000, 0x0000,   // 0x00F0 (240) pixels
0x0000, 0x0000, 0x0000, 0x0000, 0x0000, 0x0000, 0x0000, 0x0000, 0x0000, 0x0000, 0x0000, 0x0000, 0x0000, 0x0000, 0x0000, 0x0000,   // 0x0100 (256) pixels
0x0000, 0x0000, 0x0000, 0x0000, 0x0000, 0x0000, 0x0000, 0x0000, 0x0000, 0x0000, 0x0000, 0x0000, 0x0000, 0x0000, 0x0000, 0x0000,   // 0x0110 (272) pixels
0x0000, 0x0000, 0x0000, 0x0000, 0x0000, 0x0000, 0x0000, 0x0000, 0x0000, 0x0000, 0x0000, 0x0000, 0x0000, 0x0000, 0x0000, 0x0000,   // 0x0120 (288) pixels
0x0000, 0x0000, 0x0000, 0x0000, 0x0000, 0x0000, 0x0000, 0x0000, 0x0000, 0x0000, 0x0000, 0x0000, 0x0000, 0x0000, 0x0000, 0x0000,   // 0x0130 (304) pixels
0x0000, 0x0000, 0x0000, 0x0000, 0x0000, 0x0800, 0xA8A3, 0x9882, 0x9882, 0x9882, 0x9882, 0x9882, 0x8062, 0x0000, 0x0000, 0x0000,   // 0x0140 (320) pixels
0x0000, 0x0000, 0x0000, 0x0000, 0x0000, 0x0000, 0x0000, 0x0000, 0x0000, 0x0000, 0x0000, 0x0000, 0x0000, 0x0000, 0x0000, 0x0000,   // 0x0150 (336) pixels
0x0000, 0x0000, 0x0000, 0x0000, 0x0000, 0x0000, 0x0000, 0x0000, 0x0000, 0x0000, 0x0000, 0x0000, 0x0000, 0x0000, 0x0000, 0x0000,   // 0x0160 (352) pixels
0x0000, 0x0000, 0x0000, 0x0000, 0x0000, 0x0000, 0x0000, 0x0000, 0x0000, 0x0000, 0x0000, 0x0000, 0x0000, 0x0000, 0x0000, 0x0000,   // 0x0170 (368) pixels
0x0000, 0x0000, 0x0000, 0x0000, 0x0000, 0x0000, 0x0000, 0x0000, 0x0000, 0x0000, 0x0000, 0x0000, 0x0000, 0x0000, 0x0000, 0x0000,   // 0x0180 (384) pixels
0x0000, 0x0000, 0x0000, 0x0000, 0x0000, 0x0000, 0x0000, 0x0000, 0x0000, 0x0000, 0x0000, 0x0000, 0x0000, 0x0000, 0x0000, 0x0000,   // 0x0190 (400) pixels
0x0000, 0x0000, 0x0000, 0x0000, 0x0000, 0x0000, 0x0000, 0x0000, 0x0000, 0x0000, 0x0000, 0x0000, 0x0000, 0x0000, 0x0000, 0x0000,   // 0x01A0 (416) pixels
0x0000, 0x0000, 0x0000, 0x0000, 0x0000, 0x0000, 0x0000, 0x0000, 0x0000, 0x0000, 0x0000, 0x0000, 0x0000, 0x0000, 0x0000, 0x0000,   // 0x01B0 (432) pixels
0x0000, 0x0000, 0x0000, 0x0000, 0x0000, 0x0000, 0x0000, 0x0000, 0x0000, 0x0000, 0x0000, 0x3020, 0xB0A3, 0xA883, 0xA883, 0xA883,   // 0x01C0 (448) pixels
0xA883, 0xA883, 0xA883, 0xB8A3, 0x0000, 0x0000, 0x0000, 0x0000, 0xA8A3, 0xA8A3, 0xA883, 0xA883, 0xA883, 0xA883, 0xB8A3, 0x0000,   // 0x01D0 (464) pixels
0x0000, 0x0000, 0x0000, 0x0000, 0x0000, 0x0000, 0x7862, 0xA8A3, 0xA883, 0xA883, 0xA883, 0xA883, 0xB8A3, 0x1800, 0x0000, 0x0000,   // 0x01E0 (480) pixels
0x0000, 0xA083, 0xA8A3, 0xA883, 0xA883, 0xA883, 0xA883, 0xB8A3, 0x0000, 0x0000, 0x0000, 0x0000, 0xB8A3, 0xA883, 0xA883, 0xA883,   // 0x01F0 (496) pixels
0xA883, 0xA883, 0xA883, 0xB0A3, 0x2820, 0x0000, 0x0000, 0x0000, 0x0000, 0x0000, 0x0000, 0x0000, 0x0000, 0x0000, 0x0000, 0x0000,   // 0x0200 (512) pixels
0x0000, 0x0000, 0x0000, 0x0000, 0x0000, 0x0000, 0x0000, 0x0000, 0x0000, 0x0000, 0x0000, 0x0000, 0x0000, 0x0000, 0x0000, 0x0000,   // 0x0210 (528) pixels
0x0000, 0xA083, 0xF8E4, 0xF0E4, 0xF0E4, 0xF0E4, 0xF0E4, 0xF0E4, 0xF0E4, 0xF8E5, 0x3821, 0x0000, 0x0000, 0x0000, 0xA083, 0xF8E4,   // 0x0220 (544) pixels
0xF0E4, 0xF0E4, 0xF0E4, 0xF0E4, 0xF8E5, 0x3021, 0x0000, 0x0000, 0x0000, 0x0000, 0x0000, 0x0000, 0xF8E4, 0xF8E4, 0xF0E4, 0xF0E4,   // 0x0230 (560) pixels
0xF0E4, 0xF8E4, 0xF8E4, 0x0000, 0x0000, 0x0000, 0x1000, 0xF905, 0xF0E4, 0xF0E4, 0xF0E4, 0xF0E4, 0xF8E4, 0xD0C3, 0x0000, 0x0000,   // 0x0240 (576) pixels
0x0000, 0x4041, 0xF8E5, 0xF0E4, 0xF0E4, 0xF0E4, 0xF0E4, 0xF0E4, 0xF0E4, 0xF8E4, 0x9882, 0x0000, 0x0000, 0x0000, 0x0000, 0x0000,   // 0x0250 (592) pixels
0x0000, 0x0000, 0x0000, 0x0000, 0x0000, 0x0000, 0x0000, 0x0000, 0x0000, 0x0000, 0x0000, 0x0000, 0x0000, 0x0000, 0x0000, 0x0000,   // 0x0260 (608) pixels
0x0000, 0x0000, 0x0000, 0x0000, 0x0000, 0x0000, 0x0000, 0xF8E4, 0xE8E4, 0xE8E4, 0xE8E4, 0xE8E4, 0xE8E4, 0xE8E4, 0xE8E4, 0xF0E4,   // 0x0270 (624) pixels
0xA083, 0x0000, 0x0000, 0x0000, 0x3021, 0xF8E4, 0xE8E4, 0xE8E4, 0xE8E4, 0xE8E4, 0xF8E4, 0x9082, 0x0000, 0x0000, 0x0000, 0x0000,   // 0x0280 (640) pixels
0x0000, 0x3020, 0xF8E4, 0xE8E4, 0xE8E4, 0xE8E4, 0xE8E4, 0xF8E4, 0x9082, 0x0000, 0x0000, 0x0000, 0x7862, 0xF8E4, 0xE8E4, 0xE8E4,   // 0x0290 (656) pixels
0xE8E4, 0xE8E4, 0xF8E4, 0x6041, 0x0000, 0x0000, 0x0000, 0xA8A3, 0xF0E4, 0xE8E4, 0xE8E4, 0xE8E4, 0xE8E4, 0xE8E4, 0xE8E4, 0xE8E4,   // 0x02A0 (672) pixels
0xF8E4, 0x0000, 0x0000, 0x0000, 0x0000, 0x0000, 0x0000, 0x0000, 0x0000, 0x0000, 0x0000, 0x0000, 0x0000, 0x0000, 0x0000, 0x0000,   // 0x02B0 (688) pixels
0x0000, 0x0000, 0x0000, 0x0000, 0x0000, 0x0000, 0x0000, 0x0000, 0x0000, 0x0000, 0x0000, 0x0000, 0x3821, 0xF8E4, 0xE8E4, 0xE8E4,   // 0x02C0 (704) pixels
0xE8E4, 0xE8E4, 0xE8E4, 0xE8E4, 0xE8E4, 0xE8E4, 0xF8E4, 0x0000, 0x0000, 0x0000, 0x0000, 0xF8E4, 0xE8E4, 0xE8E4, 0xE8E4, 0xE8E4,   // 0x02D0 (720) pixels
0xF0E4, 0xE8C4, 0x0000, 0x0000, 0x0000, 0x0000, 0x0000, 0x8882, 0xF8E4, 0xE8E4, 0xE8E4, 0xE8E4, 0xE8E4, 0xF8E4, 0x3020, 0x0000,   // 0x02E0 (736) pixels
0x0000, 0x0000, 0xD8C4, 0xF0E4, 0xE8E4, 0xE8E4, 0xE8E4, 0xE8E4, 0xF8E5, 0x0000, 0x0000, 0x0000, 0x0000, 0xF8E4, 0xE8E4, 0xE8E4,   // 0x02F0 (752) pixels
0xE8E4, 0xE8E4, 0xE8E4, 0xE8E4, 0xE8E4, 0xE8E4, 0xF8E4, 0x3020, 0x0000, 0x0000, 0x0000, 0x0000, 0x0000, 0x0000, 0x0000, 0x0000,   // 0x0300 (768) pixels
0x0000, 0x0000, 0x0000, 0x0000, 0x0000, 0x0000, 0x0000, 0x0000, 0x0000, 0x0000, 0x0000, 0x0000, 0x0000, 0x0000, 0x0000, 0x0000,   // 0x0310 (784) pixels
0x0000, 0x0000, 0x9882, 0xF0E4, 0xE8E4, 0xE8E4, 0xE8E4, 0xE8C4, 0xE8E4, 0xE8E4, 0xE8E4, 0xE8E4, 0xF8E4, 0x3821, 0x0000, 0x0000,   // 0x0320 (800) pixels
0x0000, 0xA083, 0xF0E4, 0xE8E4, 0xE8E4, 0xE8E4, 0xE8E4, 0xF8E5, 0x1000, 0x0000, 0x0000, 0x0000, 0x0000, 0xE8C4, 0xF0E4, 0xE8E4,   // 0x0330 (816) pixels
0xE8E4, 0xE8E4, 0xE8E4, 0xF8E4, 0x0000, 0x0000, 0x0000, 0x0800, 0xF8E5, 0xE8E4, 0xE8E4, 0xE8E4, 0xE8E4, 0xF0E4, 0xC8C3, 0x0000,   // 0x0340 (832) pixels
0x0000, 0x0000, 0x4021, 0xF8E4, 0xE8E4, 0xE8E4, 0xE8E4, 0xF0E4, 0xE0C4, 0xE8E4, 0xE8E4, 0xE8E4, 0xF8E4, 0x9082, 0x0000, 0x0000,   // 0x0350 (848) pixels
0x0000, 0x0000, 0x0000, 0x0000, 0x0000, 0x0000, 0x0000, 0x0000, 0x0000, 0x0000, 0x0000, 0x0000, 0x0000, 0x0000, 0x0000, 0x0000,   // 0x0360 (864) pixels
0x0000, 0x0000, 0x0000, 0x0000, 0x0000, 0x0000, 0x0000, 0x0000, 0xF8E4, 0xE8E4, 0xE8E4, 0xE8E4, 0xF0E4, 0x7862, 0xE8C4, 0xE8E4,   // 0x0370 (880) pixels
0xE8E4, 0xE8E4, 0xF8E4, 0x9882, 0x0000, 0x0000, 0x0000, 0x3821, 0xF8E4, 0xE8E4, 0xE8E4, 0xE8E4, 0xE8E4, 0xF8E4, 0x6862, 0x0000,   // 0x0380 (896) pixels
0x0000, 0x0000, 0x1000, 0xF8E5, 0xE8E4, 0xE8E4, 0xE8E4, 0xE8E4, 0xF8E4, 0x9882, 0x0000, 0x0000, 0x0000, 0x7062, 0xF8E4, 0xE8E4,   // 0x0390 (912) pixels
0xE8E4, 0xE8E4, 0xE8E4, 0xF8E4, 0x6862, 0x0000, 0x0000, 0x0000, 0xA083, 0xF0E4, 0xE8E4, 0xE8E4, 0xE8E4, 0xE0C4, 0x8062, 0xF0E4,   // 0x03A0 (928) pixels
0xE8E4, 0xE8E4, 0xE8E4, 0xF8E4, 0x0000, 0x0000, 0x0000, 0x0000, 0x0000, 0x0000, 0x0000, 0x0000, 0x0000, 0x0000, 0x0000, 0x0000,   // 0x03B0 (944) pixels
0x0000, 0x0000, 0x0000, 0x0000, 0x0000, 0x0000, 0x0000, 0x0000, 0x0000, 0x0000, 0x0000, 0x0000, 0x0000, 0x3020, 0xF8E4, 0xE8E4,   // 0x03C0 (960) pixels
0xE8E4, 0xE8E4, 0xF8E4, 0x4021, 0xA8A3, 0xF0E4, 0xE8E4, 0xE8E4, 0xE8E4, 0xF8E4, 0x0000, 0x0000, 0x0000, 0x0000, 0xF8E4, 0xE8E4,   // 0x03D0 (976) pixels
0xE8E4, 0xE8E4, 0xE8E4, 0xF0E4, 0xC0A3, 0x0000, 0x0000, 0x0000, 0x6862, 0xF8E4, 0xE8E4, 0xE8E4, 0xE8E4, 0xE8E4, 0xF8E4, 0x3821,   // 0x03E0 (992) pixels
0x0000, 0x0000, 0x0000, 0xD0C4, 0xF0E4, 0xE8E4, 0xE8E4, 0xE8E4, 0xE8E4, 0xF8E5, 0x0000, 0x0000, 0x0000, 0x0000, 0xF8E4, 0xE8E4,   // 0x03F0 (1008) pixels
0xE8E4, 0xE8E4, 0xF0E4, 0xA083, 0x4841, 0xF8E4, 0xE8E4, 0xE8E4, 0xE8E4, 0xF8E4, 0x2820, 0x0000, 0x0000, 0x0000, 0x0000, 0x0000,   // 0x0400 (1024) pixels
0x0000, 0x0000, 0x0000, 0x0000, 0x0000, 0x0000, 0x0000, 0x0000, 0x0000, 0x0000, 0x0000, 0x0000, 0x0000, 0x0000, 0x0000, 0x0000,   // 0x0410 (1040) pixels
0x0000, 0x0000, 0x0000, 0x9082, 0xF8E4, 0xE8E4, 0xE8E4, 0xE8E4, 0xF8E5, 0x0000, 0x7062, 0xF8E4, 0xE8E4, 0xE8E4, 0xE8E4, 0xF8E4,   // 0x0420 (1056) pixels
0x3020, 0x0000, 0x0000, 0x0000, 0xA883, 0xF0E4, 0xE8E4, 0xE8E4, 0xE8E4, 0xE8E4, 0xF8E5, 0x0000, 0x0000, 0x0000, 0xC8A3, 0xF0E4,   // 0x0430 (1072) pixels
0xE8E4, 0xE8E4, 0xE8E4, 0xE8E4, 0xF8E4, 0x0000, 0x0000, 0x0000, 0x0000, 0xF8E5, 0xE8E4, 0xE8E4, 0xE8E4, 0xE8E4, 0xF0E4, 0xD0C4,   // 0x0440 (1088) pixels
0x0000, 0x0000, 0x0000, 0x3821, 0xF8E4, 0xE8E4, 0xE8E4, 0xE8E4, 0xF8E4, 0x6862, 0x0800, 0xF8E4, 0xE8E4, 0xE8E4, 0xE8E4, 0xF8E4,   // 0x0450 (1104) pixels
0x9082, 0x0000, 0x0000, 0x0000, 0x0000, 0x0000, 0x0000, 0x0000, 0x0000, 0x0000, 0x0000, 0x0000, 0x0000, 0x0000, 0x0000, 0x0000,   // 0x0460 (1120) pixels
0x0000, 0x0000, 0x0000, 0x0000, 0x0000, 0x0000, 0x0000, 0x0000, 0x0000, 0xF8E4, 0xE8E4, 0xE8E4, 0xE8E4, 0xE8E4, 0xF8E4, 0x0000,   // 0x0470 (1136) pixels
0x3020, 0xF8E4, 0xE8E4, 0xE8E4, 0xE8E4, 0xF8E4, 0x9082, 0x0000, 0x0000, 0x0000, 0x4041, 0xF8E4, 0xE8E4, 0xE8E4, 0xE8E4, 0xE8E4,   // 0x0480 (1152) pixels
0xF8E4, 0x4841, 0x0000, 0x0000, 0xF8E5, 0xE8E4, 0xE8E4, 0xE8E4, 0xE8E4, 0xF0E4, 0xA083, 0x0000, 0x0000, 0x0000, 0x6862, 0xF8E4,   // 0x0490 (1168) pixels
0xE8E4, 0xE8E4, 0xE8E4, 0xE8E4, 0xF8E4, 0x7062, 0x0000, 0x0000, 0x0000, 0x9882, 0xF8E4, 0xE8E4, 0xE8E4, 0xE8E4, 0xF8E4, 0x2820,   // 0x04A0 (1184) pixels
0x0000, 0xF8E4, 0xE8E4, 0xE8E4, 0xE8E4, 0xE8E4, 0xF0E4, 0x0000, 0x0000, 0x0000, 0x0000, 0x0000, 0x0000, 0x0000, 0x0000, 0x0000,   // 0x04B0 (1200) pixels
0x0000, 0x0000, 0x0000, 0x0000, 0x0000, 0x0000, 0x0000, 0x0000, 0x0000, 0x0000, 0x0000, 0x0000, 0x0000, 0x0000, 0x2820, 0xF8E4,   // 0x04C0 (1216) pixels
0xE8E4, 0xE8E4, 0xE8E4, 0xF0E4, 0xB8A3, 0x0000, 0x0000, 0xF8E5, 0xE8E4, 0xE8E4, 0xE8E4, 0xE8E4, 0xF8E4, 0x0000, 0x0000, 0x0000,   // 0x04D0 (1232) pixels
0x0000, 0xF8E4, 0xE8E4, 0xE8E4, 0xE8E4, 0xE8E4, 0xF0E4, 0xA083, 0x0000, 0x4841, 0xF8E4, 0xE8E4, 0xE8E4, 0xE8E4, 0xE8E4, 0xF8E4,   // 0x04E0 (1248) pixels
0x3821, 0x0000, 0x0000, 0x0000, 0xC8C3, 0xF0E4, 0xE8E4, 0xE8E4, 0xE8E4, 0xE8E4, 0xF8E5, 0x0800, 0x0000, 0x0000, 0x0000, 0xF8E4,   // 0x04F0 (1264) pixels
0xE8E4, 0xE8E4, 0xE8E4, 0xE8E4, 0xF8E5, 0x0000, 0x0000, 0xC0A3, 0xF0E4, 0xE8E4, 0xE8E4, 0xE8E4, 0xF8E4, 0x2020, 0x0000, 0x0000,   // 0x0500 (1280) pixels
0x0000, 0x0000, 0x0000, 0x0000, 0x0000, 0x0000, 0x0000, 0x0000, 0x0000, 0x0000, 0x0000, 0x0000, 0x0000, 0x0000, 0x0000, 0x0000,   // 0x0510 (1296) pixels
0x0000, 0x0000, 0x0000, 0x0000, 0x9082, 0xF8E4, 0xE8E4, 0xE8E4, 0xE8E4, 0xF8E4, 0x7062, 0x0000, 0x0000, 0xD8C4, 0xF0E4, 0xE8E4,   // 0x0520 (1312) pixels
0xE8E4, 0xE8E4, 0xF8E4, 0x2820, 0x0000, 0x0000, 0x0000, 0xB0A3, 0xF0E4, 0xE8E4, 0xE8E4, 0xE8E4, 0xE8E4, 0xF8E4, 0x0000, 0xA083,   // 0x0530 (1328) pixels
0xF0E4, 0xE8E4, 0xE8E4, 0xE8E4, 0xE8E4, 0xF8E4, 0x0000, 0x0000, 0x0000, 0x0000, 0xF8E5, 0xE8E4, 0xE8E4, 0xE8E4, 0xE8E4, 0xF0E4,   // 0x0540 (1344) pixels
0xD8C4, 0x0000, 0x0000, 0x0000, 0x3020, 0xF8E4, 0xE8E4, 0xE8E4, 0xE8E4, 0xF0E4, 0xD0C3, 0x0000, 0x0000, 0x7862, 0xF8E4, 0xE8E4,   // 0x0550 (1360) pixels
0xE8E4, 0xE8E4, 0xF8E4, 0x8882, 0x0000, 0x0000, 0x0000, 0x0000, 0x0000, 0x0000, 0x0000, 0x0000, 0x0000, 0x0000, 0x0000, 0x0000,   // 0x0560 (1376) pixels
0x0000, 0x0000, 0x0000, 0x0000, 0x0000, 0x0000, 0x0000, 0x0000, 0x0000, 0x0000, 0xF0E4, 0xE8E4, 0xE8E4, 0xE8E4, 0xE8E4, 0xF8E4,   // 0x0570 (1392) pixels
0x1800, 0x0000, 0x0000, 0x8082, 0xF8E4, 0xE8E4, 0xE8E4, 0xE8E4, 0xF8E4, 0x9082, 0x0000, 0x0000, 0x0000, 0x4841, 0xF8E4, 0xE8E4,   // 0x0580 (1408) pixels
0xE8E4, 0xE8E4, 0xE8E4, 0xF8E4, 0x0800, 0xF0E4, 0xE8E4, 0xE8E4, 0xE8E4, 0xE8E4, 0xF0E4, 0xA083, 0x0000, 0x0000, 0x0000, 0x6041,   // 0x0590 (1424) pixels
0xF8E4, 0xE8E4, 0xE8E4, 0xE8E4, 0xE8E4, 0xF8E4, 0x7862, 0x0000, 0x0000, 0x0000, 0x9082, 0xF8E4, 0xE8E4, 0xE8E4, 0xE8E4, 0xF8E4,   // 0x05A0 (1440) pixels
0x7862, 0x0000, 0x0000, 0x2020, 0xF8E4, 0xE8E4, 0xE8E4, 0xE8E4, 0xF0E4, 0xE8E4, 0x0000, 0x0000, 0x0000, 0x0000, 0x0000, 0x0000,   // 0x05B0 (1456) pixels
0x0000, 0x0000, 0x0000, 0x0000, 0x0000, 0x0000, 0x0000, 0x0000, 0x0000, 0x0000, 0x0000, 0x0000, 0x0000, 0x0000, 0x0000, 0x2020,   // 0x05C0 (1472) pixels
0xF8E4, 0xE8E4, 0xE8E4, 0xE8E4, 0xE8E4, 0xF0E4, 0xB0A3, 0xB0A3, 0xB0A3, 0xC8A3, 0xF0E4, 0xE8E4, 0xE8E4, 0xE8E4, 0xE8E4, 0xF0E4,   // 0x05D0 (1488) pixels
0x0000, 0x0000, 0x0000, 0x0000, 0xF8E5, 0xE8E4, 0xE8E4, 0xE8E4, 0xE8E4, 0xF0E4, 0xB0A3, 0xF0E4, 0xE8E4, 0xE8E4, 0xE8E4, 0xE8E4,   // 0x05E0 (1504) pixels
0xF8E4, 0x4041, 0x0000, 0x0000, 0x0000, 0xC8A3, 0xF0E4, 0xE8E4, 0xE8E4, 0xE8E4, 0xE8E4, 0xF8E5, 0x1000, 0x0000, 0x0000, 0x0000,   // 0x05F0 (1520) pixels
0xF8E4, 0xE8E4, 0xE8E4, 0xE8E4, 0xE8E4, 0xF0E4, 0xC8A3, 0xB0A3, 0xB0A3, 0xB0A3, 0xF0E4, 0xE8E4, 0xE8E4, 0xE8E4, 0xE8E4, 0xF8E4,   // 0x0600 (1536) pixels
0x2000, 0x0000, 0x0000, 0x0000, 0x0000, 0x0000, 0x0000, 0x0000, 0x0000, 0x0000, 0x0000, 0x0000, 0x0000, 0x0000, 0x0000, 0x0000,   // 0x0610 (1552) pixels
0x0000, 0x0000, 0x0000, 0x0000, 0x0000, 0x8882, 0xF8E4, 0xE8E4, 0xE8E4, 0xE8E4, 0xE8E4, 0xE8E4, 0xF0E4, 0xF0E4, 0xF0E4, 0xF0E4,   // 0x0620 (1568) pixels
0xE8E4, 0xE8E4, 0xE8E4, 0xE8E4, 0xE8E4, 0xF8E4, 0x2020, 0x0000, 0x0000, 0x0000, 0xB0A3, 0xF0E4, 0xE8E4, 0xE8E4, 0xE8E4, 0xE8E4,   // 0x0630 (1584) pixels
0xF0E4, 0xE8E4, 0xE8E4, 0xE8E4, 0xE8E4, 0xE8E4, 0xF8E4, 0x0000, 0x0000, 0x0000, 0x0000, 0xF8E5, 0xE8E4, 0xE8E4, 0xE8E4, 0xE8E4,   // 0x0640 (1600) pixels
0xF0E4, 0xE0C4, 0x0000, 0x0000, 0x0000, 0x2820, 0xF8E4, 0xE8E4, 0xE8E4, 0xE8E4, 0xE8E4, 0xE8E4, 0xF0E4, 0xF0E4, 0xF0E4, 0xF0E4,   // 0x0650 (1616) pixels
0xE8E4, 0xE8E4, 0xE8E4, 0xE8E4, 0xE8E4, 0xF8E4, 0x8062, 0x0000, 0x0000, 0x0000, 0x0000, 0x0000, 0x0000, 0x0000, 0x0000, 0x0000,   // 0x0660 (1632) pixels
0x0000, 0x0000, 0x0000, 0x0000, 0x0000, 0x0000, 0x0000, 0x0000, 0x0000, 0x0000, 0x0000, 0xE8E4, 0xF0E4, 0xE8E4, 0xE8E4, 0xE8E4,   // 0x0670 (1648) pixels
0xE8E4, 0xE8E4, 0xE8E4, 0xE8E4, 0xE8E4, 0xE8E4, 0xE8E4, 0xE8E4, 0xE8E4, 0xE8E4, 0xE8E4, 0xF8E4, 0x8882, 0x0000, 0x0000, 0x0000,   // 0x0680 (1664) pixels
0x5041, 0xF8E4, 0xE8E4, 0xE8E4, 0xE8E4, 0xE8E4, 0xE8E4, 0xE8E4, 0xE8E4, 0xE8E4, 0xE8E4, 0xF0E4, 0xA8A3, 0x0000, 0x0000, 0x0000,   // 0x0690 (1680) pixels
0x5841, 0xF8E4, 0xE8E4, 0xE8E4, 0xE8E4, 0xE8E4, 0xF8E4, 0x7862, 0x0000, 0x0000, 0x0000, 0x8882, 0xF8E4, 0xE8E4, 0xE8E4, 0xE8E4,   // 0x06A0 (1696) pixels
0xE8E4, 0xE8E4, 0xE8E4, 0xE8E4, 0xE8E4, 0xE8E4, 0xE8E4, 0xE8E4, 0xE8E4, 0xE8E4, 0xE8E4, 0xF0E4, 0xE8C4, 0x0000, 0x0000, 0x0000,   // 0x06B0 (1712) pixels
0x0000, 0x0000, 0x0000, 0x0000, 0x0000, 0x0000, 0x0000, 0x0000, 0x0000, 0x0000, 0x0000, 0x0000, 0x0000, 0x0000, 0x0000, 0x0000,   // 0x06C0 (1728) pixels
0x1800, 0xF8E5, 0xE8E4, 0xE8E4, 0xE8E4, 0xE8E4, 0xE8E4, 0xE8E4, 0xE8E4, 0xE8E4, 0xE8E4, 0xE8E4, 0xE8E4, 0xE8E4, 0xE8E4, 0xE8E4,   // 0x06D0 (1744) pixels
0xE8E4, 0xF0E4, 0xF0E4, 0x0000, 0x0000, 0x0000, 0x0000, 0xF8E5, 0xE8E4, 0xE8E4, 0xE8E4, 0xE8E4, 0xE8E4, 0xE8E4, 0xE8E4, 0xE8E4,   // 0x06E0 (1760) pixels
0xE8E4, 0xF8E4, 0x4841, 0x0000, 0x0000, 0x0000, 0xC0A3, 0xF0E4, 0xE8E4, 0xE8E4, 0xE8E4, 0xE8E4, 0xF8E5, 0x1800, 0x0000, 0x0000,   // 0x06F0 (1776) pixels
0x0000, 0xF0E4, 0xE8E4, 0xE8E4, 0xE8E4, 0xE8E4, 0xE8E4, 0xE8E4, 0xE8E4, 0xE8E4, 0xE8E4, 0xE8E4, 0xE8E4, 0xE8E4, 0xE8E4, 0xE8E4,   // 0x0700 (1792) pixels
0xE8E4, 0xE8E4, 0xF8E5, 0x1800, 0x0000, 0x0000, 0x0000, 0x0000, 0x0000, 0x0000, 0x0000, 0x0000, 0x0000, 0x0000, 0x0000, 0x0000,   // 0x0710 (1808) pixels
0x0000, 0x0000, 0x0000, 0x0000, 0x0000, 0x0000, 0x8062, 0xF8E4, 0xE8E4, 0xE8E4, 0xE8E4, 0xE8E4, 0xE8E4, 0xF0E4, 0xF0E4, 0xF0E4,   // 0x0720 (1824) pixels
0xF0E4, 0xF0E4, 0xF0E4, 0xE8E4, 0xE8E4, 0xE8E4, 0xE8E4, 0xE8E4, 0xF8E4, 0x2000, 0x0000, 0x0000, 0x0000, 0xB8A3, 0xF0E4, 0xE8E4,   // 0x0730 (1840) pixels
0xE8E4, 0xE8E4, 0xE8E4, 0xE8E4, 0xE8E4, 0xE8E4, 0xE8E4, 0xF8E5, 0x0000, 0x0000, 0x0000, 0x0000, 0xF8E5, 0xE8E4, 0xE8E4, 0xE8E4,   // 0x0740 (1856) pixels
0xE8E4, 0xF0E4, 0xE8C4, 0x0000, 0x0000, 0x0000, 0x2020, 0xF8E4, 0xE8E4, 0xE8E4, 0xE8E4, 0xE8E4, 0xE8E4, 0xF0E4, 0xF0E4, 0xF0E4,   // 0x0750 (1872) pixels
0xF0E4, 0xF0E4, 0xF0E4, 0xE8E4, 0xE8E4, 0xE8E4, 0xE8E4, 0xE8E4, 0xF8E4, 0x7862, 0x0000, 0x0000, 0x0000, 0x0000, 0x0000, 0x0000,   // 0x0760 (1888) pixels
0x0000, 0x0000, 0x0000, 0x0000, 0x0000, 0x0000, 0x0000, 0x0000, 0x0000, 0x0000, 0x0000, 0x0000, 0xE8C4, 0xF0E4, 0xE8E4, 0xE8E4,   // 0x0770 (1904) pixels
0xE8E4, 0xE8E4, 0xE8E4, 0xA8A3, 0xB0A3, 0xB0A3, 0xB0A3, 0xB0A3, 0xB8A3, 0xF0E4, 0xE8E4, 0xE8E4, 0xE8E4, 0xE8E4, 0xF8E4, 0x8062,   // 0x0780 (1920) pixels
0x0000, 0x0000, 0x0000, 0x5841, 0xF8E4, 0xE8E4, 0xE8E4, 0xE8E4, 0xE8E4, 0xE8E4, 0xE8E4, 0xE8E4, 0xF0E4, 0xB0A3, 0x0000, 0x0000,   // 0x0790 (1936) pixels
0x0000, 0x5041, 0xF8E4, 0xE8E4, 0xE8E4, 0xE8E4, 0xE8E4, 0xF8E4, 0x8062, 0x0000, 0x0000, 0x0000, 0x8882, 0xF8E4, 0xE8E4, 0xE8E4,   // 0x07A0 (1952) pixels
0xE8E4, 0xE8E4, 0xF0E4, 0xB8A3, 0xB0A3, 0xB0A3, 0xB0A3, 0xB0A3, 0xA8A3, 0xF0E4, 0xE8E4, 0xE8E4, 0xE8E4, 0xE8E4, 0xF0E4, 0xE0C4,   // 0x07B0 (1968) pixels
0x0000, 0x0000, 0x0000, 0x0000, 0x0000, 0x0000, 0x0000, 0x0000, 0x0000, 0x0000, 0x0000, 0x0000, 0x0000, 0x0000, 0x0000, 0x0000,   // 0x07C0 (1984) pixels
0x0000, 0x1000, 0xF8E5, 0xE8E4, 0xE8E4, 0xE8E4, 0xE8E4, 0xF0E4, 0xA8A3, 0x0000, 0x0000, 0x0000, 0x0000, 0x0000, 0x0000, 0xF8E5,   // 0x07D0 (2000) pixels
0xE8E4, 0xE8E4, 0xE8E4, 0xE8E4, 0xF0E4, 0xE8C4, 0x0000, 0x0000, 0x0000, 0x0000, 0xF8E5, 0xE8E4, 0xE8E4, 0xE8E4, 0xE8E4, 0xE8E4,   // 0x07E0 (2016) pixels
0xE8E4, 0xE8E4, 0xF8E4, 0x4841, 0x0000, 0x0000, 0x0000, 0xB8A3, 0xF0E4, 0xE8E4, 0xE8E4, 0xE8E4, 0xE8E4, 0xF8E5, 0x2000, 0x0000,   // 0x07F0 (2032) pixels
0x0000, 0x0000, 0xE8E4, 0xF0E4, 0xE8E4, 0xE8E4, 0xE8E4, 0xE8E4, 0xF8E4, 0x0000, 0x0000, 0x0000, 0x0000, 0x0000, 0x0000, 0xB8A3,   // 0x0800 (2048) pixels
0xF0E4, 0xE8E4, 0xE8E4, 0xE8E4, 0xE8E4, 0xF8E5, 0x0800, 0x0000, 0x0000, 0x0000, 0x0000, 0x0000, 0x0000, 0x0000, 0x0000, 0x0000,   // 0x0810 (2064) pixels
0x0000, 0x0000, 0x0000, 0x0000, 0x0000, 0x0000, 0x0000, 0x6862, 0xF8E4, 0xE8E4, 0xE8E4, 0xE8E4, 0xE8E4, 0xF8E4, 0x6862, 0x0000,   // 0x0820 (2080) pixels
0x0000, 0x0000, 0x0000, 0x0000, 0x0000, 0xD0C4, 0xF0E4, 0xE8E4, 0xE8E4, 0xE8E4, 0xE8E4, 0xF8E5, 0x1800, 0x0000, 0x0000, 0x0000,   // 0x0830 (2096) pixels
0xC0A3, 0xF0E4, 0xE8E4, 0xE8E4, 0xE8E4, 0xE8E4, 0xE8E4, 0xE8E4, 0xF8E5, 0x0000, 0x0000, 0x0000, 0x0000, 0xF8E5, 0xE8E4, 0xE8E4,   // 0x0840 (2112) pixels
0xE8E4, 0xE8E4, 0xF0E4, 0xF0E4, 0x0000, 0x0000, 0x0000, 0x1800, 0xF8E5, 0xE8E4, 0xE8E4, 0xE8E4, 0xE8E4, 0xF0E4, 0xC8A3, 0x0000,   // 0x0850 (2128) pixels
0x0000, 0x0000, 0x0000, 0x0000, 0x0000, 0x7062, 0xF8E4, 0xE8E4, 0xE8E4, 0xE8E4, 0xE8E4, 0xF8E4, 0x6862, 0x0000, 0x0000, 0x0000,   // 0x0860 (2144) pixels
0x0000, 0x0000, 0x0000, 0x0000, 0x0000, 0x0000, 0x0000, 0x0000, 0x0000, 0x0000, 0x0000, 0x0000, 0x0000, 0xD8C4, 0xF8E4, 0xF8E4,   // 0x0870 (2160) pixels
0xF8E4, 0xF8E4, 0xF8E4, 0xF905, 0x2820, 0x0000, 0x0000, 0x0000, 0x0000, 0x0000, 0x0000, 0x9082, 0xF8E5, 0xF8E4, 0xF8E4, 0xF8E4,   // 0x0880 (2176) pixels
0xF8E4, 0xF905, 0x9082, 0x0000, 0x0000, 0x0000, 0x6041, 0xF8E5, 0xF8E4, 0xF8E4, 0xF8E4, 0xF8E4, 0xF8E4, 0xF8E5, 0xB8A3, 0x0000,   // 0x0890 (2192) pixels
0x0000, 0x0000, 0x6041, 0xF905, 0xF8E4, 0xF8E4, 0xF8E4, 0xF8E4, 0xF8E5, 0x8882, 0x0000, 0x0000, 0x0000, 0x9082, 0xF905, 0xF8E4,   // 0x08A0 (2208) pixels
0xF8E4, 0xF8E4, 0xF8E4, 0xF8E5, 0x8882, 0x0000, 0x0000, 0x0000, 0x0000, 0x0000, 0x0000, 0x3021, 0xF905, 0xF8E4, 0xF8E4, 0xF8E4,   // 0x08B0 (2224) pixels
0xF8E4, 0xF8E4, 0xD8C4, 0x0000, 0x0000, 0x0000, 0x0000, 0x0000, 0x0000, 0x0000, 0x0000, 0x0000, 0x0000, 0x0000, 0x0000, 0x0000,   // 0x08C0 (2240) pixels
0x0000, 0x0000, 0x0000, 0x0000, 0x0000, 0x0000, 0x0000, 0x0000, 0x0000, 0x0000, 0x0000, 0x0000, 0x0000, 0x0000, 0x0000, 0x0000,   // 0x08D0 (2256) pixels
0x0000, 0x0000, 0x0000, 0x0000, 0x0000, 0x0000, 0x0000, 0x0000, 0x0000, 0x0000, 0x0000, 0x0000, 0x0000, 0x0000, 0x0000, 0x0000,   // 0x08E0 (2272) pixels
0x0000, 0x0000, 0x0000, 0x0000, 0x0000, 0x0000, 0x0000, 0x0000, 0x0000, 0x0000, 0x0000, 0x0000, 0x0000, 0x0000, 0x0000, 0x0000,   // 0x08F0 (2288) pixels
0x0000, 0x0000, 0x0000, 0x0000, 0x0000, 0x0000, 0x0000, 0x0000, 0x0000, 0x0000, 0x0000, 0x0000, 0x0000, 0x0000, 0x0000, 0x0000,   // 0x0900 (2304) pixels
0x0000, 0x0000, 0x0000, 0x0000, 0x0000, 0x0000, 0x0000, 0x0000, 0x0000, 0x0000, 0x0000, 0x0000, 0x0000, 0x0000, 0x0000, 0x0000,   // 0x0910 (2320) pixels
0x0000, 0x0000, 0x0000, 0x0000, 0x0000, 0x0000, 0x0000, 0x0000, 0x0000, 0x0000, 0x0000, 0x0000, 0x0000, 0x0000, 0x0000, 0x0000,   // 0x0920 (2336) pixels
0x0000, 0x0000, 0x0000, 0x0000, 0x0000, 0x0000, 0x0000, 0x0000, 0x0000, 0x0000, 0x0000, 0x0000, 0x0000, 0x0000, 0x0000, 0x0000,   // 0x0930 (2352) pixels
0x0000, 0x0000, 0x0000, 0x0000, 0x0000, 0x0000, 0x0000, 0x0000, 0x0000, 0x0000, 0x0000, 0x0000, 0x0000, 0x0000, 0x0000, 0x0000,   // 0x0940 (2368) pixels
0x0000, 0x0000, 0x0000, 0x0000, 0x0000, 0x0000, 0x0000, 0x0000, 0x0000, 0x0000, 0x0000, 0x0000, 0x0000, 0x0000, 0x0000, 0x0000,   // 0x0950 (2384) pixels
0x0000, 0x0000, 0x0000, 0x0000, 0x0000, 0x0000, 0x0000, 0x0000, 0x0000, 0x0000, 0x0000, 0x0000, 0x0000, 0x0000, 0x0000, 0x0000,   // 0x0960 (2400) pixels
0x0000, 0x0000, 0x0000, 0x0000, 0x0000, 0x0000, 0x0000, 0x0000, 0x0000, 0x0000, 0x0000, 0x0000, 0x0000, 0x0000, 0x0000, 0x0000,   // 0x0970 (2416) pixels
0x0000, 0x0000, 0x0000, 0x0000, 0x0000, 0x0000, 0x0000, 0x0000, 0x0000, 0x0000, 0x0000, 0x0000, 0x0000, 0x0000, 0x0000, 0x0000,   // 0x0980 (2432) pixels
0x0000, 0x0000, 0x0000, 0x0000, 0x0000, 0x0000, 0x0000, 0x0000, 0x0000, 0x0000, 0x0000, 0x0000, 0x0000, 0x0000, 0x0000, 0x0000,   // 0x0990 (2448) pixels
0x0000, 0x0000, 0x0000, 0x0000, 0x0000, 0x0000, 0x0000, 0x0000, 0x0000, 0x0000, 0x0000, 0x0000, 0x0000, 0x0000, 0x0000, 0x0000,   // 0x09A0 (2464) pixels
0x0000, 0x0000, 0x0000, 0x0000, 0x0000, 0x0000, 0x0000, 0x0000, 0x0000, 0x0000, 0x0000, 0x0000, 0x0000, 0x0000, 0x0000, 0x0000,   // 0x09B0 (2480) pixels
0x0000, 0x0000, 0x0000, 0x0000, 0x0000, 0x0000, 0x0000, 0x0000, 0x0000, 0x0000, 0x0000, 0x0000, 0x0000, 0x0000, 0x0000, 0x0000,   // 0x09C0 (2496) pixels
0x0000, 0x0000, 0x0000, 0x0000, 0x0000, 0x0000, 0x0000, 0x0000, 0x0000, 0x0000, 0x0000, 0x0000, 0x0000, 0x0000, 0x0000, 0x0000,   // 0x09D0 (2512) pixels
0x0000, 0x0000, 0x0000, 0x0000, 0x0000, 0x0000, 0x0000, 0x0000, 0x0000, 0x0000, 0x0000, 0x0000, 0x0000, 0x0000, 0x0000, 0x0000,   // 0x09E0 (2528) pixels
0x0000, 0x0000, 0x0000, 0x0000, 0x0000, 0x0000, 0x0000, 0x0000, 0x0000, 0x0000, 0x0000, 0x0000, 0x0000, 0x0000, 0x0000, 0x0000,   // 0x09F0 (2544) pixels
0x0000, 0x0000, 0x0000, 0x0000, 0x0000, 0x0000, 0x0000, 0x0000, 0x0000, 0x0000, 0x0000, 0x0000, 0x0000, 0x0000, 0x0000, 0x0000,   // 0x0A00 (2560) pixels
0x0000, 0x0000, 0x0000, 0x0000, 0x0000, 0x0000, 0x0000, 0x0000, 0x0000, 0x0000, 0x0000, 0x0000, 0x0000, 0x0000, 0x0000, 0x0000,   // 0x0A10 (2576) pixels
0x0000, 0x0000, 0x0000, 0x0000, 0x0000, 0x0000, 0x0000, 0x0000, 0x0000, 0x0000, 0x0000, 0x0000, 0x0000, 0x0000, 0x0000, 0x0000,   // 0x0A20 (2592) pixels
0x0000, 0x0000, 0x0000, 0x0000, 0x0000, 0x0000, 0x0000, 0x0000, 0x0000, 0x0000, 0x0000, 0x0000, 0x0000, 0x0000, 0x0000, 0x0000,   // 0x0A30 (2608) pixels
0x0000, 0x0000, 0x0000, 0x0000, 0x0000, 0x0000, 0x0000, 0x0000, 0x0000, 0x0000, 0x0000, 0x0000, 0x0000, 0x0000, 0x0000, 0x0000,   // 0x0A40 (2624) pixels
0x0000, 0x0000, 0x0000, 0x0000, 0x0000, 0x0000, 0x0000, 0x0000, 0x0000, 0x0000, 0x0000, 0x0000, 0x0000, 0x0000, 0x0000, 0x0000,   // 0x0A50 (2640) pixels
0x0000, 0x0000, 0x0000, 0x0000, 0x0000, 0x0000, 0x0000, 0x0000, 0x0000, 0x0000, 0x0000, 0x0000, 0x0000, 0x0000, 0x0000, 0x0000,   // 0x0A60 (2656) pixels
0x0000, 0x0000, 0x0000, 0x0000, 0x0000, 0x0000, 0x0000, 0x0000, 0x0000, 0x0000, 0x0000, 0x0000, 0x0000, 0x0000, 0x0000, 0x0000,   // 0x0A70 (2672) pixels
0x0000, 0xA8A3, 0xC0A3, 0xC0A3, 0xC0A3, 0xC0A3, 0xC0A3, 0xC0A3, 0xC0A3, 0xC0A3, 0xC0A3, 0xC0A3, 0xC0A3, 0xC0A3, 0xC0A3, 0xC0A3,   // 0x0A80 (2688) pixels
0xC0A3, 0xC0A3, 0xC0A3, 0xC0A3, 0xC0A3, 0xC0A3, 0xC0A3, 0xC0A3, 0xC0A3, 0xC0A3, 0xC0A3, 0xC0A3, 0xC0A3, 0xC0A3, 0xC0A3, 0xC0A3,   // 0x0A90 (2704) pixels
0xC0A3, 0xC0A3, 0xC0A3, 0xC0A3, 0xC0A3, 0xC0A3, 0xC0A3, 0xC0A3, 0xC0A3, 0xC0A3, 0xC0A3, 0xC0A3, 0xC0A3, 0xC0A3, 0xC0A3, 0xC0A3,   // 0x0AA0 (2720) pixels
0xC0A3, 0xC0A3, 0xC0A3, 0xC0A3, 0xC0A3, 0xC0A3, 0xC0A3, 0xC0A3, 0xC0A3, 0xC0A3, 0xC0A3, 0xC0A3, 0xC0A3, 0xC0A3, 0xC0A3, 0xC0A3,   // 0x0AB0 (2736) pixels
0xC0A3, 0xC0A3, 0xC0A3, 0xC0A3, 0xC0A3, 0xC0A3, 0xB0A3, 0x0000, 0x0000, 0x0000, 0x0000, 0x0000, 0x0000, 0x0000, 0x0000, 0x0000,   // 0x0AC0 (2752) pixels
0x0000, 0x0000, 0x0000, 0x0000, 0x0000, 0x0000, 0x0000, 0xD8C4, 0xF0E4, 0xF0E4, 0xF0E4, 0xF0E4, 0xF0E4, 0xF0E4, 0xF0E4, 0xF0E4,   // 0x0AD0 (2768) pixels
0xF0E4, 0xF0E4, 0xF0E4, 0xF0E4, 0xF0E4, 0xF0E4, 0xF0E4, 0xF0E4, 0xF0E4, 0xF0E4, 0xF0E4, 0xF0E4, 0xF0E4, 0xF0E4, 0xF0E4, 0xF0E4,   // 0x0AE0 (2784) pixels
0xF0E4, 0xF0E4, 0xF0E4, 0xF0E4, 0xF0E4, 0xF0E4, 0xF0E4, 0xF0E4, 0xF0E4, 0xF0E4, 0xF0E4, 0xF0E4, 0xF0E4, 0xF0E4, 0xF0E4, 0xF0E4,   // 0x0AF0 (2800) pixels
0xF0E4, 0xF0E4, 0xF0E4, 0xF0E4, 0xF0E4, 0xF0E4, 0xF0E4, 0xF0E4, 0xF0E4, 0xF0E4, 0xF0E4, 0xF0E4, 0xF0E4, 0xF0E4, 0xF0E4, 0xF0E4,   // 0x0B00 (2816) pixels
0xF0E4, 0xF0E4, 0xF0E4, 0xF0E4, 0xF0E4, 0xF0E4, 0xF0E4, 0xF0E4, 0xF0E4, 0xF0E4, 0xF0E4, 0xF0E4, 0xE0C4, 0x0000, 0x0000, 0x0000,   // 0x0B10 (2832) pixels
0x0000, 0x0000, 0x0000, 0x0000, 0x0000, 0x0000, 0x0000, 0x0000, 0x0000, 0x0000, 0x0000, 0x0000, 0x0000, 0xD8C4, 0xF0E4, 0xF0E4,   // 0x0B20 (2848) pixels
0xF0E4, 0xF0E4, 0xF0E4, 0xF0E4, 0xF0E4, 0xF0E4, 0xF0E4, 0xF0E4, 0xF0E4, 0xF0E4, 0xF0E4, 0xF0E4, 0xF0E4, 0xF0E4, 0xF0E4, 0xF0E4,   // 0x0B30 (2864) pixels
0xF0E4, 0xF0E4, 0xF0E4, 0xF0E4, 0xF0E4, 0xF0E4, 0xF0E4, 0xF0E4, 0xF0E4, 0xF0E4, 0xF0E4, 0xF0E4, 0xF0E4, 0xF0E4, 0xF0E4, 0xF0E4,   // 0x0B40 (2880) pixels
0xF0E4, 0xF0E4, 0xF0E4, 0xF0E4, 0xF0E4, 0xF0E4, 0xF0E4, 0xF0E4, 0xF0E4, 0xF0E4, 0xF0E4, 0xF0E4, 0xF0E4, 0xF0E4, 0xF0E4, 0xF0E4,   // 0x0B50 (2896) pixels
0xF0E4, 0xF0E4, 0xF0E4, 0xF0E4, 0xF0E4, 0xF0E4, 0xF0E4, 0xF0E4, 0xF0E4, 0xF0E4, 0xF0E4, 0xF0E4, 0xF0E4, 0xF0E4, 0xF0E4, 0xF0E4,   // 0x0B60 (2912) pixels
0xF0E4, 0xF0E4, 0xE0C4, 0x0000, 0x0000, 0x0000, 0x0000, 0x0000, 0x0000, 0x0000, 0x0000, 0x0000, 0x0000, 0x0000, 0x0000, 0x0000,   // 0x0B70 (2928) pixels
0x0000, 0x0000, 0x0000, 0xA8A3, 0xC0A3, 0xC0A3, 0xC0A3, 0xC0A3, 0xC0A3, 0xC0A3, 0xC0A3, 0xC0A3, 0xC0A3, 0xC0A3, 0xC0A3, 0xC0A3,   // 0x0B80 (2944) pixels
0xC0A3, 0xC0A3, 0xC0A3, 0xC0A3, 0xC0A3, 0xC0A3, 0xC0A3, 0xC0A3, 0xC0A3, 0xC0A3, 0xC0A3, 0xC0A3, 0xC0A3, 0xC0A3, 0xC0A3, 0xC0A3,   // 0x0B90 (2960) pixels
0xC0A3, 0xC0A3, 0xC0A3, 0xC0A3, 0xC0A3, 0xC0A3, 0xC0A3, 0xC0A3, 0xC0A3, 0xC0A3, 0xC0A3, 0xC0A3, 0xC0A3, 0xC0A3, 0xC0A3, 0xC0A3,   // 0x0BA0 (2976) pixels
0xC0A3, 0xC0A3, 0xC0A3, 0xC0A3, 0xC0A3, 0xC0A3, 0xC0A3, 0xC0A3, 0xC0A3, 0xC0A3, 0xC0A3, 0xC0A3, 0xC0A3, 0xC0A3, 0xC0A3, 0xC0A3,   // 0x0BB0 (2992) pixels
0xC0A3, 0xC0A3, 0xC0A3, 0xC0A3, 0xC0A3, 0xC0A3, 0xC0A3, 0xC0A3, 0xB8A3, 0x0000, 0x0000, 0x0000, 0x0000, 0x0000, 0x0000, 0x0000,   // 0x0BC0 (3008) pixels
0x0000, 0x0000, 0x0000, 0x0000, 0x0000, 0x0000, 0x0000, 0x0000, 0x0000, 0x0000, 0x0000, 0x0000, 0x0000, 0x0000, 0x0000, 0x0000,   // 0x0BD0 (3024) pixels
0x0000, 0x0000, 0x0000, 0x0000, 0x0000, 0x0000, 0x0000, 0x0000, 0x0000, 0x0000, 0x0000, 0x0000, 0x0000, 0x0000, 0x0000, 0x0000,   // 0x0BE0 (3040) pixels
0x0000, 0x0000, 0x0000, 0x0000, 0x0000, 0x0000, 0x0000, 0x0000, 0x0000, 0x0000, 0x0000, 0x0000, 0x0000, 0x0000, 0x0000, 0x0000,   // 0x0BF0 (3056) pixels
0x0000, 0x0000, 0x0000, 0x0000, 0x0000, 0x0000, 0x0000, 0x0000, 0x0000, 0x0000, 0x0000, 0x0000, 0x0000, 0x0000, 0x0000, 0x0000,   // 0x0C00 (3072) pixels
0x0000, 0x0000, 0x0000, 0x0000, 0x0000, 0x0000, 0x0000, 0x0000, 0x0000, 0x0000, 0x0000, 0x0000, 0x0000, 0x0000, 0x0000, 0x0000,   // 0x0C10 (3088) pixels
0x0000, 0x0000, 0x0000, 0x0000, 0x0000, 0x0000, 0x0000, 0x0000, 0x0000, 0x0000, 0x0000, 0x0000, 0x0000, 0x0000, 0x0000, 0x0000,   // 0x0C20 (3104) pixels
0x0000, 0x0000, 0x0000, 0x0000, 0x0000, 0x0000, 0x0000, 0x0000, 0x0000, 0x0000, 0x0000, 0x0000, 0x0000, 0x0000, 0x0000, 0x0000,   // 0x0C30 (3120) pixels
0x0000, 0x0000, 0x0000, 0x0000, 0x0000, 0x0000, 0x0000, 0x0000, 0x0000, 0x0000, 0x0000, 0x0000, 0x0000, 0x0000, 0x0000, 0x0000,   // 0x0C40 (3136) pixels
0x0000, 0x0000, 0x0000, 0x0000, 0x0000, 0x0000, 0x0000, 0x0000, 0x0000, 0x0000, 0x0000, 0x0000, 0x0000, 0x0000, 0x0000, 0x0000,   // 0x0C50 (3152) pixels
0x0000, 0x0000, 0x0000, 0x0000, 0x0000, 0x0000, 0x0000, 0x0000, 0x0000, 0x0000, 0x0000, 0x0000, 0x0000, 0x0000, 0x0000, 0x0000,   // 0x0C60 (3168) pixels
0x0000, 0x0000, 0x0000, 0x0000, 0x0000, 0x0000, 0x0000, 0x0000, 0x0000, 0x0000, 0x0000, 0x0000, 0x0000, 0x0000, 0x0000, 0x0000,   // 0x0C70 (3184) pixels
0x0000, 0x0000, 0x0000, 0x0000, 0x0000, 0xF0E4, 0xF0E4, 0xF0E4, 0xF0E4, 0xF0E4, 0xF0E4, 0xF0E4, 0xF0E4, 0xF0E4, 0xF0E4, 0xF0E4,   // 0x0C80 (3200) pixels
0xF0E4, 0xF0E4, 0xF0E4, 0xF0E4, 0xF0E4, 0xF0E4, 0xF0E4, 0xF0E4, 0xF0E4, 0xF0E4, 0xF0E4, 0xF0E4, 0xF0E4, 0xF0E4, 0xF0E4, 0xF0E4,   // 0x0C90 (3216) pixels
0xF0E4, 0xF0E4, 0xF0E4, 0xF0E4, 0xF0E4, 0xF0E4, 0xF0E4, 0xF0E4, 0xF0E4, 0xF0E4, 0xF0E4, 0xF0E4, 0xF0E4, 0xF0E4, 0xF0E4, 0xF0E4,   // 0x0CA0 (3232) pixels
0xF0E4, 0xF0E4, 0xF0E4, 0xF0E4, 0xF0E4, 0xF0E4, 0xF0E4, 0xF0E4, 0xF0E4, 0xF0E4, 0xF0E4, 0xF0E4, 0xF0E4, 0xF0E4, 0xF0E4, 0xF0E4,   // 0x0CB0 (3248) pixels
0xF0E4, 0xF0E4, 0xF0E4, 0xF0E4, 0xF0E4, 0xF0E4, 0xF0E4, 0xF0E4, 0xF0E4, 0xF0E4, 0xE8E4, 0x0000, 0x0000, 0x0000, 0x0000, 0x0000,   // 0x0CC0 (3264) pixels
0x0000, 0x0000, 0x0000, 0x0000, 0x0000, 0x0000, 0x0000, 0x0000, 0x0000, 0x0000, 0x0000, 0xE8E4, 0xE8E4, 0xE8E4, 0xE8E4, 0xE8E4,   // 0x0CD0 (3280) pixels
0xE8E4, 0xE8E4, 0xE8E4, 0xE8E4, 0xE8E4, 0xE8E4, 0xE8E4, 0xE8E4, 0xE8E4, 0xE8E4, 0xE8E4, 0xE8E4, 0xE8E4, 0xE8E4, 0xE8E4, 0xE8E4,   // 0x0CE0 (3296) pixels
0xE8E4, 0xE8E4, 0xE8E4, 0xE8E4, 0xE8E4, 0xE8E4, 0xE8E4, 0xE8E4, 0xE8E4, 0xE8E4, 0xE8E4, 0xE8E4, 0xE8E4, 0xE8E4, 0xE8E4, 0xE8E4,   // 0x0CF0 (3312) pixels
0xE8E4, 0xE8E4, 0xE8E4, 0xE8E4, 0xE8E4, 0xE8E4, 0xE8E4, 0xE8E4, 0xE8E4, 0xE8E4, 0xE8E4, 0xE8E4, 0xE8E4, 0xE8E4, 0xE8E4, 0xE8E4,   // 0x0D00 (3328) pixels
0xE8E4, 0xE8E4, 0xE8E4, 0xE8E4, 0xE8E4, 0xE8E4, 0xE8E4, 0xE8E4, 0xE8E4, 0xE8E4, 0xE8E4, 0xE8E4, 0xE8E4, 0xE8E4, 0xE8E4, 0xE8E4,   // 0x0D10 (3344) pixels
0xE8E4, 0x0000, 0x0000, 0x0000, 0x0000, 0x0000, 0x0000, 0x0000, 0x0000, 0x0000, 0x0000, 0x0000, 0x0000, 0x0000, 0x0000, 0x0000,   // 0x0D20 (3360) pixels
0x0000, 0xE8E4, 0xE8E4, 0xE8E4, 0xE8E4, 0xE8E4, 0xE8E4, 0xE8E4, 0xE8E4, 0xE8E4, 0xE8E4, 0xE8E4, 0xE8E4, 0xE8E4, 0xE8E4, 0xE8E4,   // 0x0D30 (3376) pixels
0xE8E4, 0xE8E4, 0xE8E4, 0xE8E4, 0xE8E4, 0xE8E4, 0xE8E4, 0xE8E4, 0xE8E4, 0xE8E4, 0xE8E4, 0xE8E4, 0xE8E4, 0xE8E4, 0xE8E4, 0xE8E4,   // 0x0D40 (3392) pixels
0xE8E4, 0xE8E4, 0xE8E4, 0xE8E4, 0xE8E4, 0xE8E4, 0xE8E4, 0xE8E4, 0xE8E4, 0xE8E4, 0xE8E4, 0xE8E4, 0xE8E4, 0xE8E4, 0xE8E4, 0xE8E4,   // 0x0D50 (3408) pixels
0xE8E4, 0xE8E4, 0xE8E4, 0xE8E4, 0xE8E4, 0xE8E4, 0xE8E4, 0xE8E4, 0xE8E4, 0xE8E4, 0xE8E4, 0xE8E4, 0xE8E4, 0xE8E4, 0xE8E4, 0xE8E4,   // 0x0D60 (3424) pixels
0xE8E4, 0xE8E4, 0xE8E4, 0xE8E4, 0xE8E4, 0xE8E4, 0xE8E4, 0x0000, 0x0000, 0x0000, 0x0000, 0x0000, 0x0000, 0x0000, 0x0000, 0x0000,   // 0x0D70 (3440) pixels
0x0000, 0x0000, 0x0000, 0x0000, 0x0000, 0x0000, 0x0000, 0xE8E4, 0xE8E4, 0xE8E4, 0xE8E4, 0xE8E4, 0xE8E4, 0xE8E4, 0xE8E4, 0xE8E4,   // 0x0D80 (3456) pixels
0xE8E4, 0xE8E4, 0xE8E4, 0xE8E4, 0xE8E4, 0xE8E4, 0xE8E4, 0xE8E4, 0xE8E4, 0xE8E4, 0xE8E4, 0xE8E4, 0xE8E4, 0xE8E4, 0xE8E4, 0xE8E4,   // 0x0D90 (3472) pixels
0xE8E4, 0xE8E4, 0xE8E4, 0xE8E4, 0xE8E4, 0xE8E4, 0xE8E4, 0xE8E4, 0xE8E4, 0xE8E4, 0xE8E4, 0xE8E4, 0xE8E4, 0xE8E4, 0xE8E4, 0xE8E4,   // 0x0DA0 (3488) pixels
0xE8E4, 0xE8E4, 0xE8E4, 0xE8E4, 0xE8E4, 0xE8E4, 0xE8E4, 0xE8E4, 0xE8E4, 0xE8E4, 0xE8E4, 0xE8E4, 0xE8E4, 0xE8E4, 0xE8E4, 0xE8E4,   // 0x0DB0 (3504) pixels
0xE8E4, 0xE8E4, 0xE8E4, 0xE8E4, 0xE8E4, 0xE8E4, 0xE8E4, 0xE8E4, 0xE8E4, 0xE8E4, 0xE8E4, 0xE8E4, 0xE8E4, 0x0000, 0x0000, 0x0000,   // 0x0DC0 (3520) pixels
0x0000, 0x0000, 0x0000, 0x0000, 0x0000, 0x0000, 0x0000, 0x0000, 0x0000, 0x0000, 0x0000, 0x0000, 0x0000, 0xE8E4, 0xE8E4, 0xE8E4,   // 0x0DD0 (3536) pixels
0xE8E4, 0xE8E4, 0xE8E4, 0xE8E4, 0xE8E4, 0xE8E4, 0xE8E4, 0xE8E4, 0xE8E4, 0xE8E4, 0xE8E4, 0xE8E4, 0xE8E4, 0xE8E4, 0xE8E4, 0xE8E4,   // 0x0DE0 (3552) pixels
0xE8E4, 0xE8E4, 0xE8E4, 0xE8E4, 0xE8E4, 0xE8E4, 0xE8E4, 0xE8E4, 0xE8E4, 0xE8E4, 0xE8E4, 0xE8E4, 0xE8E4, 0xE8E4, 0xE8E4, 0xE8E4,   // 0x0DF0 (3568) pixels
0xE8E4, 0xE8E4, 0xE8E4, 0xE8E4, 0xE8E4, 0xE8E4, 0xE8E4, 0xE8E4, 0xE8E4, 0xE8E4, 0xE8E4, 0xE8E4, 0xE8E4, 0xE8E4, 0xE8E4, 0xE8E4,   // 0x0E00 (3584) pixels
0xE8E4, 0xE8E4, 0xE8E4, 0xE8E4, 0xE8E4, 0xE8E4, 0xE8E4, 0xE8E4, 0xE8E4, 0xE8E4, 0xE8E4, 0xE8E4, 0xE8E4, 0xE8E4, 0xE8E4, 0xE8E4,   // 0x0E10 (3600) pixels
0xE8E4, 0xE8E4, 0xE8E4, 0x0000, 0x0000, 0x0000, 0x0000, 0x0000, 0x0000, 0x0000, 0x0000, 0x0000, 0x0000, 0x0000, 0x0000, 0x0000,   // 0x0E20 (3616) pixels
0x0000, 0x0000, 0x0000, 0xE8E4, 0xE8E4, 0xE8E4, 0xE8E4, 0xE8E4, 0xE8E4, 0xE8E4, 0xE8E4, 0xE8E4, 0xE8E4, 0xE8E4, 0xE8E4, 0xE8E4,   // 0x0E30 (3632) pixels
0xE8E4, 0xE8E4, 0xE8E4, 0xE8E4, 0xE8E4, 0xE8E4, 0xE8E4, 0xE8E4, 0xE8E4, 0xE8E4, 0xE8E4, 0xE8E4, 0xE8E4, 0xE8E4, 0xE8E4, 0xE8E4,   // 0x0E40 (3648) pixels
0xE8E4, 0xE8E4, 0xE8E4, 0xE8E4, 0xE8E4, 0xE8E4, 0xE8E4, 0xE8E4, 0xE8E4, 0xE8E4, 0xE8E4, 0xE8E4, 0xE8E4, 0xE8E4, 0xE8E4, 0xE8E4,   // 0x0E50 (3664) pixels
0xE8E4, 0xE8E4, 0xE8E4, 0xE8E4, 0xE8E4, 0xE8E4, 0xE8E4, 0xE8E4, 0xE8E4, 0xE8E4, 0xE8E4, 0xE8E4, 0xE8E4, 0xE8E4, 0xE8E4, 0xE8E4,   // 0x0E60 (3680) pixels
0xE8E4, 0xE8E4, 0xE8E4, 0xE8E4, 0xE8E4, 0xE8E4, 0xE8E4, 0xE8E4, 0xE8E4, 0x0000, 0x0000, 0x0000, 0x0000, 0x0000, 0x0000, 0x0000,   // 0x0E70 (3696) pixels
0x0000, 0x0000, 0x0000, 0x0000, 0x0000, 0x0000, 0x0000, 0x0000, 0x0000, 0xE8E4, 0xE8E4, 0xE8E4, 0xE8E4, 0xE8E4, 0xE8E4, 0xE8E4,   // 0x0E80 (3712) pixels
0xE8E4, 0xE8E4, 0xE8E4, 0xE8E4, 0xE8E4, 0xE8E4, 0xE8E4, 0xE8E4, 0xE8E4, 0xE8E4, 0xE8E4, 0xE8E4, 0xE8E4, 0xE8E4, 0xE8E4, 0xE8E4,   // 0x0E90 (3728) pixels
0xE8E4, 0xE8E4, 0xE8E4, 0xE8E4, 0xE8E4, 0xE8E4, 0xE8E4, 0xE8E4, 0xE8E4, 0xE8E4, 0xE8E4, 0xE8E4, 0xE8E4, 0xE8E4, 0xE8E4, 0xE8E4,   // 0x0EA0 (3744) pixels
0xE8E4, 0xE8E4, 0xE8E4, 0xE8E4, 0xE8E4, 0xE8E4, 0xE8E4, 0xE8E4, 0xE8E4, 0xE8E4, 0xE8E4, 0xE8E4, 0xE8E4, 0xE8E4, 0xE8E4, 0xE8E4,   // 0x0EB0 (3760) pixels
0xE8E4, 0xE8E4, 0xE8E4, 0xE8E4, 0xE8E4, 0xE8E4, 0xE8E4, 0xE8E4, 0xE8E4, 0xE8E4, 0xE8E4, 0xE8E4, 0xE8E4, 0xE8E4, 0xE8E4, 0x0000,   // 0x0EC0 (3776) pixels
0x0000, 0x0000, 0x0000, 0x0000, 0x0000, 0x0000, 0x0000, 0x0000, 0x0000, 0x0000, 0x0000, 0x0000, 0x0000, 0x0000, 0x0000, 0xE8E4,   // 0x0ED0 (3792) pixels
0xE8E4, 0xE8E4, 0xE8E4, 0xE8E4, 0xE8E4, 0xE8E4, 0xE8E4, 0xE8E4, 0xE8E4, 0xE8E4, 0xE8E4, 0xE8E4, 0xE8E4, 0xE8E4, 0xE8E4, 0xE8E4,   // 0x0EE0 (3808) pixels
0xE8E4, 0xE8E4, 0xE8E4, 0xE8E4, 0xE8E4, 0xE8E4, 0xE8E4, 0xE8E4, 0xE8E4, 0xE8E4, 0xE8E4, 0xE8E4, 0xE8E4, 0xE8E4, 0xE8E4, 0xE8E4,   // 0x0EF0 (3824) pixels
0xE8E4, 0xE8E4, 0xE8E4, 0xE8E4, 0xE8E4, 0xE8E4, 0xE8E4, 0xE8E4, 0xE8E4, 0xE8E4, 0xE8E4, 0xE8E4, 0xE8E4, 0xE8E4, 0xE8E4, 0xE8E4,   // 0x0F00 (3840) pixels
0xE8E4, 0xE8E4, 0xE8E4, 0xE8E4, 0xE8E4, 0xE8E4, 0xE8E4, 0xE8E4, 0xE8E4, 0xE8E4, 0xE8E4, 0xE8E4, 0xE8E4, 0xE8E4, 0xE8E4, 0xE8E4,   // 0x0F10 (3856) pixels
0xE8E4, 0xE8E4, 0xE8E4, 0xE8E4, 0xE8E4, 0x0000, 0x0000, 0x0000, 0x0000, 0x0000, 0x0000, 0x0000, 0x0000, 0x0000, 0x0000, 0x0000,   // 0x0F20 (3872) pixels
0x0000, 0x0000, 0x0000, 0x0000, 0x0000, 0xE8E4, 0xE8E4, 0xE8E4, 0xE8E4, 0xE8E4, 0xE8E4, 0xE8E4, 0xE8E4, 0xE8E4, 0xE8E4, 0xE8E4,   // 0x0F30 (3888) pixels
0xE8E4, 0xE8E4, 0xE8E4, 0xE8E4, 0xE8E4, 0xE8E4, 0xE8E4, 0xE8E4, 0xE8E4, 0xE8E4, 0xE8E4, 0xE8E4, 0xE8E4, 0xE8E4, 0xE8E4, 0xE8E4,   // 0x0F40 (3904) pixels
0xE8E4, 0xE8E4, 0xE8E4, 0xE8E4, 0xE8E4, 0xE8E4, 0xE8E4, 0xE8E4, 0xE8E4, 0xE8E4, 0xE8E4, 0xE8E4, 0xE8E4, 0xE8E4, 0xE8E4, 0xE8E4,   // 0x0F50 (3920) pixels
0xE8E4, 0xE8E4, 0xE8E4, 0xE8E4, 0xE8E4, 0xE8E4, 0xE8E4, 0xE8E4, 0xE8E4, 0xE8E4, 0xE8E4, 0xE8E4, 0xE8E4, 0xE8E4, 0xE8E4, 0xE8E4,   // 0x0F60 (3936) pixels
0xE8E4, 0xE8E4, 0xE8E4, 0xE8E4, 0xE8E4, 0xE8E4, 0xE8E4, 0xE8E4, 0xE8E4, 0xE8E4, 0xE8E4, 0x0000, 0x0000, 0x0000, 0x0000, 0x0000,   // 0x0F70 (3952) pixels
0x0000, 0x0000, 0x0000, 0x0000, 0x0000, 0x0000, 0x0000, 0x0000, 0x0000, 0x0000, 0x0000, 0xE8E4, 0xE8E4, 0xE8E4, 0xE8E4, 0xE8E4,   // 0x0F80 (3968) pixels
0xE8E4, 0xE8E4, 0xE8E4, 0xE8E4, 0xE8E4, 0xE8E4, 0xE8E4, 0xE8E4, 0xE8E4, 0xE8E4, 0xE8E4, 0xE8E4, 0xE8E4, 0xE8E4, 0xE8E4, 0xE8E4,   // 0x0F90 (3984) pixels
0xE8E4, 0xE8E4, 0xE8E4, 0xE8E4, 0xE8E4, 0xE8E4, 0xE8E4, 0xE8E4, 0xE8E4, 0xE8E4, 0xE8E4, 0xE8E4, 0xE8E4, 0xE8E4, 0xE8E4, 0xE8E4,   // 0x0FA0 (4000) pixels
0xE8E4, 0xE8E4, 0xE8E4, 0xE8E4, 0xE8E4, 0xE8E4, 0xE8E4, 0xE8E4, 0xE8E4, 0xE8E4, 0xE8E4, 0xE8E4, 0xE8E4, 0xE8E4, 0xE8E4, 0xE8E4,   // 0x0FB0 (4016) pixels
0xE8E4, 0xE8E4, 0xE8E4, 0xE8E4, 0xE8E4, 0xE8E4, 0xE8E4, 0xE8E4, 0xE8E4, 0xE8E4, 0xE8E4, 0xE8E4, 0xE8E4, 0xE8E4, 0xE8E4, 0xE8E4,   // 0x0FC0 (4032) pixels
0xE8E4, 0x0000, 0x0000, 0x0000, 0x0000, 0x0000, 0x0000, 0x0000, 0x0000, 0x0000, 0x0000, 0x0000, 0x0000, 0x0000, 0x0000, 0x0000,   // 0x0FD0 (4048) pixels
0x0000, 0xE8E4, 0xE8E4, 0xE8E4, 0xE8E4, 0xE8E4, 0xE8E4, 0xE8E4, 0xE8E4, 0xE8E4, 0xE8E4, 0xE8E4, 0xE8E4, 0xE8E4, 0xE8E4, 0xE8E4,   // 0x0FE0 (4064) pixels
0xE8E4, 0xE8E4, 0xE8E4, 0xE8E4, 0xE8E4, 0xE8E4, 0xE8E4, 0xE8E4, 0xE8E4, 0xE8E4, 0xE8E4, 0xE8E4, 0xE8E4, 0xE8E4, 0xE8E4, 0xE8E4,   // 0x0FF0 (4080) pixels
0xE8E4, 0xE8E4, 0xE8E4, 0xE8E4, 0xE8E4, 0xE8E4, 0xE8E4, 0xE8E4, 0xE8E4, 0xE8E4, 0xE8E4, 0xE8E4, 0xE8E4, 0xE8E4, 0xE8E4, 0xE8E4,   // 0x1000 (4096) pixels
0xE8E4, 0xE8E4, 0xE8E4, 0xE8E4, 0xE8E4, 0xE8E4, 0xE8E4, 0xE8E4, 0xE8E4, 0xE8E4, 0xE8E4, 0xE8E4, 0xE8E4, 0xE8E4, 0xE8E4, 0xE8E4,   // 0x1010 (4112) pixels
0xE8E4, 0xE8E4, 0xE8E4, 0xE8E4, 0xE8E4, 0xE8E4, 0xE8E4, 0x0000, 0x0000, 0x0000, 0x0000, 0x0000, 0x0000, 0x0000, 0x0000, 0x0000,   // 0x1020 (4128) pixels
0x0000, 0x0000, 0x0000, 0x0000, 0x0000, 0x0000, 0x0000, 0xE8E4, 0xE8E4, 0xE8E4, 0xE8E4, 0xE8E4, 0xE8E4, 0xE8E4, 0xE8E4, 0xE8E4,   // 0x1030 (4144) pixels
0xE8E4, 0xE8E4, 0xE8E4, 0xE8E4, 0xE8E4, 0xE8E4, 0xE8E4, 0xE8E4, 0xE8E4, 0xE8E4, 0xE8E4, 0xE8E4, 0xE8E4, 0xE8E4, 0xE8E4, 0xE8E4,   // 0x1040 (4160) pixels
0xE8E4, 0xE8E4, 0xE8E4, 0xE8E4, 0xE8E4, 0xE8E4, 0xE8E4, 0xE8E4, 0xE8E4, 0xE8E4, 0xE8E4, 0xE8E4, 0xE8E4, 0xE8E4, 0xE8E4, 0xE8E4,   // 0x1050 (4176) pixels
0xE8E4, 0xE8E4, 0xE8E4, 0xE8E4, 0xE8E4, 0xE8E4, 0xE8E4, 0xE8E4, 0xE8E4, 0xE8E4, 0xE8E4, 0xE8E4, 0xE8E4, 0xE8E4, 0xE8E4, 0xE8E4,   // 0x1060 (4192) pixels
0xE8E4, 0xE8E4, 0xE8E4, 0xE8E4, 0xE8E4, 0xE8E4, 0xE8E4, 0xE8E4, 0xE8E4, 0xE8E4, 0xE8E4, 0xE8E4, 0xE8E4, 0x0000, 0x0000, 0x0000,   // 0x1070 (4208) pixels
0x0000, 0x0000, 0x0000, 0x0000, 0x0000, 0x0000, 0x0000, 0x0000, 0x0000, 0x0000, 0x0000, 0x0000, 0x0000, 0xE8E4, 0xE8E4, 0xE8E4,   // 0x1080 (4224) pixels
0xE8E4, 0xE8E4, 0xE8E4, 0xE8E4, 0xE8E4, 0xE8E4, 0xE8E4, 0xE8E4, 0xE8E4, 0xE8E4, 0xE8E4, 0xE8E4, 0xE8E4, 0xE8E4, 0xE8E4, 0xE8E4,   // 0x1090 (4240) pixels
0xE8E4, 0xE8E4, 0xE8E4, 0xE8E4, 0xE8E4, 0xE8E4, 0xE8E4, 0xE8E4, 0xE8E4, 0xE8E4, 0xE8E4, 0xE8E4, 0xE8E4, 0xE8E4, 0xE8E4, 0xE8E4,   // 0x10A0 (4256) pixels
0xE8E4, 0xE8E4, 0xE8E4, 0xE8E4, 0xE8E4, 0xE8E4, 0xE8E4, 0xE8E4, 0xE8E4, 0xE8E4, 0xE8E4, 0xE8E4, 0xE8E4, 0xE8E4, 0xE8E4, 0xE8E4,   // 0x10B0 (4272) pixels
0xE8E4, 0xE8E4, 0xE8E4, 0xE8E4, 0xE8E4, 0xE8E4, 0xE8E4, 0xE8E4, 0xE8E4, 0xE8E4, 0xE8E4, 0xE8E4, 0xE8E4, 0xE8E4, 0xE8E4, 0xE8E4,   // 0x10C0 (4288) pixels
0xE8E4, 0xE8E4, 0xE8E4, 0x0000, 0x0000, 0x0000, 0x0000, 0x0000, 0x0000, 0x0000, 0x0000, 0x0000
};

static const uint16_t logo_fallback[STATION_LOGO_W * STATION_LOGO_H] PROGMEM = {
  0x0000,0x0000,0x0000,0x0000,0x0000,0x0000,0x0000,0x0000,0x0000,0x0000,0x0000,0x0000,0x0000,0x0000,0x0000,0x0000,
  0x0000,0x0000,0x0000,0x0000,0x0000,0x0000,0x0000,0x0000,0x0000,0x0000,0x0000,0x0000,0x0000,0x0000,0x0000,0x0000,
  0x0000,0x0000,0x0000,0x0000,0x0000,0x0000,0x0000,0x0000,0x0000,0x0000,0x0000,0x0000,0x0000,0x0000,0x0000,0x0000,
  0x0000,0x0000,0x0000,0x0000,0x0000,0x0000,0x0000,0x0000,0x0000,0x0000,0x0000,0x0000,0x0000,0x0000,0x0000,0x0000,
  0x0000,0x0000,0x0000,0x0000,0x0000,0x0000,0x0000,0x0000,0x0000,0x0000,0x0000,0x0000,0x0000,0x0000,0x0000,0x0000,
  0x0000,0x0000,0x0000,0x0000,0x0000,0x0000,0x0000,0x0000,0x0000,0x0000,0x0000,0x0000,0x0000,0x0000,0x0000,0x0000,
  0x0000,0x0000,0x0000,0x0000,0x0000,0x0000,0x0000,0x0000,0x0000,0x0000,0x0000,0x0000,0x0000,0x0000,0x0000,0x0000,
  0x0000,0x0000,0x0000,0x0000,0x0000,0x0000,0x0000,0x0000,0x0000,0x0000,0x0000,0x0000,0x0000,0x0000,0x0000,0x0000,
  0x0000,0x0000,0x0000,0x0000,0x0000,0x0000,0x0000,0x0000,0x0000,0x0000,0x0000,0x0000,0x0000,0x0000,0x0000,0x0000,
  0x0000,0x0000,0x0000,0x0000,0x0000,0x0000,0x0000,0x0000,0x0000,0x0000,0x0000,0x0000,0x0000,0x0000,0x0000,0x0000,
  0x0000,0x0000,0x0000,0x0000,0x0000,0x0000,0x0000,0x0000,0x0000,0x0000,0x0000,0x0000,0x0000,0x0000,0x0000,0x0000,
  0x0000,0x0000,0x0000,0x0000,0x0000,0x0000,0x0000,0x0000,0x0000,0x0000,0x0000,0x0000,0x0000,0x0000,0x0000,0x0000,
  0x0000,0x0000,0x0000,0x0000,0x0000,0x0000,0x0000,0x0000,0x0000,0x0000,0x0000,0x0000,0x0000,0x0000,0x0000,0x0000,
  0x0000,0x0000,0x0000,0x0000,0x0000,0x0000,0x0000,0x0000,0x0000,0x0000,0x0000,0x0000,0x0000,0x0000,0x0000,0x0000,
  0x0000,0x0000,0x0000,0x0000,0x0000,0x0000,0x0000,0x0000,0x0000,0x0000,0x0000,0x0000,0x0000,0x0000,0x0000,0x0000,
  0x0000,0x0000,0x0000,0x0000,0x0000,0x0000,0x0000,0x0000,0x0000,0x0000,0x0000,0x0000,0x0000,0x0000,0x0000,0x0000,
  0x0000,0x0000,0x0000,0x0000,0x0000,0x0000,0x0000,0x0000,0x0000,0x0000,0x0000,0x0000,0x0000,0x0000,0x0000,0x0000,
  0x0000,0x0000,0x0000,0x0000,0x0000,0x0000,0x0000,0x0000,0x0000,0x0000,0x0000,0x0000,0x0000,0x0000,0x0000,0x0000,
  0x0000,0x0000,0x0000,0x0000,0x0000,0x0000,0x0000,0x0000,0x0000,0x0000,0x0000,0x0000,0x0000,0x0000,0x0000,0x0000,
  0x0000,0x0000,0x0000,0x0000,0x0000,0x0000,0x0000,0x0000,0x0000,0x0000,0x0000,0x0000,0x0000,0x0000,0x0000,0x0000,
  0x0000,0x0000,0x0000,0x0000,0x0000,0x0000,0x0000,0x0000,0x0000,0x0000,0x0000,0x0000,0x0000,0x0000,0x0000,0x0000,
  0x0000,0x0000,0x0000,0x0000,0x0000,0x0000,0x0000,0x0000,0x0000,0x0000,0x0000,0x0000,0x0000,0x0000,0x0000,0x0000,
  0x0000,0x0000,0x0000,0x0000,0x0000,0x0000,0x0000,0x0000,0x0000,0x0000,0x0000,0x0000,0x0000,0x0000,0x0000,0x0000,
  0x0000,0x0000,0x0000,0x0000,0x0000,0x0000,0x0000,0x0000,0x0000,0x0000,0x0000,0x0000,0x0000,0x0000,0x0000,0x0000,
  0x0000,0x0000,0x0000,0x0000,0x0000,0x0000,0x0000,0x0000,0x0000,0x0000,0x0000,0x0000,0x0000,0x0000,0x0000,0x0000,
  0x0000,0x0000,0x0000,0x0000,0x0000,0x0000,0x0000,0x0000,0x0000,0x0000,0x0000,0x0000,0x0000,0x0000,0x0000,0x0000,
  0x0000,0x0000,0x0000,0x0000,0x0000,0x0000,0x0000,0x0000,0x0000,0x0000,0x0000,0x0000,0x0000,0x0000,0x0000,0x0000,
  0x0000,0x0000,0x0000,0x0000,0x0000,0x0000,0x0000,0x0000,0x0000,0x0000,0x0000,0x0000,0x0000,0x0000,0x0000,0x0000,
  0x0000,0x0000,0x0000,0x0000,0x0000,0x0000,0x0000,0x0000,0x0000,0x0000,0x0000,0x0000,0x0000,0x0000,0x0000,0x0000,
  0x0000,0x0000,0x0000,0x0000,0x0000,0x0000,0x0000,0x0000,0x0000,0x0000,0x0000,0x0000,0x0000,0x0000,0x0000,0x0000,
  0x0000,0x0000,0x0000,0x0000,0x0000,0x0000,0x0000,0x0000,0x0000,0x0000,0x0000,0x0000,0x0000,0x0000,0x0000,0x0000,
  0x0000,0x0000,0x0000,0x0000,0x0000,0x0000,0x0000,0x0000,0x0000,0x0000,0x0000,0x0000,0x0000,0x0000,0x0000,0x0000,
  0x0000,0x0000,0x0000,0x0000,0x0000,0x0000,0x0000,0x0000,0x0000,0x0000,0x0000,0x0000,0x0000,0x0000,0x0000,0x0000,
  0x0000,0x0000,0x0000,0x0000,0x0000,0x0000,0x0000,0x0000,0x0000,0x0000,0x0000,0x0000,0x0000,0x0000,0x0000,0x0000,
  0x0000,0x0000,0x0000,0x0000,0x0000,0x0000,0x0000,0x0000,0x0000,0x0000,0x0000,0x0000,0x0000,0x0000,0x0000,0x0000,
  0x0000,0x0000,0x0000,0x0000,0x0000,0x0000,0x0000,0x0000,0x0000,0x0000,0x0000,0x0000,0x0000,0x0000,0x0000,0x0000,
  0x0000,0x0000,0x0000,0x0000,0x0000,0x0000,0x0000,0x0000,0x0000,0x0000,0x0000,0x0000,0x0000,0x0000,0x0000,0x0000,
  0x0000,0x0000,0x0000,0x0000,0x0000,0x0000,0x0000,0x0000,0x0000,0x0000,0x0000,0x0000,0x0000,0x0000,0x0000,0x0000,
  0x0000,0x0000,0x0000,0x0000,0x0000,0x0000,0x0000,0x0000,0x0000,0x0000,0x0000,0x0000,0x0000,0x0000,0x0000,0x0000,
  0x0000,0x0000,0x0000,0x0000,0x0000,0x0000,0x0000,0x0000,0x0000,0x0000,0x0000,0x0000,0x0000,0x0000,0x0000,0x0000,
  0x0000,0x0000,0x0000,0x0000,0x0000,0x0000,0x0000,0x0000,0x0000,0x0000,0x0000,0x0000,0x0000,0x0000,0x0000,0x0000,
  0x0000,0x0000,0x0000,0x0000,0x0000,0x0000,0x0000,0x0000,0x0000,0x0000,0x0000,0x0000,0x0000,0x0000,0x0000,0x0000,
  0x0000,0x0000,0x0000,0x0000,0x0000,0x0000,0x0000,0x0000,0x0000,0x0000,0x0000,0x0000,0x0000,0x0000,0x0000,0x0000,
  0x0000,0x0000,0x0000,0x0000,0x0000,0x0000,0x0000,0x0000,0x0000,0x0000,0x0000,0x0000,0x0000,0x0000,0x0000,0x0000,
  0x0000,0x0000,0x0000,0x0000,0x0000,0x0000,0x0000,0x0000,0x0000,0x0000,0x0000,0x0000,0x0000,0x0000,0x0000,0x0000,
  0x0000,0x0000,0x0000,0x0000,0x0000,0x0000,0x0000,0x0000,0x0000,0x0000,0x0000,0x0000,0x0000,0x0000,0x0000,0x0000,
  0x0000,0x0000,0x0000,0x0000,0x0000,0x0000,0x0000,0x0000,0x0000,0x0000,0x0000,0x0000,0x0000,0x0000,0x0000,0x0000,
  0x0000,0x0000,0x0000,0x0000,0x0000,0x0000,0x0000,0x0000,0x0000,0x0000,0x0000,0x0000,0x0000,0x0000,0x0000,0x0000,
  0x0000,0x0000,0x0000,0x0000,0x0000,0x0000,0x0000,0x0000,0x0000,0x0000,0x0000,0x0000,0x0000,0x0000,0x0000,0x0000,
  0x0000,0x0000,0x0000,0x0020,0x0861,0x0841,0x0841,0x0841,0x0841,0x0841,0x0841,0x0841,0x0841,0x0841,0x0841,0x0841,
  0x0841,0x0841,0x0841,0x0841,0x0841,0x0841,0x0841,0x0841,0x0841,0x0841,0x0841,0x0841,0x0841,0x0841,0x0841,0x0841,
  0x0841,0x0841,0x0841,0x0841,0x0841,0x0841,0x0841,0x0841,0x0841,0x0841,0x0841,0x0841,0x0841,0x0841,0x0841,0x0841,
  0x0841,0x0841,0x0841,0x0841,0x0841,0x0841,0x0841,0x0841,0x0841,0x0841,0x0841,0x0841,0x0841,0x0841,0x0841,0x0000,
  0x0000,0x0000,0x0000,0x0000,0x0000,0x0000,0x0000,0x0000,0x0000,0x0000,0x0000,0x0000,0x0000,0x0000,0x0000,0x0000,
  0x0000,0x0000,0x0000,0x0000,0x0000,0x0000,0x0000,0x1082,0x630C,0x738E,0x738E,0x738E,0x738E,0x738E,0x738E,0x738E,
  0x738E,0x738E,0x738E,0x738E,0x738E,0x738E,0x738E,0x738E,0x738E,0x738E,0x738E,0x738E,0x738E,0x738E,0x738E,0x738E,
  0x738E,0x738E,0x738E,0x738E,0x738E,0x738E,0x738E,0x738E,0x738E,0x738E,0x738E,0x738E,0x738E,0x738E,0x738E,0x738E,
  0x738E,0x738E,0x738E,0x738E,0x738E,0x738E,0x738E,0x738E,0x738E,0x738E,0x738E,0x738E,0x738E,0x738E,0x738E,0x738E,
  0x738E,0x738E,0x738E,0x738E,0x738E,0x632C,0x18C3,0x0000,0x0000,0x0000,0x0000,0x0000,0x0000,0x0000,0x0000,0x0000,
  0x0000,0x0000,0x0000,0x0000,0x0000,0x0000,0x0000,0x0000,0x0000,0x0000,0x0000,0x0000,0x1082,0x7BCF,0x4228,0x1082,
  0x0861,0x0841,0x0841,0x0841,0x0841,0x0841,0x0841,0x0841,0x0841,0x0841,0x0841,0x0841,0x0841,0x0841,0x0841,0x0841,
  0x0841,0x0841,0x0841,0x0841,0x0841,0x0841,0x0841,0x0841,0x0841,0x0841,0x0841,0x0841,0x0841,0x0841,0x0841,0x0841,
  0x0841,0x0841,0x0841,0x0841,0x0841,0x0841,0x0841,0x0841,0x0841,0x0841,0x0841,0x0841,0x0841,0x0841,0x0841,0x0841,
  0x0841,0x0841,0x0841,0x0841,0x0841,0x0841,0x0841,0x0841,0x0841,0x0861,0x0861,0x39E7,0x7BEF,0x18E3,0x0000,0x0000,
  0x0000,0x0000,0x0000,0x0000,0x0000,0x0000,0x0000,0x0000,0x0000,0x0000,0x0000,0x0000,0x0000,0x0000,0x0000,0x0000,
  0x0000,0x0000,0x5AEB,0x4228,0x0000,0x0000,0x0000,0x0000,0x0000,0x0000,0x0000,0x0000,0x0000,0x0000,0x0000,0x0000,
  0x0000,0x0000,0x0000,0x0000,0x0000,0x0000,0x0000,0x0000,0x0000,0x0000,0x0000,0x0000,0x0000,0x0000,0x0000,0x0000,
  0x0000,0x0000,0x0000,0x0000,0x0000,0x0000,0x0000,0x0000,0x0000,0x0000,0x0000,0x0000,0x0000,0x0000,0x0000,0x0000,
  0x0000,0x0000,0x0000,0x0000,0x0000,0x0000,0x0000,0x0000,0x0000,0x0000,0x0000,0x0000,0x0000,0x0000,0x0000,0x0000,
  0x0000,0x0000,0x31A6,0x6B6D,0x0000,0x0000,0x0000,0x0000,0x0000,0x0000,0x0000,0x0000,0x0000,0x0000,0x0000,0x0000,
  0x0000,0x0000,0x0000,0x0000,0x0000,0x0000,0x0000,0x0020,0x738E,0x0861,0x0000,0x0000,0x0000,0x0000,0x0000,0x0000,
  0x0000,0x0000,0x0000,0x0000,0x0000,0x0000,0x0000,0x0000,0x0000,0x0000,0x0000,0x0000,0x0000,0x0000,0x0000,0x0000,
  0x0000,0x0000,0x0000,0x0000,0x0000,0x0000,0x0000,0x0000,0x0000,0x0000,0x0000,0x0000,0x0000,0x0000,0x0000,0x0000,
  0x0000,0x0000,0x0000,0x0000,0x0000,0x0000,0x0000,0x0000,0x0000,0x0000,0x0000,0x0000,0x0000,0x0000,0x0000,0x0000,
  0x0000,0x0000,0x0000,0x0000,0x0000,0x0000,0x0000,0x0000,0x0000,0x738E,0x1082,0x0000,0x0000,0x0000,0x0000,0x0000,
  0x0000,0x0000,0x0000,0x0000,0x0000,0x0000,0x0000,0x0000,0x0000,0x0000,0x0000,0x0000,0x0000,0x0861,0x6B6D,0x0841,
  0x0000,0x0000,0x0000,0x0000,0x0000,0x0000,0x0000,0x0000,0x0000,0x0000,0x0000,0x0000,0x0000,0x0000,0x0000,0x0000,
  0x0000,0x0000,0x0000,0x0000,0x0000,0x0000,0x0000,0x0000,0x0000,0x0000,0x0000,0x0000,0x0000,0x0000,0x0000,0x0000,
  0x0000,0x0000,0x0000,0x0000,0x0000,0x0000,0x0000,0x0000,0x0000,0x0000,0x0000,0x0000,0x0000,0x0000,0x0000,0x0000,
  0x0000,0x0000,0x0000,0x0000,0x0000,0x0000,0x0000,0x0000,0x0000,0x0000,0x0000,0x0000,0x0000,0x0000,0x0000,0x6B6D,
  0x18C3,0x0000,0x0000,0x0000,0x0000,0x0000,0x0000,0x0000,0x0000,0x0000,0x0000,0x0000,0x0000,0x0000,0x0000,0x0000,
  0x0000,0x0000,0x0000,0x0841,0x738E,0x0841,0x0000,0x0000,0x0000,0x0000,0x0000,0x0000,0x0000,0x0000,0x0000,0x0000,
  0x0000,0x0000,0x0000,0x0000,0x0000,0x0000,0x0000,0x0000,0x0000,0x0000,0x0000,0x0000,0x0000,0x0000,0x0000,0x0000,
  0x0000,0x0000,0x0000,0x0000,0x0000,0x0000,0x0000,0x0000,0x0000,0x0000,0x0000,0x0000,0x0000,0x0000,0x0000,0x0000,
  0x0000,0x0000,0x0000,0x0000,0x0000,0x0000,0x0000,0x0000,0x0000,0x0000,0x0000,0x0000,0x0000,0x0000,0x0000,0x0000,
  0x0000,0x0000,0x0000,0x0000,0x0000,0x6B6D,0x18C3,0x0000,0x0000,0x0000,0x0000,0x0000,0x0000,0x0000,0x0000,0x0000,
  0x0000,0x0000,0x0000,0x0000,0x0000,0x0000,0x0000,0x0000,0x0000,0x0841,0x738E,0x0841,0x0000,0x0000,0x0000,0x0000,
  0x0000,0x0000,0x0000,0x0000,0x0000,0x0000,0x0000,0x0000,0x0000,0x0000,0x0000,0x0000,0x0000,0x0000,0x0000,0x0000,
  0x0000,0x0000,0x0000,0x0000,0x0000,0x0000,0x0000,0x0000,0x0000,0x0000,0x0000,0x0000,0x0000,0x0000,0x0000,0x0000,
  0x0000,0x0000,0x0000,0x0000,0x0000,0x0000,0x0000,0x0000,0x0000,0x0000,0x0000,0x0000,0x0000,0x0000,0x0000,0x0000,
  0x0000,0x0000,0x0000,0x0000,0x0000,0x0000,0x0000,0x0000,0x0000,0x0000,0x0000,0x6B6D,0x18C3,0x0000,0x0000,0x0000,
  0x0000,0x0000,0x0000,0x0000,0x0000,0x0000,0x0000,0x0000,0x0000,0x0000,0x0000,0x0000,0x0000,0x0000,0x0000,0x0841,
  0x738E,0x0841,0x0000,0x0000,0x0000,0x0000,0x0000,0x0000,0x0000,0x0000,0x0000,0x0000,0x0000,0x0000,0x0000,0x0000,
  0x0000,0x0000,0x0000,0x0000,0x0000,0x0000,0x0000,0x0000,0x0000,0x0000,0x0000,0x0000,0x0000,0x0000,0x0000,0x0000,
  0x0000,0x0000,0x0000,0x0000,0x0000,0x0000,0x0000,0x0000,0x0000,0x0000,0x0000,0x0000,0x0000,0x0000,0x0000,0x0000,
  0x0000,0x0000,0x0000,0x0000,0x0000,0x0000,0x0000,0x0000,0x0000,0x0000,0x0000,0x0000,0x0000,0x0000,0x0000,0x0000,
  0x0000,0x6B6D,0x18C3,0x0000,0x0000,0x0000,0x0000,0x0000,0x0000,0x0000,0x0000,0x0000,0x0000,0x0000,0x0000,0x0000,
  0x0000,0x0000,0x0000,0x0000,0x0000,0x0841,0x738E,0x0841,0x0000,0x0000,0x0000,0x0000,0x0000,0x0000,0x0000,0x0000,
  0x0000,0x0000,0x0000,0x0000,0x0000,0x0000,0x0000,0x0000,0x0000,0x0000,0x0000,0x0000,0x0000,0x0000,0x0000,0x0000,
  0x0000,0x0000,0x0000,0x0000,0x0000,0x0000,0x0000,0x0000,0x0000,0x0000,0x0000,0x0000,0x0000,0x0000,0x0000,0x0000,
  0x0000,0x0000,0x0000,0x0000,0x0000,0x0000,0x0000,0x0000,0x0000,0x0000,0x0000,0x0000,0x0000,0x0000,0x0000,0x0000,
  0x0000,0x0000,0x0000,0x0000,0x0000,0x0000,0x0000,0x6B6D,0x18C3,0x0000,0x0000,0x0000,0x0000,0x0000,0x0000,0x0000,
  0x0000,0x0000,0x0000,0x0000,0x0000,0x0000,0x0000,0x0000,0x0000,0x0000,0x0000,0x0841,0x738E,0x0841,0x0000,0x0000,
  0x0000,0x0000,0x0000,0x0000,0x0000,0x0000,0x0000,0x0000,0x0000,0x0000,0x0000,0x0000,0x0000,0x0000,0x0000,0x0000,
  0x0000,0x0000,0x0000,0x0000,0x0000,0x0000,0x0000,0x0000,0x0000,0x0000,0x0000,0x0000,0x0000,0x0000,0x0000,0x0000,
  0x0000,0x0000,0x0000,0x0000,0x0000,0x0000,0x0000,0x0000,0x0000,0x0000,0x0000,0x0000,0x0000,0x0000,0x0000,0x0000,
  0x0000,0x0000,0x0000,0x0000,0x0000,0x0000,0x0000,0x0000,0x0000,0x0000,0x0000,0x0000,0x0000,0x6B6D,0x18C3,0x0000,
  0x0000,0x0000,0x0000,0x0000,0x0000,0x0000,0x0000,0x0000,0x0000,0x0000,0x0000,0x0000,0x0000,0x0000,0x0000,0x0000,
  0x0000,0x0841,0x738E,0x0841,0x0000,0x0000,0x0000,0x0000,0x0000,0x0000,0x0000,0x0000,0x0000,0x0000,0x0000,0x0000,
  0x0000,0x0000,0x0000,0x0000,0x0000,0x0000,0x0000,0x0000,0x0000,0x0000,0x0000,0x0000,0x0000,0x0000,0x0000,0x0000,
  0x0000,0x0000,0x0000,0x0000,0x0000,0x0000,0x0000,0x0000,0x0000,0x0000,0x0000,0x0000,0x0000,0x0000,0x0000,0x0000,
  0x0020,0x0020,0x0000,0x0000,0x0000,0x0000,0x0000,0x0000,0x0000,0x0000,0x0000,0x0000,0x0000,0x0000,0x0000,0x0000,
  0x0000,0x0000,0x0000,0x6B6D,0x18C3,0x0000,0x0000,0x0000,0x0000,0x0000,0x0000,0x0000,0x0000,0x0000,0x0000,0x0000,
  0x0000,0x0000,0x0000,0x0000,0x0000,0x0000,0x0000,0x0841,0x738E,0x0841,0x0000,0x0000,0x0000,0x0000,0x0000,0x0000,
  0x0000,0x0000,0x0000,0x0000,0x0000,0x0000,0x0000,0x0000,0x0000,0x0000,0x7BCF,0xAD75,0x9CF3,0x94B2,0x9CF3,0xAD75,
  0x73AE,0x0000,0x18C3,0x9CD3,0x94B2,0x0861,0x0000,0x0000,0x2945,0xA534,0x73AE,0x0000,0x0000,0x2104,0xA514,0x10A2,
  0x31A6,0xA534,0x2104,0x0000,0x0000,0x8410,0x8C71,0x1082,0x0000,0x0000,0x0000,0x0000,0x0000,0x0000,0x0000,0x0000,
  0x0000,0x0000,0x0000,0x0000,0x0000,0x0000,0x0000,0x0000,0x0000,0x6B6D,0x18C3,0x0000,0x0000,0x0000,0x0000,0x0000,
  0x0000,0x0000,0x0000,0x0000,0x0000,0x0000,0x0000,0x0000,0x0000,0x0000,0x0000,0x0000,0x0000,0x0841,0x738E,0x0841,
  0x0000,0x0000,0x0000,0x0000,0x0000,0x0000,0x0000,0x0000,0x0000,0x0000,0x0000,0x0000,0x0000,0x0000,0x0000,0x0000,
  0x31A6,0x4A49,0x6B4D,0xC638,0x632C,0x4A49,0x31A6,0x0000,0x5ACB,0xB5B6,0xB5B6,0x4A49,0x0000,0x0000,0x3186,0xC618,
  0xC618,0x39C7,0x0000,0x2945,0xC638,0x18C3,0x39E7,0xCE79,0x2104,0x0000,0x8C51,0xB5B6,0x2124,0x0000,0x0000,0x0000,
  0x0000,0x0000,0x0000,0x0000,0x0000,0x0000,0x0000,0x0000,0x0000,0x0000,0x0000,0x0000,0x0000,0x0000,0x0000,0x6B6D,
  0x18C3,0x0000,0x0000,0x0000,0x0000,0x0000,0x0000,0x0000,0x0000,0x0000,0x0000,0x0000,0x0000,0x0000,0x0000,0x0000,
  0x0000,0x0000,0x0000,0x0841,0x738E,0x0841,0x0000,0x0000,0x0000,0x0000,0x0000,0x0000,0x0000,0x0000,0x0000,0x0000,
  0x0000,0x0000,0x0000,0x0000,0x0000,0x0000,0x0000,0x0000,0x2965,0xC638,0x2124,0x0000,0x0000,0x0000,0xA514,0x6B4D,
  0x73AE,0x94B2,0x0000,0x0000,0x3186,0xAD75,0x8C51,0xA514,0x0000,0x2124,0xBDF7,0x18C3,0x39E7,0xC638,0x18E3,0x73AE,
  0xB596,0x18E3,0x0000,0x0000,0x0000,0x0000,0x0000,0x0000,0x0000,0x0000,0x0000,0x0000,0x0000,0x0000,0x0000,0x0000,
  0x0000,0x0000,0x0000,0x0000,0x0000,0x6B6D,0x18C3,0x0000,0x0000,0x0000,0x0000,0x0000,0x0000,0x0000,0x0000,0x0000,
  0x0000,0x0000,0x0000,0x0000,0x0000,0x0000,0x0000,0x0000,0x0000,0x0841,0x738E,0x0841,0x0000,0x0000,0x0000,0x0000,
  0x0000,0x0000,0x0000,0x0000,0x0000,0x0000,0x0000,0x0000,0x0000,0x0000,0x0000,0x0000,0x0020,0x0000,0x39C7,0xC638,
  0x3186,0x0000,0x0000,0x2104,0xC618,0x10A2,0x2104,0xBDF7,0x18C3,0x0000,0x3186,0xBDD7,0x2945,0xB5B6,0x4A49,0x18C3,
  0xC618,0x18C3,0x39E7,0xBDF7,0x9CD3,0xD69A,0x4A49,0x0000,0x0020,0x0000,0x0000,0x0000,0x0000,0x0000,0x0000,0x0000,
  0x0000,0x0000,0x0000,0x0000,0x0000,0x0000,0x0000,0x0000,0x0000,0x0000,0x0000,0x6B6D,0x18C3,0x0000,0x0000,0x0000,
  0x0000,0x0000,0x0000,0x0000,0x0000,0x0000,0x0000,0x0000,0x0000,0x0000,0x0000,0x0000,0x0000,0x0000,0x0000,0x0841,
  0x738E,0x0841,0x0000,0x0000,0x0000,0x0000,0x0000,0x0000,0x0000,0x0000,0x0000,0x0000,0x0000,0x0000,0x0000,0x0000,
  0x0000,0x0000,0x0000,0x0000,0x31A6,0xC638,0x3186,0x0000,0x0000,0x632C,0xBDF7,0x4A69,0x528A,0xBDF7,0x5ACB,0x0000,
  0x31A6,0xC618,0x0861,0x528A,0xB596,0x3186,0xBDF7,0x18C3,0x39E7,0xCE59,0x7BCF,0x73AE,0xBDD7,0x18E3,0x0000,0x0000,
  0x0000,0x0000,0x0000,0x0000,0x0000,0x0000,0x0000,0x0000,0x0000,0x0000,0x0000,0x0000,0x0000,0x0000,0x0000,0x0000,
  0x0000,0x6B6D,0x18C3,0x0000,0x0000,0x0000,0x0000,0x0000,0x0000,0x0000,0x0000,0x0000,0x0000,0x0000,0x0000,0x0000,
  0x0000,0x0000,0x0000,0x0000,0x0000,0x0841,0x738E,0x0841,0x0000,0x0000,0x0000,0x0000,0x0000,0x0000,0x0000,0x0000,
  0x0000,0x0000,0x0000,0x0000,0x0000,0x0000,0x0000,0x0000,0x0000,0x0000,0x31A6,0xC638,0x3186,0x0000,0x0020,0x9CF3,
  0xAD55,0x9CD3,0x9CD3,0xAD75,0x94B2,0x0000,0x3186,0xBDF7,0x18C3,0x0000,0xA534,0x8C71,0xB596,0x18E3,0x39E7,0xC638,
  0x18C3,0x0000,0xA534,0xA534,0x0020,0x0000,0x0000,0x0000,0x0000,0x0000,0x0000,0x0000,0x0000,0x0000,0x0000,0x0000,
  0x0000,0x0000,0x0000,0x0000,0x0000,0x0000,0x0000,0x6B6D,0x18C3,0x0000,0x0000,0x0000,0x0000,0x0000,0x0000,0x0000,
  0x0000,0x0000,0x0000,0x0000,0x0000,0x0000,0x0000,0x0000,0x0000,0x0000,0x0000,0x0841,0x738E,0x0841,0x0000,0x0000,
  0x0000,0x0000,0x0000,0x0000,0x0000,0x0000,0x0000,0x0000,0x0000,0x0000,0x0000,0x0000,0x0000,0x0000,0x0000,0x0000,
  0x39C7,0xD69A,0x31A6,0x0000,0x39C7,0xCE79,0x31A6,0x0000,0x0000,0x39E7,0xD69A,0x2104,0x2945,0xCE59,0x2104,0x0000,
  0x4208,0xCE59,0xC638,0x18E3,0x4208,0xD69A,0x2945,0x0000,0x18E3,0xBDF7,0x8C51,0x0020,0x0000,0x0000,0x0000,0x0000,
  0x0000,0x0000,0x0000,0x0000,0x0000,0x0000,0x0000,0x0000,0x0000,0x0000,0x0000,0x0000,0x0000,0x6B6D,0x18C3,0x0000,
  0x0000,0x0000,0x0000,0x0000,0x0000,0x0000,0x0000,0x0000,0x0000,0x0000,0x0000,0x0000,0x0000,0x0000,0x0000,0x0000,
  0x0000,0x0841,0x738E,0x0841,0x0000,0x0000,0x0000,0x0000,0x0000,0x0000,0x0000,0x0000,0x0000,0x0000,0x0000,0x0000,
  0x0000,0x0000,0x0000,0x0000,0x0000,0x0000,0x2945,0x9492,0x2124,0x0000,0x52AA,0x8430,0x0020,0x0000,0x0000,0x0841,
  0x8C51,0x4208,0x18C3,0x8C71,0x10A2,0x0000,0x0000,0x6B6D,0x9492,0x1082,0x2965,0x9492,0x18C3,0x0000,0x0000,0x39C7,
  0x9CD3,0x31A6,0x0000,0x0000,0x0000,0x0000,0x0000,0x0000,0x0000,0x0000,0x0000,0x0000,0x0000,0x0000,0x0000,0x0000,
  0x0000,0x0000,0x0000,0x6B6D,0x18C3,0x0000,0x0000,0x0000,0x0000,0x0000,0x0000,0x0000,0x0000,0x0000,0x0000,0x0000,
  0x0000,0x0000,0x0000,0x0000,0x0000,0x0000,0x0000,0x0841,0x738E,0x0841,0x0000,0x0000,0x0000,0x0000,0x0000,0x0000,
  0x0000,0x0000,0x0000,0x0000,0x0000,0x0000,0x0000,0x0000,0x0000,0x0000,0x0000,0x0000,0x0000,0x0000,0x0000,0x0000,
  0x0000,0x0000,0x0000,0x0000,0x0000,0x0000,0x0000,0x0000,0x0000,0x0000,0x0000,0x0000,0x0000,0x0000,0x0000,0x0000,
  0x0000,0x0000,0x0000,0x0000,0x0000,0x0000,0x0000,0x0000,0x0000,0x0000,0x0000,0x0000,0x0000,0x0000,0x0000,0x0000,
  0x0000,0x0000,0x0000,0x0000,0x0000,0x0000,0x0000,0x0000,0x0000,0x6B6D,0x18C3,0x0000,0x0000,0x0000,0x0000,0x0000,
  0x0000,0x0000,0x0000,0x0000,0x0000,0x0000,0x0000,0x0000,0x0000,0x0000,0x0000,0x0000,0x0000,0x0841,0x738E,0x0841,
  0x0000,0x0000,0x0000,0x0000,0x0000,0x0000,0x0000,0x0000,0x0000,0x0000,0x0000,0x0000,0x0000,0x0000,0x0000,0x0000,
  0x0000,0x0000,0x0000,0x0000,0x0000,0x0000,0x0000,0x0000,0x0000,0x0000,0x0000,0x0000,0x0000,0x0000,0x0000,0x0000,
  0x0000,0x0000,0x0000,0x0000,0x0000,0x0000,0x0000,0x0000,0x0000,0x0000,0x0000,0x0000,0x0000,0x0000,0x0000,0x0000,
  0x0000,0x0000,0x0000,0x0000,0x0000,0x0000,0x0000,0x0000,0x0000,0x0000,0x0000,0x0000,0x0000,0x0000,0x0000,0x6B6D,
  0x18C3,0x0000,0x0000,0x0000,0x0000,0x0000,0x0000,0x0000,0x0000,0x0000,0x0000,0x0000,0x0000,0x0000,0x0000,0x0000,
  0x0000,0x0000,0x0000,0x0841,0x738E,0x0841,0x0000,0x0000,0x0000,0x0000,0x0000,0x0000,0x0000,0x0000,0x0000,0x0000,
  0x0000,0x0000,0x0000,0x0000,0x0000,0x0000,0x0000,0x0000,0x0000,0x0000,0x0000,0x0000,0x0000,0x0000,0x0000,0x0000,
  0x0000,0x0000,0x0000,0x0000,0x0000,0x0000,0x0000,0x0000,0x0000,0x0000,0x0000,0x0000,0x0000,0x0000,0x0000,0x0000,
  0x0000,0x0000,0x0000,0x0000,0x0000,0x0000,0x0000,0x0000,0x0000,0x0000,0x0000,0x0000,0x0000,0x0000,0x0000,0x0000,
  0x0000,0x0000,0x0000,0x0000,0x0000,0x6B6D,0x18C3,0x0000,0x0000,0x0000,0x0000,0x0000,0x0000,0x0000,0x0000,0x0000,
  0x0000,0x0000,0x0000,0x0000,0x0000,0x0000,0x0000,0x0000,0x0000,0x0841,0x738E,0x0841,0x0000,0x0000,0x0000,0x0000,
  0x0000,0x0000,0x0000,0x0000,0x0000,0x0000,0x0000,0x0000,0x0000,0x0000,0x0000,0x0000,0x0000,0x0000,0x0000,0x0000,
  0x0000,0x0000,0x0000,0x0000,0x0000,0x0000,0x0000,0x0000,0x0000,0x0000,0x0000,0x0000,0x0000,0x0000,0x0000,0x0000,
  0x0000,0x0000,0x0000,0x0000,0x0000,0x0000,0x0000,0x0000,0x0000,0x0000,0x0000,0x0000,0x0000,0x0000,0x0000,0x0000,
  0x0000,0x0000,0x0000,0x0000,0x0000,0x0000,0x0000,0x0000,0x0000,0x0000,0x0000,0x6B6D,0x18C3,0x0000,0x0000,0x0000,
  0x0000,0x0000,0x0000,0x0000,0x0000,0x0000,0x0000,0x0000,0x0000,0x0000,0x0000,0x0000,0x0000,0x0000,0x0000,0x0841,
  0x738E,0x0841,0x0000,0x0000,0x0000,0x0000,0x0000,0x0000,0x0000,0x0000,0x0000,0x0000,0x0000,0x0000,0x0000,0x0000,
  0x0000,0x0000,0x0000,0x0000,0x0000,0x0000,0x0000,0x0000,0x0000,0x0000,0x0000,0x0000,0x0000,0x0000,0x0000,0x0000,
  0x0000,0x0000,0x0000,0x0000,0x0000,0x0000,0x0000,0x0000,0x0000,0x0000,0x0000,0x0000,0x0000,0x0000,0x0000,0x0000,
  0x0000,0x0000,0x0000,0x0000,0x0000,0x0000,0x0000,0x0000,0x0000,0x0000,0x0000,0x0000,0x0000,0x0000,0x0000,0x0000,
  0x0000,0x6B6D,0x18C3,0x0000,0x0000,0x0000,0x0000,0x0000,0x0000,0x0000,0x0000,0x0000,0x0000,0x0000,0x0000,0x0000,
  0x0000,0x0000,0x0000,0x0000,0x0000,0x0841,0x738E,0x0841,0x0000,0x0000,0x0000,0x0000,0x0000,0x0000,0x0000,0x0000,
  0x0000,0x0000,0x0000,0x0000,0x0000,0x0000,0x0000,0x0000,0x0000,0x0000,0x0000,0x0000,0x0000,0x0000,0x0000,0x0000,
  0x0000,0x0000,0x0000,0x0000,0x0000,0x0000,0x0000,0x0000,0x0000,0x0000,0x0000,0x0000,0x0000,0x0000,0x0000,0x0000,
  0x0000,0x0000,0x0000,0x0000,0x0000,0x0000,0x0000,0x0000,0x0000,0x0000,0x0000,0x0000,0x0000,0x0000,0x0000,0x0000,
  0x0000,0x0000,0x0000,0x0000,0x0000,0x0000,0x0000,0x6B6D,0x18C3,0x0000,0x0000,0x0000,0x0000,0x0000,0x0000,0x0000,
  0x0000,0x0000,0x0000,0x0000,0x0000,0x0000,0x0000,0x0000,0x0000,0x0000,0x0000,0x0861,0x6B6D,0x0841,0x0000,0x0000,
  0x0000,0x0000,0x0000,0x0000,0x0000,0x0000,0x0000,0x0000,0x0000,0x0000,0x0000,0x0000,0x0000,0x0000,0x0000,0x0000,
  0x0000,0x0000,0x0000,0x0000,0x0000,0x0000,0x0000,0x0000,0x0000,0x0000,0x0000,0x0000,0x0000,0x0000,0x0000,0x0000,
  0x0000,0x0000,0x0000,0x0000,0x0000,0x0000,0x0000,0x0000,0x0000,0x0000,0x0000,0x0000,0x0000,0x0000,0x0000,0x0000,
  0x0000,0x0000,0x0000,0x0000,0x0000,0x0000,0x0000,0x0000,0x0000,0x0000,0x0000,0x0000,0x0000,0x6B6D,0x18C3,0x0000,
  0x0000,0x0000,0x0000,0x0000,0x0000,0x0000,0x0000,0x0000,0x0000,0x0000,0x0000,0x0000,0x0000,0x0000,0x0000,0x0000,
  0x0000,0x0841,0x738E,0x0861,0x0000,0x0000,0x0000,0x0000,0x0000,0x0000,0x0000,0x0000,0x0000,0x0000,0x0000,0x0000,
  0x0000,0x0000,0x0000,0x0000,0x0000,0x0000,0x0000,0x0000,0x0000,0x0000,0x0000,0x0000,0x0000,0x0000,0x0000,0x0000,
  0x0000,0x0000,0x0000,0x0000,0x0000,0x0000,0x0000,0x0000,0x0000,0x0000,0x0000,0x0000,0x0000,0x0000,0x0000,0x0000,
  0x0000,0x0000,0x0000,0x0000,0x0000,0x0000,0x0000,0x0000,0x0000,0x0000,0x0000,0x0000,0x0000,0x0000,0x0000,0x0000,
  0x0000,0x0000,0x0000,0x738E,0x10A2,0x0000,0x0000,0x0000,0x0000,0x0000,0x0000,0x0000,0x0000,0x0000,0x0000,0x0000,
  0x0000,0x0000,0x0000,0x0000,0x0000,0x0000,0x0000,0x0000,0x632C,0x39C7,0x0000,0x0000,0x0000,0x0000,0x0000,0x0000,
  0x0000,0x0000,0x0000,0x0000,0x0000,0x0000,0x0000,0x0000,0x0000,0x0000,0x0000,0x0000,0x0000,0x0000,0x0000,0x0000,
  0x0000,0x0000,0x0000,0x0000,0x0000,0x0000,0x0000,0x0000,0x0000,0x0000,0x0000,0x0000,0x0000,0x0000,0x0000,0x0000,
  0x0000,0x0000,0x0000,0x0000,0x0000,0x0000,0x0000,0x0000,0x0000,0x0000,0x0000,0x0000,0x0000,0x0000,0x0000,0x0000,
  0x0000,0x0000,0x0000,0x0000,0x0000,0x0000,0x0000,0x0000,0x2945,0x738E,0x0000,0x0000,0x0000,0x0000,0x0000,0x0000,
  0x0000,0x0000,0x0000,0x0000,0x0000,0x0000,0x0000,0x0000,0x0000,0x0000,0x0000,0x0000,0x0000,0x0000,0x18C3,0x7BEF,
  0x31A6,0x0020,0x0000,0x0000,0x0000,0x0000,0x0000,0x0000,0x0000,0x0000,0x0000,0x0000,0x0000,0x0000,0x0000,0x0000,
  0x0000,0x0000,0x0000,0x0000,0x0000,0x0000,0x0000,0x0000,0x0000,0x0000,0x0000,0x0000,0x0000,0x0000,0x0000,0x0000,
  0x0000,0x0000,0x0000,0x0000,0x0000,0x0000,0x0000,0x0000,0x0000,0x0000,0x0000,0x0000,0x0000,0x0000,0x0000,0x0000,
  0x0000,0x0000,0x0000,0x0000,0x0000,0x0000,0x0000,0x0000,0x0000,0x0000,0x0000,0x0000,0x0020,0x2945,0x7BEF,0x2945,
  0x0000,0x0000,0x0000,0x0000,0x0000,0x0000,0x0000,0x0000,0x0000,0x0000,0x0000,0x0000,0x0000,0x0000,0x0000,0x0000,
  0x0000,0x0000,0x0000,0x0000,0x0000,0x18E3,0x6B6D,0x738E,0x6B6D,0x6B6D,0x6B6D,0x6B6D,0x6B6D,0x6B6D,0x6B6D,0x6B6D,
  0x6B6D,0x6B6D,0x6B6D,0x6B6D,0x6B6D,0x6B6D,0x6B6D,0x6B6D,0x6B6D,0x6B6D,0x6B6D,0x6B6D,0x6B6D,0x6B6D,0x6B6D,0x6B6D,
  0x6B6D,0x6B6D,0x6B6D,0x6B6D,0x6B6D,0x6B6D,0x6B6D,0x6B6D,0x6B6D,0x6B6D,0x6B6D,0x6B6D,0x6B6D,0x6B6D,0x6B6D,0x6B6D,
  0x6B6D,0x6B6D,0x6B6D,0x6B6D,0x6B6D,0x6B6D,0x6B6D,0x6B6D,0x6B6D,0x6B6D,0x6B6D,0x6B6D,0x6B6D,0x6B6D,0x6B6D,0x6B6D,
  0x6B6D,0x6B6D,0x738E,0x738E,0x2945,0x0000,0x0000,0x0000,0x0000,0x0000,0x0000,0x0000,0x0000,0x0000,0x0000,0x0000,
  0x0000,0x0000,0x0000,0x0000,0x0000,0x0000,0x0000,0x0000,0x0000,0x0000,0x0000,0x0000,0x0000,0x10A2,0x18C3,0x18C3,
  0x18C3,0x18C3,0x18C3,0x18C3,0x18C3,0x18C3,0x18C3,0x18C3,0x18C3,0x18C3,0x18C3,0x18C3,0x18C3,0x18C3,0x18C3,0x18C3,
  0x18C3,0x18C3,0x18C3,0x18C3,0x18C3,0x18C3,0x18C3,0x18C3,0x18C3,0x18C3,0x18C3,0x18C3,0x18C3,0x18C3,0x18C3,0x18C3,
  0x18C3,0x18C3,0x18C3,0x18C3,0x18C3,0x18C3,0x18C3,0x18C3,0x18C3,0x18C3,0x18C3,0x18C3,0x18C3,0x18C3,0x18C3,0x18C3,
  0x18C3,0x18C3,0x18C3,0x18C3,0x18C3,0x18C3,0x18C3,0x18C3,0x10A2,0x0000,0x0000,0x0000,0x0000,0x0000,0x0000,0x0000,
  0x0000,0x0000,0x0000,0x0000,0x0000,0x0000,0x0000,0x0000,0x0000,0x0000,0x0000,0x0000,0x0000,0x0000,0x0000,0x0000,
  0x0000,0x0000,0x0000,0x0000,0x0000,0x0000,0x0000,0x0000,0x0000,0x0000,0x0000,0x0000,0x0000,0x0000,0x0000,0x0000,
  0x0000,0x0000,0x0000,0x0000,0x0000,0x0000,0x0000,0x0000,0x0000,0x0000,0x0000,0x0000,0x0000,0x0000,0x0000,0x0000,
  0x0000,0x0000,0x0000,0x0000,0x0000,0x0000,0x0000,0x0000,0x0000,0x0000,0x0000,0x0000,0x0000,0x0000,0x0000,0x0000,
  0x0000,0x0000,0x0000,0x0000,0x0000,0x0000,0x0000,0x0000,0x0000,0x0000,0x0000,0x0000,0x0000,0x0000,0x0000,0x0000,
  0x0000,0x0000,0x0000,0x0000,0x0000,0x0000,0x0000,0x0000,0x0000,0x0000,0x0000,0x0000,0x0000,0x0000,0x0000,0x0000,
  0x0000,0x0000,0x0000,0x0000,0x0000,0x0000,0x0000,0x0000,0x0000,0x0000,0x0000,0x0000,0x0000,0x0000,0x0000,0x0000,
  0x0000,0x0000,0x0000,0x0000,0x0000,0x0000,0x0000,0x0000,0x0000,0x0000,0x0000,0x0000,0x0000,0x0000,0x0000,0x0000,
  0x0000,0x0000,0x0000,0x0000,0x0000,0x0000,0x0000,0x0000,0x0000,0x0000,0x0000,0x0000,0x0000,0x0000,0x0000,0x0000,
  0x0000,0x0000,0x0000,0x0000,0x0000,0x0000,0x0000,0x0000,0x0000,0x0000,0x0000,0x0000,0x0000,0x0000,0x0000,0x0000,
  0x0000,0x0000,0x0000,0x0000,0x0000,0x0000,0x0000,0x0000,0x0000,0x0000,0x0000,0x0000,0x0000,0x0000,0x0000,0x0000,
  0x0000,0x0000,0x0000,0x0000,0x0000,0x0000,0x0000,0x0000,0x0000,0x0000,0x0000,0x0000,0x0000,0x0000,0x0000,0x0000,
  0x0000,0x0000,0x0000,0x0000,0x0000,0x0000,0x0000,0x0000,0x0000,0x0000,0x0000,0x0000,0x0000,0x0000,0x0000,0x0000,
  0x0000,0x0000,0x0000,0x0000,0x0000,0x0000,0x0000,0x0000,0x0000,0x0000,0x0000,0x0000,0x0000,0x0000,0x0000,0x0000,
  0x0000,0x0000,0x0000,0x0000,0x0000,0x0000,0x0000,0x0000,0x0000,0x0000,0x0000,0x0000,0x0000,0x0000,0x0000,0x0000,
  0x0000,0x0000,0x0000,0x0000,0x0000,0x0000,0x0000,0x0000,0x0000,0x0000,0x0000,0x0000,0x0000,0x0000,0x0000,0x0000,
  0x0000,0x0000,0x0000,0x0000,0x0000,0x0000,0x0000,0x0000,0x0000,0x0000,0x0000,0x0000,0x0000,0x0000,0x0000,0x0000,
  0x0000,0x0000,0x0000,0x0000,0x0000,0x0000,0x0000,0x0000,0x0000,0x0000,0x0000,0x0000,0x0000,0x0000,0x0000,0x0000,
  0x0000,0x0000,0x0000,0x0000,0x0000,0x0000,0x0000,0x0000,0x0000,0x0000,0x0000,0x0000,0x0000,0x0000,0x0000,0x0000,
  0x0000,0x0000,0x0000,0x0000,0x0000,0x0000,0x0000,0x0000,0x0000,0x0000,0x0000,0x0000,0x0000,0x0000,0x0000,0x0000,
  0x0000,0x0000,0x0000,0x0000,0x0000,0x0000,0x0000,0x0000,0x0000,0x0000,0x0000,0x0000,0x0000,0x0000,0x0000,0x0000,
  0x0000,0x0000,0x0000,0x0000,0x0000,0x0000,0x0000,0x0000,0x0000,0x0000,0x0000,0x0000,0x0000,0x0000,0x0000,0x0000,
  0x0000,0x0000,0x0000,0x0000,0x0000,0x0000,0x0000,0x0000,0x0000,0x0000,0x0000,0x0000,0x0000,0x0000,0x0000,0x0000,
  0x0000,0x0000,0x0000,0x0000,0x0000,0x0000,0x0000,0x0000,0x0000,0x0000,0x0000,0x0000,0x0000,0x0000,0x0000,0x0000,
  0x0000,0x0000,0x0000,0x0000,0x0000,0x0000,0x0000,0x0000,0x0000,0x0000,0x0000,0x0000,0x0000,0x0000,0x0000,0x0000,
  0x0000,0x0000,0x0000,0x0000,0x0000,0x0000,0x0000,0x0000,0x0000,0x0000,0x0000,0x0000,0x0000,0x0000,0x0000,0x0000,
  0x0000,0x0000,0x0000,0x0000,0x0000,0x0000,0x0000,0x0000,0x0000,0x0000,0x0000,0x0000,0x0000,0x0000,0x0000,0x0000,
  0x0000,0x0000,0x0000,0x0000,0x0000,0x0000,0x0000,0x0000,0x0000,0x0000,0x0000,0x0000,0x0000,0x0000,0x0000,0x0000,
  0x0000,0x0000,0x0000,0x0000,0x0000,0x0000,0x0000,0x0000,0x0000,0x0000,0x0000,0x0000,0x0000,0x0000,0x0000,0x0000,
  0x0000,0x0000,0x0000,0x0000,0x0000,0x0000,0x0000,0x0000,0x0000,0x0000,0x0000,0x0000,0x0000,0x0000,0x0000,0x0000,
  0x0000,0x0000,0x0000,0x0000,0x0000,0x0000,0x0000,0x0000,0x0000,0x0000,0x0000,0x0000,0x0000,0x0000,0x0000,0x0000,
  0x0000,0x0000,0x0000,0x0000,0x0000,0x0000,0x0000,0x0000,0x0000,0x0000,0x0000,0x0000,0x0000,0x0000,0x0000,0x0000,
  0x0000,0x0000,0x0000,0x0000,0x0000,0x0000,0x0000,0x0000,0x0000,0x0000,0x0000,0x0000,0x0000,0x0000,0x0000,0x0000,
  0x0000,0x0000,0x0000,0x0000,0x0000,0x0000,0x0000,0x0000,0x0000,0x0000,0x0000,0x0000,0x0000,0x0000,0x0000,0x0000,
  0x0000,0x0000,0x0000,0x0000,0x0000,0x0000,0x0000,0x0000,0x0000,0x0000,0x0000,0x0000,0x0000,0x0000,0x0000,0x0000,
  0x0000,0x0000,0x0000,0x0000,0x0000,0x0000,0x0000,0x0000,0x0000,0x0000,0x0000,0x0000,0x0000,0x0000,0x0000,0x0000,
  0x0000,0x0000,0x0000,0x0000,0x0000,0x0000,0x0000,0x0000,0x0000,0x0000,0x0000,0x0000,0x0000,0x0000,0x0000,0x0000,
  0x0000,0x0000,0x0000,0x0000,0x0000,0x0000,0x0000,0x0000,0x0000,0x0000,0x0000,0x0000,0x0000,0x0000,0x0000,0x0000,
  0x0000,0x0000,0x0000,0x0000,0x0000,0x0000,0x0000,0x0000,0x0000,0x0000,0x0000,0x0000,0x0000,0x0000,0x0000,0x0000,
  0x0000,0x0000,0x0000,0x0000,0x0000,0x0000,0x0000,0x0000,0x0000,0x0000,0x0000,0x0000,0x0000,0x0000,0x0000,0x0000,
  0x0000,0x0000,0x0000,0x0000,0x0000,0x0000,0x0000,0x0000,0x0000,0x0000,0x0000,0x0000,0x0000,0x0000,0x0000,0x0000,
  0x0000,0x0000,0x0000,0x0000,0x0000,0x0000,0x0000,0x0000,0x0000,0x0000,0x0000,0x0000,0x0000,0x0000,0x0000,0x0000,
  0x0000,0x0000,0x0000,0x0000,0x0000,0x0000,0x0000,0x0000,0x0000,0x0000,0x0000,0x0000,0x0000,0x0000,0x0000,0x0000,
  0x0000,0x0000,0x0000,0x0000,0x0000,0x0000,0x0000,0x0000,0x0000,0x0000,0x0000,0x0000,0x0000,0x0000,0x0000,0x0000,
  0x0000,0x0000,0x0000,0x0000,0x0000,0x0000,0x0000,0x0000,0x0000,0x0000,0x0000,0x0000,0x0000,0x0000,0x0000,0x0000,
  0x0000,0x0000,0x0000,0x0000,0x0000,0x0000,0x0000,0x0000,0x0000,0x0000,0x0000,0x0000,0x0000,0x0000,0x0000,0x0000,
  0x0000,0x0000,0x0000,0x0000,0x0000,0x0000,0x0000,0x0000,0x0000,0x0000,0x0000,0x0000,0x0000,0x0000,0x0000,0x0000,
  0x0000,0x0000,0x0000,0x0000,0x0000,0x0000,0x0000,0x0000,0x0000,0x0000,0x0000,0x0000,0x0000,0x0000,0x0000,0x0000,
  0x0000,0x0000,0x0000,0x0000,0x0000,0x0000,0x0000,0x0000,0x0000,0x0000,0x0000,0x0000,
};

